-- MySQL dump 10.14  Distrib 5.5.60-MariaDB, for Linux (x86_64)
--
-- Host: 153.126.149.63    Database: oversea_jobs
-- ------------------------------------------------------
-- Server version	5.5.60-MariaDB

/*!40101 SET @OLD_CHARACTER_SET_CLIENT=@@CHARACTER_SET_CLIENT */;
/*!40101 SET @OLD_CHARACTER_SET_RESULTS=@@CHARACTER_SET_RESULTS */;
/*!40101 SET @OLD_COLLATION_CONNECTION=@@COLLATION_CONNECTION */;
/*!40101 SET NAMES utf8mb4 */;
/*!40103 SET @OLD_TIME_ZONE=@@TIME_ZONE */;
/*!40103 SET TIME_ZONE='+00:00' */;
/*!40014 SET @OLD_UNIQUE_CHECKS=@@UNIQUE_CHECKS, UNIQUE_CHECKS=0 */;
/*!40014 SET @OLD_FOREIGN_KEY_CHECKS=@@FOREIGN_KEY_CHECKS, FOREIGN_KEY_CHECKS=0 */;
/*!40101 SET @OLD_SQL_MODE=@@SQL_MODE, SQL_MODE='NO_AUTO_VALUE_ON_ZERO' */;
/*!40111 SET @OLD_SQL_NOTES=@@SQL_NOTES, SQL_NOTES=0 */;

--
-- Table structure for table `chat_message_receivers`
--

DROP TABLE IF EXISTS `chat_message_receivers`;
/*!40101 SET @saved_cs_client     = @@character_set_client */;
/*!40101 SET character_set_client = utf8 */;
CREATE TABLE `chat_message_receivers` (
  `id` bigint(20) unsigned NOT NULL AUTO_INCREMENT,
  `chat_message_id` bigint(20) unsigned NOT NULL,
  `receiver_id` bigint(20) unsigned NOT NULL,
  `receiver_role_id` tinyint(4) NOT NULL,
  `status` tinyint(4) NOT NULL,
  `email_sent_at` timestamp NULL DEFAULT NULL,
  `created_at` timestamp NULL DEFAULT NULL,
  `updated_at` timestamp NULL DEFAULT NULL,
  PRIMARY KEY (`id`)
) ENGINE=InnoDB AUTO_INCREMENT=1347 DEFAULT CHARSET=utf8mb4 COLLATE=utf8mb4_unicode_ci;
/*!40101 SET character_set_client = @saved_cs_client */;

--
-- Dumping data for table `chat_message_receivers`
--

LOCK TABLES `chat_message_receivers` WRITE;
/*!40000 ALTER TABLE `chat_message_receivers` DISABLE KEYS */;
INSERT INTO `chat_message_receivers` VALUES (1,1,1,1,1,NULL,'2020-10-23 04:37:25','2020-10-23 17:00:19'),(2,1,1,3,1,NULL,'2020-10-23 04:37:25','2020-10-23 04:38:16'),(3,2,1,1,1,NULL,'2020-10-25 23:16:30','2020-10-25 23:56:42'),(4,2,14,2,0,NULL,'2020-10-25 23:16:30','2020-10-25 23:16:30'),(5,3,1,1,1,NULL,'2020-10-25 23:16:44','2020-10-25 23:56:42'),(6,3,14,2,0,NULL,'2020-10-25 23:16:44','2020-10-25 23:16:44'),(7,4,1,1,1,NULL,'2020-10-25 23:16:44','2020-10-25 23:56:42'),(8,4,14,2,0,NULL,'2020-10-25 23:16:44','2020-10-25 23:16:44'),(9,5,1,1,1,NULL,'2020-10-25 23:16:59','2020-10-25 23:56:42'),(10,5,14,2,0,NULL,'2020-10-25 23:16:59','2020-10-25 23:16:59'),(11,6,1,1,1,NULL,'2020-10-25 23:16:59','2020-10-25 23:56:42'),(12,6,14,2,0,NULL,'2020-10-25 23:16:59','2020-10-25 23:16:59'),(13,7,1,1,1,NULL,'2020-10-25 23:16:59','2020-10-25 23:56:42'),(14,7,14,2,0,NULL,'2020-10-25 23:16:59','2020-10-25 23:16:59'),(15,8,1,1,1,NULL,'2020-10-25 23:44:45','2020-10-25 23:56:08'),(16,8,1,3,1,NULL,'2020-10-25 23:44:45','2020-10-25 23:45:08'),(17,9,1,1,1,NULL,'2020-10-25 23:45:26','2020-10-25 23:56:08'),(18,9,1,2,1,NULL,'2020-10-25 23:45:26','2020-10-25 23:45:26'),(19,10,1,1,1,NULL,'2020-10-25 23:47:57','2020-10-25 23:56:08'),(20,10,1,2,1,NULL,'2020-10-25 23:47:57','2020-10-25 23:47:58'),(21,11,1,2,1,NULL,'2020-10-25 23:56:25','2020-10-25 23:56:25'),(22,11,1,3,1,NULL,'2020-10-25 23:56:25','2020-10-25 23:56:25'),(23,12,1,1,1,NULL,'2020-10-25 23:56:36','2020-10-25 23:56:37'),(24,12,1,2,1,NULL,'2020-10-25 23:56:36','2020-10-25 23:56:37'),(25,13,1,1,1,NULL,'2020-10-26 00:10:25','2020-10-26 19:56:47'),(26,13,1,2,1,NULL,'2020-10-26 00:10:25','2020-10-26 00:10:26'),(27,14,1,1,1,NULL,'2020-10-26 00:10:31','2020-10-26 19:56:47'),(28,14,1,2,1,NULL,'2020-10-26 00:10:31','2020-10-26 00:10:32'),(29,15,1,1,1,NULL,'2020-10-26 00:10:44','2020-10-26 19:56:47'),(30,15,1,2,1,NULL,'2020-10-26 00:10:44','2020-10-26 00:10:44'),(31,16,1,1,1,NULL,'2020-10-26 00:16:48','2020-10-26 23:05:01'),(32,16,1,2,1,NULL,'2020-10-26 00:16:48','2020-10-27 01:45:57'),(33,17,1,1,1,NULL,'2020-10-26 00:16:53','2020-10-26 23:05:01'),(34,17,1,2,1,NULL,'2020-10-26 00:16:53','2020-10-27 01:45:57'),(35,18,1,1,1,NULL,'2020-10-26 00:17:04','2020-10-26 23:05:01'),(36,18,1,2,1,NULL,'2020-10-26 00:17:04','2020-10-27 01:45:57'),(37,19,1,1,1,NULL,'2020-10-26 00:17:08','2020-10-26 23:05:01'),(38,19,1,2,1,NULL,'2020-10-26 00:17:08','2020-10-27 01:45:57'),(39,20,1,1,1,NULL,'2020-10-26 01:10:26','2020-10-26 01:10:40'),(40,20,24,3,1,NULL,'2020-10-26 01:10:26','2020-10-26 18:54:17'),(41,21,10,2,0,NULL,'2020-10-26 01:11:41','2020-10-26 01:11:41'),(42,21,24,3,1,NULL,'2020-10-26 01:11:41','2020-10-27 22:23:14'),(43,22,1,1,1,NULL,'2020-10-26 19:00:43','2020-10-27 22:44:32'),(44,22,21,3,1,NULL,'2020-10-26 19:00:43','2020-11-14 21:58:25'),(45,23,1,1,1,NULL,'2020-10-26 19:01:12','2020-10-27 22:44:32'),(46,23,21,3,1,NULL,'2020-10-26 19:01:12','2020-11-14 21:58:25'),(47,24,1,1,1,NULL,'2020-10-26 22:48:48','2020-10-27 00:18:31'),(48,24,1,2,1,NULL,'2020-10-26 22:48:48','2020-10-26 22:49:09'),(49,25,1,1,1,NULL,'2020-10-26 22:49:24','2020-10-27 00:18:31'),(50,25,1,3,1,NULL,'2020-10-26 22:49:24','2020-10-26 22:49:25'),(51,26,1,1,1,NULL,'2020-10-26 22:49:30','2020-10-27 00:18:31'),(52,26,1,2,1,NULL,'2020-10-26 22:49:30','2020-10-26 22:49:30'),(53,27,1,1,1,NULL,'2020-10-26 22:49:30','2020-10-27 00:18:31'),(54,27,1,3,1,NULL,'2020-10-26 22:49:30','2020-10-26 22:49:30'),(55,28,1,1,1,NULL,'2020-10-26 22:49:33','2020-10-27 00:18:31'),(56,28,1,3,1,NULL,'2020-10-26 22:49:33','2020-10-26 22:49:33'),(57,29,1,1,1,NULL,'2020-10-26 22:50:08','2020-10-27 00:18:31'),(58,29,1,3,1,NULL,'2020-10-26 22:50:08','2020-10-26 22:50:09'),(59,30,1,1,1,NULL,'2020-10-26 22:50:09','2020-10-27 00:18:31'),(60,30,1,3,1,NULL,'2020-10-26 22:50:09','2020-10-26 22:50:09'),(61,31,1,1,1,NULL,'2020-10-26 22:50:09','2020-10-27 00:18:31'),(62,31,1,3,1,NULL,'2020-10-26 22:50:09','2020-10-26 22:50:09'),(63,32,1,1,1,NULL,'2020-10-27 18:20:48','2020-10-27 19:37:41'),(64,32,1,2,1,NULL,'2020-10-27 18:20:48','2020-11-14 07:08:52'),(65,33,1,1,1,NULL,'2020-10-27 19:22:30','2020-10-27 19:23:23'),(66,33,25,3,0,NULL,'2020-10-27 19:22:30','2020-10-27 19:22:30'),(67,34,1,1,1,NULL,'2020-10-27 19:28:09','2020-10-27 19:33:16'),(68,34,25,3,0,NULL,'2020-10-27 19:28:09','2020-10-27 19:28:09'),(69,35,1,1,1,NULL,'2020-10-27 19:28:18','2020-10-27 19:33:16'),(70,35,25,3,0,NULL,'2020-10-27 19:28:18','2020-10-27 19:28:18'),(71,36,1,1,1,NULL,'2020-10-27 19:28:36','2020-10-27 19:33:16'),(72,36,25,3,0,NULL,'2020-10-27 19:28:36','2020-10-27 19:28:36'),(73,37,27,2,0,NULL,'2020-10-27 19:36:17','2020-10-27 19:36:17'),(74,37,1,3,1,NULL,'2020-10-27 19:36:17','2020-11-07 06:33:34'),(75,38,27,2,0,NULL,'2020-10-27 19:36:25','2020-10-27 19:36:25'),(76,38,1,3,1,NULL,'2020-10-27 19:36:25','2020-11-07 06:33:34'),(77,39,1,2,1,NULL,'2020-10-27 19:36:49','2020-11-02 16:28:57'),(78,39,25,3,0,NULL,'2020-10-27 19:36:49','2020-10-27 19:36:49'),(79,40,27,2,1,NULL,'2020-10-27 19:44:25','2020-10-27 19:45:09'),(80,40,21,3,1,NULL,'2020-10-27 19:44:25','2020-10-27 22:00:25'),(81,41,1,1,1,NULL,'2020-10-27 19:45:21','2020-10-27 19:45:22'),(82,41,21,3,1,NULL,'2020-10-27 19:45:21','2020-10-27 22:00:25'),(83,42,1,1,1,NULL,'2020-10-27 19:45:24','2020-10-27 19:45:24'),(84,42,21,3,1,NULL,'2020-10-27 19:45:24','2020-10-27 22:00:25'),(85,43,1,1,1,NULL,'2020-10-27 19:50:56','2020-10-27 20:13:35'),(86,43,21,3,1,NULL,'2020-10-27 19:50:56','2020-10-27 20:29:18'),(87,44,1,1,1,NULL,'2020-10-27 19:51:23','2020-10-27 20:13:35'),(88,44,21,3,1,NULL,'2020-10-27 19:51:23','2020-10-27 20:29:18'),(89,45,1,1,1,NULL,'2020-10-27 19:51:47','2020-10-27 20:13:35'),(90,45,21,3,1,NULL,'2020-10-27 19:51:47','2020-10-27 20:29:18'),(91,46,27,2,0,NULL,'2020-10-27 20:17:39','2020-10-27 20:17:39'),(92,46,25,3,0,NULL,'2020-10-27 20:17:39','2020-10-27 20:17:39'),(93,47,27,2,0,NULL,'2020-10-27 20:22:28','2020-10-27 20:22:28'),(94,47,21,3,1,NULL,'2020-10-27 20:22:28','2020-10-27 20:29:18'),(95,48,27,2,0,NULL,'2020-10-27 20:22:31','2020-10-27 20:22:31'),(96,48,21,3,1,NULL,'2020-10-27 20:22:31','2020-10-27 20:29:18'),(97,49,17,2,1,NULL,'2020-10-27 20:27:16','2020-10-27 21:11:35'),(98,49,21,3,1,NULL,'2020-10-27 20:27:16','2020-10-27 20:29:20'),(99,50,17,2,1,NULL,'2020-10-27 20:27:24','2020-10-27 21:11:35'),(100,50,21,3,1,NULL,'2020-10-27 20:27:24','2020-10-27 20:29:20'),(101,51,1,1,1,NULL,'2020-10-27 20:30:46','2020-10-27 21:16:33'),(102,51,27,2,0,NULL,'2020-10-27 20:30:46','2020-10-27 20:30:46'),(103,52,1,1,1,NULL,'2020-10-27 20:30:46','2020-10-27 21:16:33'),(104,52,27,2,0,NULL,'2020-10-27 20:30:46','2020-10-27 20:30:46'),(105,53,1,1,1,NULL,'2020-10-27 20:30:46','2020-10-27 21:16:33'),(106,53,27,2,0,NULL,'2020-10-27 20:30:46','2020-10-27 20:30:46'),(107,54,1,1,1,NULL,'2020-10-27 22:23:34','2020-10-27 22:25:08'),(108,54,11,2,1,NULL,'2020-10-27 22:23:34','2020-10-27 22:23:47'),(109,55,11,2,1,NULL,'2020-10-27 22:48:38','2020-10-27 22:48:38'),(110,55,24,3,1,NULL,'2020-10-27 22:48:38','2020-10-27 22:48:38'),(111,56,1,1,1,NULL,'2020-10-27 22:49:41','2020-10-27 22:49:41'),(112,56,11,2,1,NULL,'2020-10-27 22:49:41','2020-10-27 22:49:41'),(113,57,11,2,1,NULL,'2020-10-27 23:04:39','2020-10-27 23:06:24'),(114,57,24,3,1,NULL,'2020-10-27 23:04:39','2020-10-27 23:04:39'),(115,58,11,2,1,NULL,'2020-10-27 23:11:44','2020-11-04 00:33:59'),(116,58,24,3,1,NULL,'2020-10-27 23:11:44','2020-10-30 16:03:58'),(117,59,11,2,1,NULL,'2020-10-27 23:20:06','2020-11-04 00:33:59'),(118,59,24,3,1,NULL,'2020-10-27 23:20:06','2020-10-30 16:03:58'),(119,60,10,2,0,NULL,'2020-10-28 00:00:49','2020-10-28 00:00:49'),(120,60,21,3,1,NULL,'2020-10-28 00:00:49','2020-11-14 22:09:08'),(121,61,10,2,0,NULL,'2020-10-28 00:01:09','2020-10-28 00:01:09'),(122,61,21,3,1,NULL,'2020-10-28 00:01:09','2020-11-14 22:09:08'),(123,62,1,1,1,NULL,'2020-10-28 00:15:18','2020-10-28 00:16:00'),(124,62,10,2,0,NULL,'2020-10-28 00:15:18','2020-10-28 00:15:18'),(125,63,1,1,1,NULL,'2020-10-28 00:15:44','2020-10-28 00:16:00'),(126,63,10,2,0,NULL,'2020-10-28 00:15:44','2020-10-28 00:15:44'),(127,64,1,1,1,NULL,'2020-10-28 00:15:50','2020-10-28 00:16:00'),(128,64,10,2,0,NULL,'2020-10-28 00:15:50','2020-10-28 00:15:50'),(129,65,1,1,1,NULL,'2020-11-05 21:52:34','2020-11-06 00:41:06'),(130,65,33,2,1,NULL,'2020-11-05 21:52:34','2020-11-09 19:11:39'),(131,66,31,2,1,NULL,'2020-11-06 21:11:40','2020-11-06 21:12:00'),(132,66,24,3,1,NULL,'2020-11-06 21:11:40','2020-11-11 23:27:52'),(133,67,1,1,1,NULL,'2020-11-07 06:33:54','2020-11-11 22:39:53'),(134,67,27,2,0,NULL,'2020-11-07 06:33:54','2020-11-07 06:33:54'),(135,68,33,2,1,NULL,'2020-11-09 19:10:35','2020-11-09 19:11:13'),(136,68,38,3,1,NULL,'2020-11-09 19:10:35','2020-11-11 22:27:00'),(137,69,1,1,1,NULL,'2020-11-09 19:11:19','2020-11-09 19:11:20'),(138,69,38,3,1,NULL,'2020-11-09 19:11:19','2020-11-11 22:27:00'),(139,70,33,2,1,NULL,'2020-11-09 19:11:32','2020-11-09 19:11:33'),(140,70,38,3,1,NULL,'2020-11-09 19:11:32','2020-11-11 22:27:00'),(141,71,33,2,1,NULL,'2020-11-09 19:12:07','2020-11-09 19:12:14'),(142,71,38,3,1,NULL,'2020-11-09 19:12:07','2020-11-11 22:26:59'),(143,72,1,1,1,NULL,'2020-11-11 22:09:02','2020-11-14 22:26:30'),(144,72,35,2,1,NULL,'2020-11-11 22:09:02','2020-11-11 22:09:41'),(145,73,1,1,1,NULL,'2020-11-11 22:09:45','2020-11-14 22:26:30'),(146,73,45,3,1,NULL,'2020-11-11 22:09:45','2020-11-11 22:09:45'),(147,74,1,1,1,NULL,'2020-11-11 22:10:26','2020-11-14 22:26:30'),(148,74,45,3,1,NULL,'2020-11-11 22:10:26','2020-11-11 22:10:27'),(149,75,1,1,1,NULL,'2020-11-11 22:10:31','2020-11-14 22:26:30'),(150,75,35,2,1,NULL,'2020-11-11 22:10:31','2020-11-11 22:10:32'),(151,76,1,1,1,NULL,'2020-11-11 22:10:45','2020-11-14 22:26:30'),(152,76,35,2,1,NULL,'2020-11-11 22:10:45','2020-11-11 22:10:46'),(153,77,1,1,1,NULL,'2020-11-11 22:10:55','2020-11-14 22:26:30'),(154,77,45,3,1,NULL,'2020-11-11 22:10:55','2020-11-11 22:10:56'),(155,78,1,1,1,NULL,'2020-11-11 22:24:38','2020-11-14 22:26:35'),(156,78,38,3,1,NULL,'2020-11-11 22:24:38','2020-11-11 22:40:38'),(157,79,1,1,1,NULL,'2020-11-11 22:30:37','2020-11-14 22:26:30'),(158,79,45,3,1,NULL,'2020-11-11 22:30:37','2020-11-11 22:30:38'),(159,80,1,1,1,NULL,'2020-11-11 22:31:15','2020-11-14 22:26:30'),(160,80,35,2,1,NULL,'2020-11-11 22:31:15','2020-11-11 22:31:16'),(161,81,1,1,1,NULL,'2020-11-11 22:31:30','2020-11-14 22:26:30'),(162,81,45,3,1,NULL,'2020-11-11 22:31:30','2020-11-11 22:31:31'),(163,82,1,1,1,NULL,'2020-11-11 22:32:06','2020-11-14 22:26:40'),(164,82,38,3,1,NULL,'2020-11-11 22:32:06','2020-11-11 22:40:42'),(165,83,1,1,1,NULL,'2020-11-11 22:32:11','2020-11-14 22:26:35'),(166,83,38,3,1,NULL,'2020-11-11 22:32:11','2020-11-11 22:40:38'),(167,84,1,1,1,NULL,'2020-11-11 22:33:36','2020-11-14 22:26:30'),(168,84,35,2,1,NULL,'2020-11-11 22:33:36','2020-11-11 22:33:37'),(169,85,1,1,1,NULL,'2020-11-11 22:40:40','2020-11-14 22:26:35'),(170,85,35,2,1,NULL,'2020-11-11 22:40:40','2020-11-11 22:41:27'),(171,86,1,1,1,NULL,'2020-11-11 22:40:46','2020-11-14 22:26:40'),(172,86,35,2,1,NULL,'2020-11-11 22:40:46','2020-11-11 22:41:29'),(173,87,1,1,1,NULL,'2020-11-11 22:41:00','2020-11-14 22:26:30'),(174,87,35,2,1,NULL,'2020-11-11 22:41:00','2020-11-11 22:41:31'),(175,88,1,1,1,NULL,'2020-11-11 22:41:05','2020-11-14 22:26:35'),(176,88,35,2,1,NULL,'2020-11-11 22:41:05','2020-11-11 22:41:27'),(177,89,1,1,1,NULL,'2020-11-11 22:41:05','2020-11-14 22:26:35'),(178,89,35,2,1,NULL,'2020-11-11 22:41:05','2020-11-11 22:41:27'),(179,90,1,1,1,NULL,'2020-11-11 22:41:18','2020-11-14 22:26:30'),(180,90,35,2,1,NULL,'2020-11-11 22:41:18','2020-11-11 22:41:31'),(181,91,1,1,1,NULL,'2020-11-11 22:41:37','2020-11-14 22:26:35'),(182,91,38,3,1,NULL,'2020-11-11 22:41:37','2020-11-11 22:51:26'),(183,92,1,1,1,NULL,'2020-11-11 22:41:38','2020-11-14 22:26:35'),(184,92,38,3,1,NULL,'2020-11-11 22:41:38','2020-11-11 22:51:26'),(185,93,1,1,1,NULL,'2020-11-11 22:42:17','2020-11-14 22:26:30'),(186,93,35,2,1,NULL,'2020-11-11 22:42:17','2020-11-11 22:42:21'),(187,94,1,1,1,NULL,'2020-11-11 22:44:12','2020-11-14 22:26:30'),(188,94,35,2,1,NULL,'2020-11-11 22:44:12','2020-11-11 22:44:12'),(189,95,1,1,1,NULL,'2020-11-11 22:46:06','2020-11-14 22:26:30'),(190,95,35,2,1,NULL,'2020-11-11 22:46:06','2020-11-11 22:46:14'),(191,96,1,1,1,NULL,'2020-11-11 22:51:30','2020-11-14 22:26:35'),(192,96,35,2,1,NULL,'2020-11-11 22:51:30','2020-11-11 22:52:51'),(193,97,1,1,1,NULL,'2020-11-11 22:51:35','2020-11-14 22:26:35'),(194,97,35,2,1,NULL,'2020-11-11 22:51:35','2020-11-11 22:52:51'),(195,98,1,1,1,NULL,'2020-11-11 22:51:59','2020-11-14 22:26:40'),(196,98,35,2,1,NULL,'2020-11-11 22:51:59','2020-11-11 22:52:53'),(197,99,1,1,1,NULL,'2020-11-11 23:18:39','2020-11-14 22:25:54'),(198,99,38,3,1,NULL,'2020-11-11 23:18:39','2020-11-11 23:19:16'),(199,100,1,1,1,NULL,'2020-11-11 23:19:58','2020-11-14 22:25:54'),(200,100,33,2,1,NULL,'2020-11-11 23:19:58','2020-11-11 23:19:59'),(201,101,1,1,1,NULL,'2020-11-11 23:20:08','2020-11-14 22:25:54'),(202,101,38,3,1,NULL,'2020-11-11 23:20:08','2020-11-11 23:20:09'),(203,102,1,1,1,NULL,'2020-11-11 23:20:18','2020-11-14 22:25:54'),(204,102,33,2,1,NULL,'2020-11-11 23:20:18','2020-11-11 23:20:18'),(205,103,1,1,1,NULL,'2020-11-11 23:29:48','2020-11-14 22:25:54'),(206,103,33,2,1,NULL,'2020-11-11 23:29:48','2020-11-11 23:29:55'),(207,104,1,1,1,NULL,'2020-11-11 23:51:18','2020-11-14 22:25:54'),(208,104,33,2,1,NULL,'2020-11-11 23:51:18','2020-11-11 23:51:28'),(209,105,1,1,1,NULL,'2020-11-11 23:51:32','2020-11-14 22:25:54'),(210,105,38,3,1,NULL,'2020-11-11 23:51:32','2020-11-11 23:51:33'),(211,106,1,1,1,NULL,'2020-11-12 00:01:52','2020-11-14 22:25:54'),(212,106,33,2,1,NULL,'2020-11-12 00:01:52','2020-11-12 00:49:16'),(213,107,1,1,1,NULL,'2020-11-12 00:01:52','2020-11-14 22:25:54'),(214,107,33,2,1,NULL,'2020-11-12 00:01:52','2020-11-12 00:49:16'),(215,108,1,1,1,NULL,'2020-11-12 00:01:53','2020-11-14 22:25:54'),(216,108,33,2,1,NULL,'2020-11-12 00:01:53','2020-11-12 00:49:16'),(217,109,1,1,1,NULL,'2020-11-12 00:01:55','2020-11-14 22:25:54'),(218,109,33,2,1,NULL,'2020-11-12 00:01:55','2020-11-12 00:49:16'),(219,110,1,1,1,NULL,'2020-11-12 00:01:56','2020-11-14 22:25:54'),(220,110,33,2,1,NULL,'2020-11-12 00:01:56','2020-11-12 00:49:16'),(221,111,1,1,1,NULL,'2020-11-12 00:01:56','2020-11-14 22:25:54'),(222,111,33,2,1,NULL,'2020-11-12 00:01:56','2020-11-12 00:49:16'),(223,112,1,1,1,NULL,'2020-11-12 00:01:56','2020-11-14 22:25:54'),(224,112,33,2,1,NULL,'2020-11-12 00:01:56','2020-11-12 00:49:16'),(225,113,1,1,1,NULL,'2020-11-12 00:49:28','2020-11-14 22:26:19'),(226,113,33,2,1,NULL,'2020-11-12 00:49:28','2020-11-12 00:50:05'),(227,114,1,1,1,NULL,'2020-11-12 00:50:06','2020-11-14 22:26:19'),(228,114,38,3,1,NULL,'2020-11-12 00:50:06','2020-11-12 00:50:14'),(229,115,1,1,1,NULL,'2020-11-12 00:50:06','2020-11-14 22:26:19'),(230,115,38,3,1,NULL,'2020-11-12 00:50:06','2020-11-12 00:50:14'),(231,116,1,1,1,NULL,'2020-11-12 00:50:26','2020-11-14 22:26:19'),(232,116,38,3,1,NULL,'2020-11-12 00:50:26','2020-11-12 00:50:28'),(233,117,1,1,1,NULL,'2020-11-12 00:50:53','2020-11-14 22:26:19'),(234,117,33,2,1,NULL,'2020-11-12 00:50:53','2020-11-12 00:50:54'),(235,118,1,1,1,NULL,'2020-11-12 01:02:36','2020-11-14 22:26:02'),(236,118,33,2,1,NULL,'2020-11-12 01:02:36','2020-11-12 01:02:37'),(237,119,1,1,1,NULL,'2020-11-12 01:18:56','2020-11-14 22:26:06'),(238,119,35,2,1,NULL,'2020-11-12 01:18:56','2020-11-12 01:19:02'),(239,120,1,1,1,NULL,'2020-11-12 01:19:06','2020-11-14 22:26:06'),(240,120,48,3,1,NULL,'2020-11-12 01:19:06','2020-11-12 01:19:06'),(241,121,1,1,1,NULL,'2020-11-12 01:19:43','2020-11-14 22:26:06'),(242,121,35,2,1,NULL,'2020-11-12 01:19:43','2020-11-12 01:21:04'),(243,122,1,1,1,NULL,'2020-11-12 01:21:08','2020-11-14 22:26:06'),(244,122,48,3,1,NULL,'2020-11-12 01:21:08','2020-11-12 01:21:08'),(245,123,1,1,1,NULL,'2020-11-12 01:21:13','2020-11-14 22:26:06'),(246,123,48,3,1,NULL,'2020-11-12 01:21:13','2020-11-12 01:21:15'),(247,124,1,1,1,NULL,'2020-11-13 22:57:56','2020-11-13 22:59:50'),(248,124,49,3,1,NULL,'2020-11-13 22:57:56','2020-11-13 22:57:56'),(249,125,1,1,1,NULL,'2020-11-13 22:58:04','2020-11-13 22:59:53'),(250,125,51,3,1,NULL,'2020-11-13 22:58:04','2020-11-13 22:58:05'),(251,126,1,1,1,NULL,'2020-11-13 22:58:09','2020-11-13 22:59:55'),(252,126,24,3,1,NULL,'2020-11-13 22:58:09','2020-11-13 22:58:10'),(253,127,1,1,1,NULL,'2020-11-13 22:58:35','2020-11-13 22:59:55'),(254,127,31,2,1,NULL,'2020-11-13 22:58:35','2020-11-13 22:58:39'),(255,128,1,1,1,NULL,'2020-11-13 22:58:57','2020-11-13 22:59:53'),(256,128,31,2,0,NULL,'2020-11-13 22:58:57','2020-11-13 22:58:57'),(257,129,1,1,1,NULL,'2020-11-13 22:59:17','2020-11-13 22:59:50'),(258,129,31,2,1,NULL,'2020-11-13 22:59:17','2021-01-26 01:19:38'),(259,130,31,2,1,NULL,'2020-11-13 23:00:10','2021-01-26 01:19:38'),(260,130,49,3,1,NULL,'2020-11-13 23:00:10','2020-11-13 23:00:10'),(261,131,31,2,0,NULL,'2020-11-13 23:00:16','2020-11-13 23:00:16'),(262,131,51,3,1,NULL,'2020-11-13 23:00:16','2020-11-13 23:00:17'),(263,132,31,2,1,NULL,'2020-11-13 23:00:23','2020-11-13 23:00:23'),(264,132,24,3,1,NULL,'2020-11-13 23:00:23','2020-11-13 23:00:23'),(265,133,1,1,1,NULL,'2020-11-14 21:13:18','2020-11-14 22:24:17'),(266,133,1,2,1,NULL,'2020-11-14 21:13:18','2020-11-14 21:14:30'),(267,134,1,1,1,NULL,'2020-11-14 21:13:23','2020-11-14 22:24:17'),(268,134,1,2,1,NULL,'2020-11-14 21:13:23','2020-11-14 21:14:30'),(269,135,1,1,1,NULL,'2020-11-14 21:13:50','2020-11-14 22:24:17'),(270,135,1,2,1,NULL,'2020-11-14 21:13:50','2020-11-14 21:14:30'),(271,136,1,1,1,NULL,'2020-11-14 21:14:05','2020-11-14 22:20:18'),(272,136,1,2,1,NULL,'2020-11-14 21:14:05','2020-11-14 21:14:33'),(273,137,1,1,1,NULL,'2020-11-14 21:14:13','2020-11-14 22:20:18'),(274,137,1,2,1,NULL,'2020-11-14 21:14:13','2020-11-14 21:14:33'),(275,138,1,1,1,NULL,'2020-11-14 21:14:39','2020-11-14 22:20:18'),(276,138,1,2,1,NULL,'2020-11-14 21:14:39','2020-11-14 21:14:40'),(277,139,1,1,1,NULL,'2020-11-14 21:14:56','2020-11-14 22:24:17'),(278,139,1,2,1,NULL,'2020-11-14 21:14:56','2020-11-14 21:15:15'),(279,140,1,1,1,NULL,'2020-11-14 21:15:31','2020-11-14 22:24:17'),(280,140,41,3,1,NULL,'2020-11-14 21:15:31','2020-11-14 21:15:31'),(281,141,1,1,1,NULL,'2020-11-14 21:15:44','2020-11-14 22:20:18'),(282,141,21,3,1,NULL,'2020-11-14 21:15:44','2020-11-14 21:15:44'),(283,142,1,1,1,NULL,'2020-11-14 21:15:53','2020-11-14 22:20:18'),(284,142,21,3,1,NULL,'2020-11-14 21:15:53','2020-11-14 21:15:54'),(285,143,1,1,1,NULL,'2020-11-14 21:15:58','2020-11-14 22:20:18'),(286,143,1,2,1,NULL,'2020-11-14 21:15:58','2020-11-14 21:15:58'),(287,144,1,1,1,NULL,'2020-11-14 21:16:09','2020-11-14 22:24:17'),(288,144,1,2,1,NULL,'2020-11-14 21:16:09','2020-11-14 21:16:16'),(289,145,1,2,1,NULL,'2020-11-14 22:20:44','2020-11-14 22:20:59'),(290,145,21,3,1,NULL,'2020-11-14 22:20:44','2020-11-14 22:20:45'),(291,146,1,2,1,NULL,'2020-11-14 22:20:48','2020-11-14 22:20:59'),(292,146,21,3,1,NULL,'2020-11-14 22:20:48','2020-11-14 22:20:49'),(293,147,1,1,1,NULL,'2020-11-14 22:21:02','2020-11-14 22:21:02'),(294,147,21,3,1,NULL,'2020-11-14 22:21:02','2020-11-14 22:21:03'),(295,148,1,1,1,NULL,'2020-11-14 22:21:18','2020-11-14 22:21:18'),(296,148,1,2,1,NULL,'2020-11-14 22:21:18','2020-11-14 22:21:18'),(297,149,1,1,1,NULL,'2020-11-14 22:21:21','2020-11-14 22:21:21'),(298,149,1,2,1,NULL,'2020-11-14 22:21:21','2020-11-14 22:21:21'),(299,150,1,2,1,NULL,'2020-11-14 22:21:58','2020-11-14 22:21:58'),(300,150,21,3,1,NULL,'2020-11-14 22:21:58','2020-11-14 22:21:59'),(301,151,1,1,1,NULL,'2020-11-14 22:22:06','2020-11-14 22:22:07'),(302,151,1,2,1,NULL,'2020-11-14 22:22:06','2020-11-14 22:22:07'),(303,152,1,1,1,NULL,'2020-11-14 22:22:44','2020-11-14 22:22:45'),(304,152,1,2,1,NULL,'2020-11-14 22:22:44','2020-11-14 22:22:45'),(305,153,1,1,1,NULL,'2020-11-14 22:23:03','2020-11-14 22:23:03'),(306,153,21,3,1,NULL,'2020-11-14 22:23:03','2020-11-14 22:23:04'),(307,154,1,1,1,NULL,'2020-11-14 22:23:10','2020-11-14 22:23:10'),(308,154,21,3,1,NULL,'2020-11-14 22:23:10','2020-11-14 22:23:10'),(309,155,1,1,1,NULL,'2020-11-14 22:23:45','2020-11-14 22:24:17'),(310,155,1,2,1,NULL,'2020-11-14 22:23:45','2020-11-14 22:23:53'),(311,156,1,2,1,NULL,'2020-11-14 22:24:23','2020-11-14 22:24:23'),(312,156,41,3,1,NULL,'2020-11-14 22:24:23','2020-11-14 22:24:23'),(313,157,1,1,0,NULL,'2020-11-19 17:15:39','2020-11-19 17:15:39'),(314,157,24,3,1,NULL,'2020-11-19 17:15:39','2020-11-19 17:15:40'),(315,158,1,1,0,NULL,'2020-11-19 17:15:46','2020-11-19 17:15:46'),(316,158,26,2,1,NULL,'2020-11-19 17:15:46','2020-11-19 17:15:47'),(317,159,26,2,1,NULL,'2020-11-19 20:33:52','2020-11-19 20:33:52'),(318,159,24,3,1,NULL,'2020-11-19 20:33:52','2020-11-21 01:33:43'),(319,160,1,1,1,NULL,'2020-11-19 20:33:59','2020-11-19 20:34:00'),(320,160,24,3,1,NULL,'2020-11-19 20:33:59','2020-11-21 01:33:43'),(321,161,1,1,1,NULL,'2020-11-19 21:50:33','2020-11-19 21:51:47'),(322,161,1,2,1,NULL,'2020-11-19 21:50:33','2020-11-19 21:50:40'),(323,162,1,1,1,NULL,'2020-11-19 21:50:36','2020-11-19 21:51:47'),(324,162,1,2,1,NULL,'2020-11-19 21:50:36','2020-11-19 21:50:40'),(325,163,1,1,1,NULL,'2020-11-19 21:50:38','2020-11-19 21:51:47'),(326,163,1,2,1,NULL,'2020-11-19 21:50:38','2020-11-19 21:50:40'),(327,164,1,1,1,NULL,'2020-11-19 21:50:38','2020-11-19 21:51:47'),(328,164,1,2,1,NULL,'2020-11-19 21:50:38','2020-11-19 21:50:40'),(329,165,1,1,1,NULL,'2020-11-19 21:50:41','2020-11-19 21:51:47'),(330,165,1,2,1,NULL,'2020-11-19 21:50:41','2020-11-19 21:50:42'),(331,166,1,1,1,NULL,'2020-11-19 21:50:42','2020-11-19 21:51:47'),(332,166,1,2,1,NULL,'2020-11-19 21:50:42','2020-11-19 21:50:43'),(333,167,1,1,1,NULL,'2020-11-19 21:50:43','2020-11-19 21:51:47'),(334,167,1,2,1,NULL,'2020-11-19 21:50:43','2020-11-19 21:50:44'),(335,168,1,1,1,NULL,'2020-11-19 21:50:44','2020-11-19 21:51:47'),(336,168,1,2,1,NULL,'2020-11-19 21:50:44','2020-11-19 21:50:44'),(337,169,1,1,1,NULL,'2020-11-19 21:50:44','2020-11-19 21:51:47'),(338,169,1,2,1,NULL,'2020-11-19 21:50:44','2020-11-19 21:50:45'),(339,170,1,1,1,NULL,'2020-11-19 21:50:46','2020-11-19 21:51:47'),(340,170,25,3,1,NULL,'2020-11-19 21:50:46','2020-11-19 21:50:46'),(341,171,1,1,1,NULL,'2020-11-19 21:50:47','2020-11-19 21:51:47'),(342,171,25,3,1,NULL,'2020-11-19 21:50:47','2020-11-19 21:50:47'),(343,172,1,1,1,NULL,'2020-11-19 21:50:47','2020-11-19 21:51:47'),(344,172,1,2,1,NULL,'2020-11-19 21:50:47','2020-11-19 21:50:47'),(345,173,1,1,1,NULL,'2020-11-19 21:50:50','2020-11-19 21:51:47'),(346,173,25,3,1,NULL,'2020-11-19 21:50:50','2020-11-19 21:50:50'),(347,174,1,1,1,NULL,'2020-11-19 21:50:51','2020-11-19 21:51:47'),(348,174,25,3,1,NULL,'2020-11-19 21:50:51','2020-11-19 21:50:51'),(349,175,1,1,1,NULL,'2020-11-19 21:50:52','2020-11-19 21:51:47'),(350,175,25,3,1,NULL,'2020-11-19 21:50:52','2020-11-19 21:50:52'),(351,176,1,1,1,NULL,'2020-11-19 21:50:53','2020-11-19 21:51:47'),(352,176,25,3,1,NULL,'2020-11-19 21:50:53','2020-11-19 21:50:53'),(353,177,1,1,1,NULL,'2020-11-19 21:50:53','2020-11-19 21:51:47'),(354,177,25,3,1,NULL,'2020-11-19 21:50:53','2020-11-19 21:50:54'),(355,178,1,1,1,NULL,'2020-11-19 21:50:54','2020-11-19 21:51:47'),(356,178,25,3,1,NULL,'2020-11-19 21:50:54','2020-11-19 21:50:55'),(357,179,1,1,1,NULL,'2020-11-19 21:50:55','2020-11-19 21:51:47'),(358,179,25,3,1,NULL,'2020-11-19 21:50:55','2020-11-19 21:50:55'),(359,180,1,1,1,NULL,'2020-11-19 21:50:56','2020-11-19 21:51:47'),(360,180,25,3,1,NULL,'2020-11-19 21:50:56','2020-11-19 21:50:56'),(361,181,1,1,1,NULL,'2020-11-19 21:51:01','2020-11-19 21:51:47'),(362,181,25,3,1,NULL,'2020-11-19 21:51:01','2020-11-19 21:51:01'),(363,182,1,1,1,NULL,'2020-11-19 21:52:08','2020-11-19 21:52:15'),(364,182,1,2,1,NULL,'2020-11-19 21:52:08','2020-11-19 21:52:23'),(365,183,1,1,1,NULL,'2020-11-19 21:52:09','2020-11-19 21:52:15'),(366,183,1,2,1,NULL,'2020-11-19 21:52:09','2020-11-19 21:52:23'),(367,184,1,1,1,NULL,'2020-11-19 21:52:09','2020-11-19 21:52:15'),(368,184,1,2,1,NULL,'2020-11-19 21:52:09','2020-11-19 21:52:23'),(369,185,1,1,1,NULL,'2020-11-19 21:52:10','2020-11-19 21:52:15'),(370,185,1,2,1,NULL,'2020-11-19 21:52:10','2020-11-19 21:52:23'),(371,186,1,1,1,NULL,'2020-11-19 21:52:10','2020-11-19 21:52:15'),(372,186,1,2,1,NULL,'2020-11-19 21:52:10','2020-11-19 21:52:23'),(373,187,1,1,1,NULL,'2020-11-19 21:52:11','2020-11-19 21:52:15'),(374,187,1,2,1,NULL,'2020-11-19 21:52:11','2020-11-19 21:52:23'),(375,188,1,1,1,NULL,'2020-11-19 21:52:12','2020-11-19 21:52:15'),(376,188,1,2,1,NULL,'2020-11-19 21:52:12','2020-11-19 21:52:23'),(377,189,1,1,1,NULL,'2020-11-19 21:52:13','2020-11-19 21:52:15'),(378,189,1,2,1,NULL,'2020-11-19 21:52:13','2020-11-19 21:52:23'),(379,190,1,1,1,NULL,'2020-11-19 21:52:13','2020-11-19 21:52:15'),(380,190,1,2,1,NULL,'2020-11-19 21:52:13','2020-11-19 21:52:23'),(381,191,1,1,1,NULL,'2020-11-19 21:52:14','2020-11-19 21:52:15'),(382,191,1,2,1,NULL,'2020-11-19 21:52:14','2020-11-19 21:52:23'),(383,192,1,1,1,NULL,'2020-11-19 21:52:39','2020-11-19 21:52:51'),(384,192,25,3,1,NULL,'2020-11-19 21:52:39','2020-11-19 21:52:59'),(385,193,1,1,1,NULL,'2020-11-19 21:52:39','2020-11-19 21:52:51'),(386,193,25,3,1,NULL,'2020-11-19 21:52:39','2020-11-19 21:52:59'),(387,194,1,1,1,NULL,'2020-11-19 21:52:42','2020-11-19 21:52:51'),(388,194,25,3,1,NULL,'2020-11-19 21:52:42','2020-11-19 21:52:59'),(389,195,1,1,1,NULL,'2020-11-19 21:52:44','2020-11-19 21:52:51'),(390,195,25,3,1,NULL,'2020-11-19 21:52:44','2020-11-19 21:52:59'),(391,196,1,1,1,NULL,'2020-11-19 21:52:45','2020-11-19 21:52:51'),(392,196,25,3,1,NULL,'2020-11-19 21:52:45','2020-11-19 21:52:59'),(393,197,1,1,1,NULL,'2020-11-19 21:52:45','2020-11-19 21:52:51'),(394,197,25,3,1,NULL,'2020-11-19 21:52:45','2020-11-19 21:52:59'),(395,198,1,1,1,NULL,'2020-11-19 21:52:46','2020-11-19 21:52:51'),(396,198,25,3,1,NULL,'2020-11-19 21:52:46','2020-11-19 21:52:59'),(397,199,1,1,1,NULL,'2020-11-19 21:52:48','2020-11-19 21:52:51'),(398,199,25,3,1,NULL,'2020-11-19 21:52:48','2020-11-19 21:52:59'),(399,200,1,1,1,NULL,'2020-11-19 21:52:49','2020-11-19 21:52:51'),(400,200,25,3,1,NULL,'2020-11-19 21:52:49','2020-11-19 21:52:59'),(401,201,1,1,1,NULL,'2020-11-19 21:52:51','2020-11-19 21:52:51'),(402,201,25,3,1,NULL,'2020-11-19 21:52:51','2020-11-19 21:52:59'),(403,202,1,2,1,NULL,'2020-11-19 21:53:01','2020-11-19 21:53:02'),(404,202,25,3,1,NULL,'2020-11-19 21:53:01','2020-11-19 21:53:01'),(405,203,1,2,1,NULL,'2020-11-19 21:53:05','2020-11-20 06:45:52'),(406,203,25,3,1,NULL,'2020-11-19 21:53:05','2020-11-19 21:53:05'),(407,204,1,2,1,NULL,'2020-11-19 21:53:06','2020-11-20 06:45:52'),(408,204,25,3,1,NULL,'2020-11-19 21:53:06','2020-11-19 21:53:06'),(409,205,1,2,1,NULL,'2020-11-19 21:53:07','2020-11-20 06:45:52'),(410,205,25,3,1,NULL,'2020-11-19 21:53:07','2020-11-19 21:53:07'),(411,206,1,2,1,NULL,'2020-11-19 21:53:08','2020-11-20 06:45:52'),(412,206,25,3,1,NULL,'2020-11-19 21:53:08','2020-11-19 21:53:08'),(413,207,1,2,1,NULL,'2020-11-19 21:53:09','2020-11-20 06:45:52'),(414,207,25,3,1,NULL,'2020-11-19 21:53:09','2020-11-19 21:53:09'),(415,208,1,2,1,NULL,'2020-11-19 21:53:10','2020-11-20 06:45:52'),(416,208,25,3,1,NULL,'2020-11-19 21:53:10','2020-11-19 21:53:10'),(417,209,1,2,1,NULL,'2020-11-19 21:53:11','2020-11-20 06:45:52'),(418,209,25,3,1,NULL,'2020-11-19 21:53:11','2020-11-19 21:53:11'),(419,210,1,2,1,NULL,'2020-11-19 21:53:12','2020-11-20 06:45:52'),(420,210,25,3,1,NULL,'2020-11-19 21:53:12','2020-11-19 21:53:12'),(421,211,1,2,1,NULL,'2020-11-19 21:53:13','2020-11-20 06:45:52'),(422,211,25,3,1,NULL,'2020-11-19 21:53:13','2020-11-19 21:53:13'),(423,212,1,2,1,NULL,'2020-11-19 21:53:48','2020-11-20 06:45:52'),(424,212,25,3,0,NULL,'2020-11-19 21:53:48','2020-11-19 21:53:48'),(425,213,1,2,1,NULL,'2020-11-19 21:54:05','2020-11-20 06:45:52'),(426,213,25,3,0,NULL,'2020-11-19 21:54:05','2020-11-19 21:54:05'),(427,214,1,2,1,NULL,'2020-11-19 21:54:19','2020-11-20 06:45:52'),(428,214,25,3,0,NULL,'2020-11-19 21:54:19','2020-11-19 21:54:19'),(429,215,1,2,1,NULL,'2020-11-19 21:55:11','2020-11-20 06:45:52'),(430,215,25,3,0,NULL,'2020-11-19 21:55:11','2020-11-19 21:55:11'),(431,216,1,2,1,NULL,'2020-11-19 21:55:15','2020-11-20 06:45:52'),(432,216,25,3,0,NULL,'2020-11-19 21:55:15','2020-11-19 21:55:15'),(433,217,1,2,1,NULL,'2020-11-20 01:09:53','2020-11-20 06:45:52'),(434,217,25,3,0,NULL,'2020-11-20 01:09:53','2020-11-20 01:09:53'),(435,218,1,2,1,NULL,'2020-11-20 01:09:56','2020-11-20 06:45:52'),(436,218,25,3,0,NULL,'2020-11-20 01:09:56','2020-11-20 01:09:56'),(437,219,1,2,1,NULL,'2020-11-20 01:09:58','2020-11-20 06:45:52'),(438,219,25,3,0,NULL,'2020-11-20 01:09:58','2020-11-20 01:09:58'),(439,220,1,2,1,NULL,'2020-11-20 01:10:00','2020-11-20 06:45:52'),(440,220,25,3,0,NULL,'2020-11-20 01:10:00','2020-11-20 01:10:00'),(441,221,1,2,1,NULL,'2020-11-20 05:42:34','2020-11-22 18:35:25'),(442,221,25,3,0,NULL,'2020-11-20 05:42:34','2020-11-20 05:42:34'),(443,222,1,2,1,NULL,'2020-11-20 05:42:52','2020-11-22 18:35:25'),(444,222,25,3,0,NULL,'2020-11-20 05:42:52','2020-11-20 05:42:52'),(445,223,40,2,0,NULL,'2020-11-20 05:45:55','2020-11-20 05:45:55'),(446,223,36,3,1,NULL,'2020-11-20 05:45:55','2020-11-20 06:25:04'),(447,224,40,2,0,NULL,'2020-11-20 05:52:11','2020-11-20 05:52:11'),(448,224,36,3,1,NULL,'2020-11-20 05:52:11','2020-11-20 06:25:04'),(449,225,1,2,1,NULL,'2020-11-20 05:56:16','2020-11-20 06:20:02'),(450,225,36,3,1,NULL,'2020-11-20 05:56:16','2020-11-20 06:22:37'),(451,226,1,2,1,NULL,'2020-11-20 06:13:09','2020-11-24 18:04:16'),(452,226,44,3,1,NULL,'2020-11-20 06:13:09','2020-11-20 06:25:59'),(453,227,1,1,1,NULL,'2020-11-20 06:20:37','2020-11-20 06:39:29'),(454,227,36,3,1,NULL,'2020-11-20 06:20:37','2020-12-03 19:18:40'),(455,228,1,1,1,NULL,'2020-11-20 06:20:51','2020-11-20 06:39:29'),(456,228,36,3,1,NULL,'2020-11-20 06:20:51','2020-12-03 19:18:40'),(457,229,1,1,1,NULL,'2020-11-20 06:22:44','2020-11-20 06:39:19'),(458,229,1,2,0,NULL,'2020-11-20 06:22:44','2020-11-20 06:22:44'),(459,230,1,1,1,NULL,'2020-11-20 06:23:17','2020-11-20 06:39:19'),(460,230,1,2,0,NULL,'2020-11-20 06:23:17','2020-11-20 06:23:17'),(461,231,1,1,1,NULL,'2020-11-20 06:25:10','2020-11-22 20:03:55'),(462,231,40,2,0,NULL,'2020-11-20 06:25:10','2020-11-20 06:25:10'),(463,232,1,1,0,NULL,'2020-11-20 06:26:12','2020-11-20 06:26:12'),(464,232,1,2,1,NULL,'2020-11-20 06:26:12','2020-11-24 18:04:16'),(465,233,40,2,0,NULL,'2020-11-20 06:40:24','2020-11-20 06:40:24'),(466,233,44,3,1,NULL,'2020-11-20 06:40:24','2020-11-24 00:46:54'),(467,234,1,1,0,NULL,'2020-11-20 06:43:57','2020-11-20 06:43:57'),(468,234,24,3,0,NULL,'2020-11-20 06:43:57','2020-11-20 06:43:57'),(469,235,1,1,0,NULL,'2020-11-20 06:46:10','2020-11-20 06:46:10'),(470,235,25,3,0,NULL,'2020-11-20 06:46:10','2020-11-20 06:46:10'),(471,236,1,1,1,NULL,'2020-11-22 18:35:34','2020-11-22 20:02:18'),(472,236,25,3,0,NULL,'2020-11-22 18:35:34','2020-11-22 18:35:34'),(473,237,1,1,1,NULL,'2020-11-22 18:36:14','2020-11-22 20:02:18'),(474,237,25,3,0,NULL,'2020-11-22 18:36:14','2020-11-22 18:36:14'),(475,238,1,1,0,NULL,'2020-11-22 18:38:51','2020-11-22 18:38:51'),(476,238,7,2,1,NULL,'2020-11-22 18:38:51','2021-01-06 22:21:50'),(477,239,1,1,0,NULL,'2020-11-23 01:11:00','2020-11-23 01:11:00'),(478,239,7,2,1,NULL,'2020-11-23 01:11:00','2021-01-06 22:21:50'),(479,240,1,2,0,NULL,'2020-11-23 01:21:17','2020-11-23 01:21:17'),(480,240,36,3,0,NULL,'2020-11-23 01:21:17','2020-11-23 01:21:17'),(481,241,1,1,1,NULL,'2020-11-23 15:40:35','2020-11-23 15:44:44'),(482,241,24,3,1,NULL,'2020-11-23 15:40:35','2020-11-23 15:51:29'),(483,242,1,1,1,NULL,'2020-11-23 15:44:36','2020-11-23 15:44:44'),(484,242,24,3,1,NULL,'2020-11-23 15:44:36','2020-11-23 15:51:29'),(485,243,31,2,0,NULL,'2020-11-23 15:47:51','2020-11-23 15:47:51'),(486,243,24,3,1,NULL,'2020-11-23 15:47:51','2020-11-23 15:51:29'),(487,244,31,2,0,NULL,'2020-11-23 15:50:50','2020-11-23 15:50:50'),(488,244,24,3,1,NULL,'2020-11-23 15:50:50','2020-11-23 15:51:29'),(489,245,1,1,1,NULL,'2020-11-23 15:53:24','2020-11-23 16:37:53'),(490,245,31,2,0,NULL,'2020-11-23 15:53:24','2020-11-23 15:53:24'),(491,246,1,1,1,NULL,'2020-11-23 16:36:11','2020-11-24 01:43:38'),(492,246,21,2,1,NULL,'2020-11-23 16:36:11','2020-11-23 16:36:35'),(493,247,1,1,0,NULL,'2020-11-23 18:05:08','2020-11-23 18:05:08'),(494,247,1,2,1,NULL,'2020-11-23 18:05:08','2020-11-24 18:07:11'),(495,248,1,1,0,NULL,'2020-11-30 20:22:28','2020-11-30 20:22:28'),(496,248,1,2,1,NULL,'2020-11-30 20:22:28','2021-01-21 18:32:45'),(497,249,1,1,1,NULL,'2020-11-30 21:07:00','2020-12-01 22:02:09'),(498,249,53,3,1,NULL,'2020-11-30 21:07:00','2020-11-30 21:07:10'),(499,250,1,1,1,NULL,'2020-12-01 17:37:04','2020-12-03 01:13:00'),(500,250,44,3,1,NULL,'2020-12-01 17:37:04','2021-01-21 18:31:15'),(501,251,1,1,1,NULL,'2020-12-01 17:42:11','2020-12-01 22:02:07'),(502,251,36,3,1,NULL,'2020-12-01 17:42:11','2020-12-23 19:26:53'),(503,252,1,1,1,NULL,'2020-12-01 22:18:18','2020-12-07 04:13:48'),(504,252,35,2,1,NULL,'2020-12-01 22:18:18','2020-12-01 22:19:17'),(505,253,1,1,1,NULL,'2020-12-01 22:19:29','2020-12-07 04:13:48'),(506,253,35,2,1,NULL,'2020-12-01 22:19:29','2020-12-01 22:19:29'),(507,254,1,1,1,NULL,'2020-12-01 22:20:01','2020-12-07 04:13:48'),(508,254,35,2,1,NULL,'2020-12-01 22:20:01','2020-12-01 22:20:02'),(509,255,1,1,1,NULL,'2020-12-01 22:20:39','2020-12-07 04:13:48'),(510,255,35,2,1,NULL,'2020-12-01 22:20:39','2020-12-01 22:20:40'),(511,256,1,2,1,NULL,'2020-12-03 00:47:41','2020-12-21 18:53:09'),(512,256,36,3,1,NULL,'2020-12-03 00:47:41','2020-12-23 19:26:28'),(513,257,1,2,1,NULL,'2020-12-03 00:48:52','2020-12-23 19:09:15'),(514,257,44,3,0,NULL,'2020-12-03 00:48:52','2020-12-03 00:48:52'),(515,258,1,2,1,NULL,'2020-12-03 01:12:31','2020-12-03 17:21:02'),(516,258,36,3,1,NULL,'2020-12-03 01:12:31','2020-12-23 19:26:53'),(517,259,1,2,1,NULL,'2020-12-03 01:13:11','2020-12-21 18:55:35'),(518,259,44,3,1,NULL,'2020-12-03 01:13:11','2021-01-21 18:31:15'),(519,260,1,2,1,NULL,'2020-12-03 19:06:48','2020-12-23 19:10:02'),(520,260,36,3,1,NULL,'2020-12-03 19:06:48','2020-12-03 19:19:54'),(521,261,1,2,1,NULL,'2020-12-03 19:08:28','2020-12-23 19:09:15'),(522,261,44,3,0,NULL,'2020-12-03 19:08:28','2020-12-03 19:08:28'),(523,262,40,2,0,NULL,'2020-12-03 19:11:18','2020-12-03 19:11:18'),(524,262,44,3,1,NULL,'2020-12-03 19:11:18','2021-01-23 21:34:16'),(525,263,1,1,0,NULL,'2020-12-03 19:17:48','2020-12-03 19:17:48'),(526,263,44,3,1,NULL,'2020-12-03 19:17:48','2020-12-30 00:17:50'),(527,264,1,1,0,NULL,'2020-12-03 19:18:46','2020-12-03 19:18:46'),(528,264,1,2,1,NULL,'2020-12-03 19:18:46','2020-12-23 19:10:09'),(529,265,1,1,0,NULL,'2020-12-03 19:20:06','2020-12-03 19:20:06'),(530,265,1,2,1,NULL,'2020-12-03 19:20:06','2020-12-23 19:10:02'),(531,266,1,1,1,NULL,'2020-12-03 19:22:06','2020-12-05 00:17:40'),(532,266,36,3,1,NULL,'2020-12-03 19:22:06','2020-12-23 19:26:53'),(533,267,1,1,0,NULL,'2020-12-03 19:24:09','2020-12-03 19:24:09'),(534,267,44,3,1,NULL,'2020-12-03 19:24:09','2020-12-30 00:17:50'),(535,268,1,1,1,NULL,'2020-12-04 19:24:03','2020-12-04 19:24:14'),(536,268,49,3,1,NULL,'2020-12-04 19:24:03','2020-12-04 19:24:33'),(537,269,26,2,1,NULL,'2020-12-04 19:26:36','2020-12-04 19:26:37'),(538,269,49,3,1,NULL,'2020-12-04 19:26:36','2020-12-04 19:27:18'),(539,270,26,2,1,NULL,'2020-12-04 19:27:18','2020-12-04 19:27:18'),(540,270,49,3,1,NULL,'2020-12-04 19:27:18','2020-12-04 19:27:18'),(541,271,1,1,1,NULL,'2020-12-04 19:28:22','2020-12-04 19:29:45'),(542,271,26,2,1,NULL,'2020-12-04 19:28:22','2020-12-04 19:28:22'),(543,272,1,1,1,NULL,'2020-12-04 19:28:54','2020-12-04 19:29:45'),(544,272,49,3,1,NULL,'2020-12-04 19:28:54','2020-12-04 19:32:21'),(545,273,26,2,1,NULL,'2020-12-04 19:29:47','2020-12-04 19:29:48'),(546,273,49,3,1,NULL,'2020-12-04 19:29:47','2020-12-04 19:32:21'),(547,274,26,2,1,NULL,'2020-12-04 19:30:49','2020-12-04 19:30:50'),(548,274,49,3,1,NULL,'2020-12-04 19:30:49','2020-12-04 19:32:21'),(549,275,26,2,1,NULL,'2020-12-04 19:32:20','2020-12-04 19:32:21'),(550,275,49,3,1,NULL,'2020-12-04 19:32:20','2020-12-04 19:32:21'),(551,276,1,1,1,NULL,'2020-12-04 19:32:45','2020-12-04 19:32:45'),(552,276,49,3,1,NULL,'2020-12-04 19:32:45','2020-12-04 19:35:01'),(553,277,26,2,1,NULL,'2020-12-04 19:34:08','2020-12-04 21:01:27'),(554,277,49,3,1,NULL,'2020-12-04 19:34:08','2020-12-04 19:35:01'),(555,278,26,2,1,NULL,'2020-12-04 19:35:00','2020-12-04 21:01:27'),(556,278,49,3,1,NULL,'2020-12-04 19:35:00','2020-12-04 19:35:01'),(557,279,26,2,1,NULL,'2020-12-04 19:35:21','2020-12-04 21:01:27'),(558,279,49,3,1,NULL,'2020-12-04 19:35:21','2020-12-04 20:53:00'),(559,280,26,2,1,NULL,'2020-12-04 19:36:51','2020-12-04 21:01:27'),(560,280,49,3,1,NULL,'2020-12-04 19:36:51','2020-12-04 20:53:00'),(561,281,1,2,1,NULL,'2020-12-06 18:13:33','2020-12-21 18:55:35'),(562,281,44,3,1,NULL,'2020-12-06 18:13:33','2021-01-21 18:31:15'),(563,282,1,2,0,NULL,'2020-12-11 01:03:03','2020-12-11 01:03:03'),(564,282,44,3,0,NULL,'2020-12-11 01:03:03','2020-12-11 01:03:03'),(565,283,1,2,1,NULL,'2020-12-11 01:09:51','2020-12-23 19:09:15'),(566,283,44,3,0,NULL,'2020-12-11 01:09:51','2020-12-11 01:09:51'),(567,284,40,2,0,NULL,'2020-12-11 01:11:35','2020-12-11 01:11:35'),(568,284,44,3,1,NULL,'2020-12-11 01:11:35','2021-01-23 21:34:16'),(569,285,1,2,1,NULL,'2020-12-11 01:29:15','2020-12-23 19:09:18'),(570,285,44,3,1,NULL,'2020-12-11 01:29:15','2021-01-22 00:37:52'),(571,286,1,2,1,NULL,'2020-12-20 22:11:08','2020-12-20 22:14:02'),(572,286,44,3,1,NULL,'2020-12-20 22:11:08','2020-12-20 22:14:04'),(573,287,1,2,1,NULL,'2020-12-20 22:12:43','2020-12-20 22:14:48'),(574,287,44,3,1,NULL,'2020-12-20 22:12:43','2020-12-20 22:14:53'),(575,288,1,2,1,NULL,'2020-12-20 22:13:16','2020-12-20 22:14:48'),(576,288,44,3,1,NULL,'2020-12-20 22:13:16','2020-12-20 22:14:53'),(577,289,1,1,1,NULL,'2020-12-20 22:15:09','2020-12-20 22:15:10'),(578,289,1,2,1,NULL,'2020-12-20 22:15:09','2020-12-20 22:15:10'),(579,290,1,1,1,NULL,'2020-12-20 22:15:34','2020-12-20 22:15:35'),(580,290,44,3,1,NULL,'2020-12-20 22:15:34','2020-12-20 22:15:35'),(581,291,1,1,0,NULL,'2020-12-21 01:12:54','2020-12-21 01:12:54'),(582,291,44,3,1,NULL,'2020-12-21 01:12:54','2020-12-30 00:17:44'),(583,292,1,1,0,NULL,'2020-12-21 01:14:28','2020-12-21 01:14:28'),(584,292,44,3,1,NULL,'2020-12-21 01:14:28','2021-01-21 18:31:05'),(585,293,31,2,0,NULL,'2020-12-21 18:34:26','2020-12-21 18:34:26'),(586,293,24,3,1,NULL,'2020-12-21 18:34:26','2020-12-21 18:39:32'),(587,294,31,2,0,NULL,'2020-12-21 18:35:55','2020-12-21 18:35:55'),(588,294,24,3,1,NULL,'2020-12-21 18:35:55','2020-12-21 18:39:32'),(589,295,31,2,0,NULL,'2020-12-21 18:36:46','2020-12-21 18:36:46'),(590,295,24,3,1,NULL,'2020-12-21 18:36:46','2020-12-21 18:39:32'),(591,296,1,1,1,NULL,'2020-12-21 18:39:42','2020-12-21 18:40:45'),(592,296,31,2,0,NULL,'2020-12-21 18:39:42','2020-12-21 18:39:42'),(593,297,31,2,0,NULL,'2020-12-21 18:40:52','2020-12-21 18:40:52'),(594,297,24,3,1,NULL,'2020-12-21 18:40:52','2020-12-21 18:40:53'),(595,298,1,1,1,NULL,'2020-12-21 18:41:10','2020-12-21 18:43:06'),(596,298,31,2,0,NULL,'2020-12-21 18:41:10','2020-12-21 18:41:10'),(597,299,31,2,0,NULL,'2020-12-21 18:43:13','2020-12-21 18:43:13'),(598,299,24,3,1,NULL,'2020-12-21 18:43:13','2020-12-21 18:43:13'),(599,300,1,1,1,NULL,'2020-12-21 18:43:59','2020-12-21 18:48:48'),(600,300,31,2,0,NULL,'2020-12-21 18:43:59','2020-12-21 18:43:59'),(601,301,1,1,1,NULL,'2020-12-21 18:47:33','2020-12-21 18:48:48'),(602,301,31,2,0,NULL,'2020-12-21 18:47:33','2020-12-21 18:47:33'),(603,302,31,2,0,NULL,'2020-12-21 18:48:57','2020-12-21 18:48:57'),(604,302,24,3,1,NULL,'2020-12-21 18:48:57','2020-12-21 18:48:58'),(605,303,1,1,0,NULL,'2020-12-21 18:49:03','2020-12-21 18:49:03'),(606,303,44,3,1,NULL,'2020-12-21 18:49:03','2020-12-30 00:17:44'),(607,304,1,1,1,NULL,'2020-12-21 18:49:14','2020-12-23 17:36:16'),(608,304,31,2,0,NULL,'2020-12-21 18:49:14','2020-12-21 18:49:14'),(609,305,1,1,0,NULL,'2020-12-21 18:49:21','2020-12-21 18:49:21'),(610,305,44,3,1,NULL,'2020-12-21 18:49:21','2020-12-30 00:17:44'),(611,306,1,1,0,NULL,'2020-12-21 18:50:09','2020-12-21 18:50:09'),(612,306,44,3,1,NULL,'2020-12-21 18:50:09','2021-01-21 18:31:05'),(613,307,1,1,0,NULL,'2020-12-21 18:53:12','2020-12-21 18:53:12'),(614,307,36,3,1,NULL,'2020-12-21 18:53:12','2020-12-23 19:26:28'),(615,308,1,1,1,NULL,'2020-12-21 18:53:23','2021-01-21 18:37:48'),(616,308,24,3,1,NULL,'2020-12-21 18:53:23','2020-12-25 01:25:43'),(617,309,1,1,0,NULL,'2020-12-21 18:55:44','2020-12-21 18:55:44'),(618,309,44,3,1,NULL,'2020-12-21 18:55:44','2021-01-21 18:31:15'),(619,310,1,1,0,NULL,'2020-12-21 18:56:49','2020-12-21 18:56:49'),(620,310,44,3,1,NULL,'2020-12-21 18:56:49','2021-01-22 00:37:58'),(621,311,1,1,0,NULL,'2020-12-21 19:00:02','2020-12-21 19:00:02'),(622,311,44,3,1,NULL,'2020-12-21 19:00:02','2020-12-30 00:17:46'),(623,312,1,1,0,NULL,'2020-12-21 19:18:11','2020-12-21 19:18:11'),(624,312,44,3,1,NULL,'2020-12-21 19:18:11','2020-12-30 00:17:50'),(625,313,1,1,0,NULL,'2020-12-21 21:32:34','2020-12-21 21:32:34'),(626,313,44,3,1,NULL,'2020-12-21 21:32:34','2020-12-30 00:17:39'),(627,314,1,1,0,NULL,'2020-12-21 21:34:59','2020-12-21 21:34:59'),(628,314,44,3,1,NULL,'2020-12-21 21:34:59','2020-12-30 00:17:39'),(629,315,1,2,1,NULL,'2020-12-22 00:24:18','2020-12-23 16:48:39'),(630,315,44,3,1,NULL,'2020-12-22 00:24:18','2021-01-21 18:30:30'),(631,316,1,2,1,NULL,'2020-12-23 17:24:11','2020-12-23 17:24:41'),(632,316,44,3,1,NULL,'2020-12-23 17:24:11','2021-01-21 18:30:30'),(633,317,1,1,0,NULL,'2020-12-23 17:24:54','2020-12-23 17:24:54'),(634,317,44,3,1,NULL,'2020-12-23 17:24:54','2021-01-21 18:30:30'),(635,318,1,1,0,NULL,'2020-12-23 19:19:13','2020-12-23 19:19:13'),(636,318,36,3,1,NULL,'2020-12-23 19:19:13','2020-12-23 19:26:28'),(637,319,1,1,0,NULL,'2020-12-23 19:19:16','2020-12-23 19:19:16'),(638,319,36,3,1,NULL,'2020-12-23 19:19:16','2020-12-23 19:26:28'),(639,320,1,1,0,NULL,'2020-12-23 19:19:17','2020-12-23 19:19:17'),(640,320,36,3,1,NULL,'2020-12-23 19:19:17','2020-12-23 19:26:28'),(641,321,1,1,0,NULL,'2020-12-23 19:19:20','2020-12-23 19:19:20'),(642,321,36,3,1,NULL,'2020-12-23 19:19:20','2020-12-23 19:26:28'),(643,322,1,1,0,NULL,'2020-12-23 19:19:23','2020-12-23 19:19:23'),(644,322,36,3,1,NULL,'2020-12-23 19:19:23','2020-12-23 19:26:28'),(645,323,1,1,0,NULL,'2020-12-23 19:19:25','2020-12-23 19:19:25'),(646,323,36,3,1,NULL,'2020-12-23 19:19:25','2020-12-23 19:26:28'),(647,324,1,1,0,NULL,'2020-12-23 19:19:27','2020-12-23 19:19:27'),(648,324,36,3,1,NULL,'2020-12-23 19:19:27','2020-12-23 19:26:28'),(649,325,1,1,0,NULL,'2020-12-23 19:19:33','2020-12-23 19:19:33'),(650,325,36,3,1,NULL,'2020-12-23 19:19:33','2020-12-23 19:26:28'),(651,326,1,1,0,NULL,'2020-12-23 19:19:36','2020-12-23 19:19:36'),(652,326,36,3,1,NULL,'2020-12-23 19:19:36','2020-12-23 19:26:28'),(653,327,1,1,0,NULL,'2020-12-23 19:19:41','2020-12-23 19:19:41'),(654,327,36,3,1,NULL,'2020-12-23 19:19:41','2020-12-23 19:26:28'),(655,328,1,1,0,NULL,'2020-12-23 19:19:43','2020-12-23 19:19:43'),(656,328,36,3,1,NULL,'2020-12-23 19:19:43','2020-12-23 19:26:28'),(657,329,1,1,0,NULL,'2020-12-23 19:19:44','2020-12-23 19:19:44'),(658,329,36,3,1,NULL,'2020-12-23 19:19:44','2020-12-23 19:26:28'),(659,330,1,1,0,NULL,'2020-12-23 19:19:50','2020-12-23 19:19:50'),(660,330,36,3,1,NULL,'2020-12-23 19:19:50','2020-12-23 19:26:28'),(661,331,1,1,0,NULL,'2020-12-23 19:19:52','2020-12-23 19:19:52'),(662,331,36,3,1,NULL,'2020-12-23 19:19:52','2020-12-23 19:26:28'),(663,332,1,1,0,NULL,'2020-12-23 19:20:00','2020-12-23 19:20:00'),(664,332,36,3,1,NULL,'2020-12-23 19:20:00','2020-12-23 19:26:28'),(665,333,1,1,0,NULL,'2020-12-23 19:27:09','2020-12-23 19:27:09'),(666,333,36,3,1,NULL,'2020-12-23 19:27:09','2020-12-23 19:27:36'),(667,334,1,1,0,NULL,'2020-12-23 19:27:10','2020-12-23 19:27:10'),(668,334,36,3,1,NULL,'2020-12-23 19:27:10','2020-12-23 19:27:36'),(669,335,1,1,0,NULL,'2020-12-23 19:27:11','2020-12-23 19:27:11'),(670,335,36,3,1,NULL,'2020-12-23 19:27:11','2020-12-23 19:27:36'),(671,336,1,1,0,NULL,'2020-12-23 19:27:12','2020-12-23 19:27:12'),(672,336,36,3,1,NULL,'2020-12-23 19:27:12','2020-12-23 19:27:36'),(673,337,1,1,0,NULL,'2020-12-23 19:27:13','2020-12-23 19:27:13'),(674,337,36,3,1,NULL,'2020-12-23 19:27:13','2020-12-23 19:27:36'),(675,338,1,1,0,NULL,'2020-12-23 19:27:15','2020-12-23 19:27:15'),(676,338,36,3,1,NULL,'2020-12-23 19:27:15','2020-12-23 19:27:36'),(677,339,1,1,0,NULL,'2020-12-23 19:27:16','2020-12-23 19:27:16'),(678,339,36,3,1,NULL,'2020-12-23 19:27:16','2020-12-23 19:27:36'),(679,340,1,1,0,NULL,'2020-12-23 19:27:17','2020-12-23 19:27:17'),(680,340,36,3,1,NULL,'2020-12-23 19:27:17','2020-12-23 19:27:36'),(681,341,1,1,0,NULL,'2020-12-23 19:27:18','2020-12-23 19:27:18'),(682,341,36,3,1,NULL,'2020-12-23 19:27:18','2020-12-23 19:27:36'),(683,342,1,1,0,NULL,'2020-12-23 19:27:19','2020-12-23 19:27:19'),(684,342,36,3,1,NULL,'2020-12-23 19:27:19','2020-12-23 19:27:36'),(685,343,1,1,0,NULL,'2020-12-23 19:27:21','2020-12-23 19:27:21'),(686,343,36,3,1,NULL,'2020-12-23 19:27:21','2020-12-23 19:27:36'),(687,344,1,1,0,NULL,'2020-12-23 19:27:22','2020-12-23 19:27:22'),(688,344,36,3,1,NULL,'2020-12-23 19:27:22','2020-12-23 19:27:36'),(689,345,1,1,0,NULL,'2020-12-23 19:27:23','2020-12-23 19:27:23'),(690,345,36,3,1,NULL,'2020-12-23 19:27:23','2020-12-23 19:27:36'),(691,346,1,1,1,NULL,'2020-12-25 01:25:34','2020-12-25 01:26:12'),(692,346,24,3,1,NULL,'2020-12-25 01:25:34','2020-12-25 01:25:45'),(693,347,1,1,1,NULL,'2020-12-25 01:32:56','2020-12-25 01:32:56'),(694,347,26,2,1,NULL,'2020-12-25 01:32:56','2020-12-25 01:32:56'),(695,348,1,1,0,NULL,'2020-12-25 01:34:52','2020-12-25 01:34:52'),(696,348,24,3,1,NULL,'2020-12-25 01:34:52','2020-12-25 01:34:53'),(697,349,1,1,0,NULL,'2021-01-06 19:53:15','2021-01-06 19:53:15'),(698,349,53,2,0,NULL,'2021-01-06 19:53:15','2021-01-06 19:53:15'),(699,350,1,1,0,NULL,'2021-01-06 19:53:44','2021-01-06 19:53:44'),(700,350,53,2,0,NULL,'2021-01-06 19:53:44','2021-01-06 19:53:44'),(701,351,1,1,0,NULL,'2021-01-06 19:53:53','2021-01-06 19:53:53'),(702,351,53,2,0,NULL,'2021-01-06 19:53:53','2021-01-06 19:53:53'),(703,352,1,1,0,NULL,'2021-01-06 19:54:01','2021-01-06 19:54:01'),(704,352,33,2,0,NULL,'2021-01-06 19:54:01','2021-01-06 19:54:01'),(705,353,1,1,0,NULL,'2021-01-06 19:54:33','2021-01-06 19:54:33'),(706,353,1,2,1,NULL,'2021-01-06 19:54:33','2021-01-10 18:57:38'),(707,354,1,1,0,NULL,'2021-01-06 19:54:48','2021-01-06 19:54:48'),(708,354,9,2,1,NULL,'2021-01-06 19:54:48','2021-01-10 20:10:40'),(709,355,1,1,0,NULL,'2021-01-09 23:52:15','2021-01-09 23:52:15'),(710,355,24,3,1,NULL,'2021-01-09 23:52:15','2021-01-09 23:52:43'),(711,356,1,1,0,NULL,'2021-01-09 23:52:55','2021-01-09 23:52:55'),(712,356,26,2,1,NULL,'2021-01-09 23:52:55','2021-01-09 23:52:56'),(713,357,1,1,0,NULL,'2021-01-09 23:53:43','2021-01-09 23:53:43'),(714,357,26,2,1,NULL,'2021-01-09 23:53:43','2021-01-09 23:53:44'),(715,358,1,1,0,NULL,'2021-01-09 23:54:05','2021-01-09 23:54:05'),(716,358,24,3,1,NULL,'2021-01-09 23:54:05','2021-01-09 23:55:28'),(717,359,1,1,0,NULL,'2021-01-09 23:58:11','2021-01-09 23:58:11'),(718,359,26,2,1,NULL,'2021-01-09 23:58:11','2021-01-10 00:08:33'),(719,360,1,1,1,NULL,'2021-01-10 02:00:39','2021-01-10 02:02:08'),(720,360,26,2,1,NULL,'2021-01-10 02:00:39','2021-01-10 02:01:15'),(721,361,1,1,1,NULL,'2021-01-10 02:01:24','2021-01-10 02:02:08'),(722,361,24,3,1,NULL,'2021-01-10 02:01:24','2021-01-10 02:01:25'),(723,362,26,2,1,NULL,'2021-01-10 02:02:11','2021-01-10 02:02:22'),(724,362,24,3,1,NULL,'2021-01-10 02:02:11','2021-01-10 02:02:12'),(725,363,1,1,0,NULL,'2021-01-10 18:54:41','2021-01-10 18:54:41'),(726,363,44,3,1,NULL,'2021-01-10 18:54:41','2021-01-21 18:30:30'),(727,364,1,1,0,NULL,'2021-01-10 18:54:52','2021-01-10 18:54:52'),(728,364,1,2,1,NULL,'2021-01-10 18:54:52','2021-01-21 19:54:47'),(729,365,1,1,0,NULL,'2021-01-10 18:55:15','2021-01-10 18:55:15'),(730,365,1,2,1,NULL,'2021-01-10 18:55:15','2021-01-21 19:54:47'),(731,366,1,1,0,NULL,'2021-01-10 18:55:38','2021-01-10 18:55:38'),(732,366,1,2,1,NULL,'2021-01-10 18:55:38','2021-01-21 19:54:47'),(733,367,1,1,0,NULL,'2021-01-10 18:57:44','2021-01-10 18:57:44'),(734,367,1,2,1,NULL,'2021-01-10 18:57:44','2021-01-21 19:54:47'),(735,368,1,1,0,NULL,'2021-01-10 18:59:37','2021-01-10 18:59:37'),(736,368,44,3,1,NULL,'2021-01-10 18:59:37','2021-01-17 16:51:14'),(737,369,1,1,0,NULL,'2021-01-10 18:59:40','2021-01-10 18:59:40'),(738,369,44,3,1,NULL,'2021-01-10 18:59:40','2021-01-17 16:51:14'),(739,370,1,1,0,NULL,'2021-01-10 18:59:42','2021-01-10 18:59:42'),(740,370,44,3,1,NULL,'2021-01-10 18:59:42','2021-01-17 16:51:14'),(741,371,1,1,0,NULL,'2021-01-10 18:59:44','2021-01-10 18:59:44'),(742,371,44,3,1,NULL,'2021-01-10 18:59:44','2021-01-17 16:51:14'),(743,372,1,1,0,NULL,'2021-01-10 18:59:46','2021-01-10 18:59:46'),(744,372,44,3,1,NULL,'2021-01-10 18:59:46','2021-01-17 16:51:14'),(745,373,1,1,0,NULL,'2021-01-10 18:59:47','2021-01-10 18:59:47'),(746,373,44,3,1,NULL,'2021-01-10 18:59:47','2021-01-17 16:51:14'),(747,374,1,1,0,NULL,'2021-01-10 18:59:49','2021-01-10 18:59:49'),(748,374,44,3,1,NULL,'2021-01-10 18:59:49','2021-01-17 16:51:14'),(749,375,1,1,0,NULL,'2021-01-10 18:59:50','2021-01-10 18:59:50'),(750,375,44,3,1,NULL,'2021-01-10 18:59:50','2021-01-17 16:51:14'),(751,376,1,1,0,NULL,'2021-01-10 18:59:53','2021-01-10 18:59:53'),(752,376,44,3,1,NULL,'2021-01-10 18:59:53','2021-01-17 16:51:14'),(753,377,1,1,0,NULL,'2021-01-10 23:04:22','2021-01-10 23:04:22'),(754,377,49,3,1,NULL,'2021-01-10 23:04:22','2021-01-10 23:04:49'),(755,378,1,1,0,NULL,'2021-01-10 23:04:43','2021-01-10 23:04:43'),(756,378,49,3,1,NULL,'2021-01-10 23:04:43','2021-01-10 23:04:49'),(757,379,1,1,0,NULL,'2021-01-13 23:25:55','2021-01-13 23:25:55'),(758,379,10,2,0,NULL,'2021-01-13 23:25:55','2021-01-13 23:25:55'),(759,380,1,1,0,NULL,'2021-01-13 23:25:58','2021-01-13 23:25:58'),(760,380,10,2,0,NULL,'2021-01-13 23:25:58','2021-01-13 23:25:58'),(761,381,1,1,0,NULL,'2021-01-13 23:25:59','2021-01-13 23:25:59'),(762,381,10,2,0,NULL,'2021-01-13 23:25:59','2021-01-13 23:25:59'),(763,382,1,1,0,NULL,'2021-01-17 16:51:38','2021-01-17 16:51:38'),(764,382,1,2,1,NULL,'2021-01-17 16:51:38','2021-01-18 00:52:19'),(765,383,1,1,0,NULL,'2021-01-17 16:59:58','2021-01-17 16:59:58'),(766,383,53,2,0,NULL,'2021-01-17 16:59:58','2021-01-17 16:59:58'),(767,384,1,1,0,NULL,'2021-01-18 21:43:53','2021-01-18 21:43:53'),(768,384,25,3,0,NULL,'2021-01-18 21:43:53','2021-01-18 21:43:53'),(769,385,1,1,0,NULL,'2021-01-18 21:44:09','2021-01-18 21:44:09'),(770,385,25,3,0,NULL,'2021-01-18 21:44:09','2021-01-18 21:44:09'),(771,386,1,1,0,NULL,'2021-01-18 21:44:18','2021-01-18 21:44:18'),(772,386,25,3,0,NULL,'2021-01-18 21:44:18','2021-01-18 21:44:18'),(773,387,1,1,0,NULL,'2021-01-19 23:46:38','2021-01-19 23:46:38'),(774,387,53,2,0,NULL,'2021-01-19 23:46:38','2021-01-19 23:46:38'),(775,388,1,1,0,NULL,'2021-01-20 01:14:27','2021-01-20 01:14:27'),(776,388,24,3,0,NULL,'2021-01-20 01:14:27','2021-01-20 01:14:27'),(777,389,1,1,0,NULL,'2021-01-20 01:29:52','2021-01-20 01:29:52'),(778,389,1,2,1,NULL,'2021-01-20 01:29:52','2021-01-21 19:54:47'),(779,390,1,1,0,NULL,'2021-01-20 01:29:53','2021-01-20 01:29:53'),(780,390,1,2,1,NULL,'2021-01-20 01:29:53','2021-01-21 19:54:47'),(781,391,1,1,0,NULL,'2021-01-20 01:29:53','2021-01-20 01:29:53'),(782,391,1,2,1,NULL,'2021-01-20 01:29:53','2021-01-21 19:54:47'),(783,392,1,1,0,NULL,'2021-01-20 01:29:53','2021-01-20 01:29:53'),(784,392,1,2,1,NULL,'2021-01-20 01:29:53','2021-01-21 19:54:47'),(785,393,1,1,0,NULL,'2021-01-20 01:29:53','2021-01-20 01:29:53'),(786,393,1,2,1,NULL,'2021-01-20 01:29:53','2021-01-21 19:54:47'),(787,394,1,1,0,NULL,'2021-01-20 01:29:53','2021-01-20 01:29:53'),(788,394,1,2,1,NULL,'2021-01-20 01:29:53','2021-01-21 19:54:47'),(789,395,1,1,0,NULL,'2021-01-20 01:29:53','2021-01-20 01:29:53'),(790,395,1,2,1,NULL,'2021-01-20 01:29:53','2021-01-21 19:54:47'),(791,396,1,1,0,NULL,'2021-01-20 01:29:53','2021-01-20 01:29:53'),(792,396,1,2,1,NULL,'2021-01-20 01:29:53','2021-01-21 19:54:47'),(793,397,1,1,0,NULL,'2021-01-20 01:29:53','2021-01-20 01:29:53'),(794,397,1,2,1,NULL,'2021-01-20 01:29:53','2021-01-21 19:54:47'),(795,398,1,1,0,NULL,'2021-01-20 01:30:37','2021-01-20 01:30:37'),(796,398,1,2,1,NULL,'2021-01-20 01:30:37','2021-01-21 18:32:16'),(797,399,1,1,0,NULL,'2021-01-20 01:30:37','2021-01-20 01:30:37'),(798,399,1,2,1,NULL,'2021-01-20 01:30:37','2021-01-21 18:32:16'),(799,400,1,1,0,NULL,'2021-01-20 01:30:37','2021-01-20 01:30:37'),(800,400,1,2,1,NULL,'2021-01-20 01:30:37','2021-01-21 18:32:16'),(801,401,1,1,0,NULL,'2021-01-20 01:30:37','2021-01-20 01:30:37'),(802,401,1,2,1,NULL,'2021-01-20 01:30:37','2021-01-21 18:32:16'),(803,402,1,1,0,NULL,'2021-01-20 01:30:54','2021-01-20 01:30:54'),(804,402,1,2,1,NULL,'2021-01-20 01:30:54','2021-01-21 18:32:16'),(805,403,1,1,0,NULL,'2021-01-20 20:07:17','2021-01-20 20:07:17'),(806,403,24,3,0,NULL,'2021-01-20 20:07:17','2021-01-20 20:07:17'),(807,404,1,1,0,NULL,'2021-01-20 20:07:46','2021-01-20 20:07:46'),(808,404,24,3,0,NULL,'2021-01-20 20:07:46','2021-01-20 20:07:46'),(809,405,1,1,0,NULL,'2021-01-20 20:07:52','2021-01-20 20:07:52'),(810,405,24,3,0,NULL,'2021-01-20 20:07:52','2021-01-20 20:07:52'),(811,406,1,1,0,NULL,'2021-01-20 20:08:00','2021-01-20 20:08:00'),(812,406,24,3,0,NULL,'2021-01-20 20:08:00','2021-01-20 20:08:00'),(813,407,1,1,0,NULL,'2021-01-20 20:09:34','2021-01-20 20:09:34'),(814,407,1,2,1,NULL,'2021-01-20 20:09:34','2021-01-22 02:58:51'),(815,408,1,1,0,NULL,'2021-01-20 22:44:23','2021-01-20 22:44:23'),(816,408,33,2,0,NULL,'2021-01-20 22:44:23','2021-01-20 22:44:23'),(817,409,1,1,1,NULL,'2021-01-21 18:30:36','2021-01-21 18:37:24'),(818,409,53,2,0,NULL,'2021-01-21 18:30:36','2021-01-21 18:30:36'),(819,410,1,1,1,NULL,'2021-01-21 18:30:38','2021-01-21 18:37:24'),(820,410,53,2,0,NULL,'2021-01-21 18:30:38','2021-01-21 18:30:38'),(821,411,1,1,0,NULL,'2021-01-21 19:54:39','2021-01-21 19:54:39'),(822,411,21,3,0,NULL,'2021-01-21 19:54:39','2021-01-21 19:54:39'),(823,412,1,1,0,NULL,'2021-01-21 19:54:43','2021-01-21 19:54:43'),(824,412,21,3,0,NULL,'2021-01-21 19:54:43','2021-01-21 19:54:43'),(825,413,1,1,0,NULL,'2021-01-22 00:02:51','2021-01-22 00:02:51'),(826,413,44,3,0,NULL,'2021-01-22 00:02:51','2021-01-22 00:02:51'),(827,414,1,1,0,NULL,'2021-01-22 00:06:11','2021-01-22 00:06:11'),(828,414,44,3,0,NULL,'2021-01-22 00:06:11','2021-01-22 00:06:11'),(829,415,1,1,0,NULL,'2021-01-22 00:06:21','2021-01-22 00:06:21'),(830,415,44,3,0,NULL,'2021-01-22 00:06:21','2021-01-22 00:06:21'),(831,416,1,1,0,NULL,'2021-01-22 00:06:27','2021-01-22 00:06:27'),(832,416,44,3,0,NULL,'2021-01-22 00:06:27','2021-01-22 00:06:27'),(833,417,1,1,0,NULL,'2021-01-22 00:06:35','2021-01-22 00:06:35'),(834,417,44,3,0,NULL,'2021-01-22 00:06:35','2021-01-22 00:06:35'),(835,418,1,1,0,NULL,'2021-01-22 00:06:45','2021-01-22 00:06:45'),(836,418,36,3,1,NULL,'2021-01-22 00:06:45','2021-01-26 17:11:17'),(837,419,1,1,0,NULL,'2021-01-22 00:06:59','2021-01-22 00:06:59'),(838,419,36,3,1,NULL,'2021-01-22 00:06:59','2021-01-26 17:11:17'),(839,420,1,1,0,NULL,'2021-01-22 00:07:06','2021-01-22 00:07:06'),(840,420,36,3,1,NULL,'2021-01-22 00:07:06','2021-01-26 17:17:30'),(841,421,1,1,0,NULL,'2021-01-22 00:08:34','2021-01-22 00:08:34'),(842,421,1,3,1,NULL,'2021-01-22 00:08:34','2021-01-25 18:39:30'),(843,422,1,1,0,NULL,'2021-01-22 00:37:41','2021-01-22 00:37:41'),(844,422,53,2,0,NULL,'2021-01-22 00:37:41','2021-01-22 00:37:41'),(845,423,1,1,0,NULL,'2021-01-22 00:37:48','2021-01-22 00:37:48'),(846,423,1,2,1,NULL,'2021-01-22 00:37:48','2021-01-22 00:53:25'),(847,424,1,1,0,NULL,'2021-01-22 00:37:55','2021-01-22 00:37:55'),(848,424,1,2,1,NULL,'2021-01-22 00:37:55','2021-01-22 02:58:41'),(849,425,1,1,0,NULL,'2021-01-22 00:38:00','2021-01-22 00:38:00'),(850,425,1,2,1,NULL,'2021-01-22 00:38:00','2021-01-22 02:58:44'),(851,426,1,1,0,NULL,'2021-01-22 02:58:37','2021-01-22 02:58:37'),(852,426,21,3,0,NULL,'2021-01-22 02:58:37','2021-01-22 02:58:37'),(853,427,1,1,1,NULL,'2021-01-22 22:12:08','2021-01-27 00:53:51'),(854,427,41,3,0,NULL,'2021-01-22 22:12:08','2021-01-22 22:12:08'),(855,428,1,1,0,NULL,'2021-01-22 22:13:34','2021-01-22 22:13:34'),(856,428,24,3,1,NULL,'2021-01-22 22:13:34','2021-01-22 22:35:47'),(857,429,1,1,0,NULL,'2021-01-22 22:13:53','2021-01-22 22:13:53'),(858,429,24,3,1,NULL,'2021-01-22 22:13:53','2021-01-23 00:50:30'),(859,430,1,1,0,NULL,'2021-01-22 22:13:56','2021-01-22 22:13:56'),(860,430,24,3,1,NULL,'2021-01-22 22:13:56','2021-01-23 00:50:30'),(861,431,1,1,0,NULL,'2021-01-22 22:14:49','2021-01-22 22:14:49'),(862,431,24,3,0,NULL,'2021-01-22 22:14:49','2021-01-22 22:14:49'),(863,432,1,1,0,NULL,'2021-01-22 22:15:27','2021-01-22 22:15:27'),(864,432,24,3,1,NULL,'2021-01-22 22:15:27','2021-01-23 00:51:38'),(865,433,1,1,0,NULL,'2021-01-23 21:34:24','2021-01-23 21:34:24'),(866,433,40,2,0,NULL,'2021-01-23 21:34:24','2021-01-23 21:34:24'),(867,434,1,1,0,NULL,'2021-01-24 20:24:05','2021-01-24 20:24:05'),(868,434,21,3,0,NULL,'2021-01-24 20:24:05','2021-01-24 20:24:05'),(869,435,1,1,0,NULL,'2021-01-24 21:43:33','2021-01-24 21:43:33'),(870,435,44,3,0,NULL,'2021-01-24 21:43:33','2021-01-24 21:43:33'),(871,436,1,1,0,NULL,'2021-01-24 21:43:53','2021-01-24 21:43:53'),(872,436,36,3,0,NULL,'2021-01-24 21:43:53','2021-01-24 21:43:53'),(873,437,1,1,1,NULL,'2021-01-24 21:48:19','2021-01-27 00:53:46'),(874,437,25,3,0,NULL,'2021-01-24 21:48:19','2021-01-24 21:48:19'),(875,438,1,1,1,NULL,'2021-01-24 21:48:28','2021-01-27 00:53:46'),(876,438,25,3,0,NULL,'2021-01-24 21:48:28','2021-01-24 21:48:28'),(877,439,1,1,1,NULL,'2021-01-24 21:48:31','2021-01-27 00:53:46'),(878,439,25,3,0,NULL,'2021-01-24 21:48:31','2021-01-24 21:48:31'),(879,440,1,1,1,NULL,'2021-01-24 21:48:37','2021-01-27 00:53:46'),(880,440,25,3,0,NULL,'2021-01-24 21:48:37','2021-01-24 21:48:37'),(881,441,1,1,1,NULL,'2021-01-24 21:48:40','2021-01-27 00:53:46'),(882,441,25,3,0,NULL,'2021-01-24 21:48:40','2021-01-24 21:48:40'),(883,442,1,1,1,NULL,'2021-01-24 21:48:42','2021-01-27 00:53:46'),(884,442,25,3,0,NULL,'2021-01-24 21:48:42','2021-01-24 21:48:42'),(885,443,1,1,1,NULL,'2021-01-24 21:48:49','2021-01-27 00:53:46'),(886,443,25,3,0,NULL,'2021-01-24 21:48:49','2021-01-24 21:48:49'),(887,444,1,1,1,NULL,'2021-01-24 21:48:52','2021-01-27 00:53:46'),(888,444,25,3,0,NULL,'2021-01-24 21:48:52','2021-01-24 21:48:52'),(889,445,1,1,1,NULL,'2021-01-24 21:48:57','2021-01-27 00:53:46'),(890,445,25,3,0,NULL,'2021-01-24 21:48:57','2021-01-24 21:48:57'),(891,446,1,1,0,NULL,'2021-01-24 21:49:00','2021-01-24 21:49:00'),(892,446,44,3,0,NULL,'2021-01-24 21:49:00','2021-01-24 21:49:00'),(893,447,1,1,0,NULL,'2021-01-24 21:49:03','2021-01-24 21:49:03'),(894,447,44,3,0,NULL,'2021-01-24 21:49:03','2021-01-24 21:49:03'),(895,448,1,1,0,NULL,'2021-01-24 21:49:07','2021-01-24 21:49:07'),(896,448,44,3,0,NULL,'2021-01-24 21:49:07','2021-01-24 21:49:07'),(897,449,1,1,0,NULL,'2021-01-24 21:49:10','2021-01-24 21:49:10'),(898,449,44,3,0,NULL,'2021-01-24 21:49:10','2021-01-24 21:49:10'),(899,450,1,1,0,NULL,'2021-01-24 21:49:11','2021-01-24 21:49:11'),(900,450,44,3,0,NULL,'2021-01-24 21:49:11','2021-01-24 21:49:11'),(901,451,1,1,0,NULL,'2021-01-24 21:49:13','2021-01-24 21:49:13'),(902,451,44,3,0,NULL,'2021-01-24 21:49:13','2021-01-24 21:49:13'),(903,452,1,1,0,NULL,'2021-01-24 21:49:14','2021-01-24 21:49:14'),(904,452,44,3,0,NULL,'2021-01-24 21:49:14','2021-01-24 21:49:14'),(905,453,1,1,1,NULL,'2021-01-24 21:49:20','2021-01-27 00:53:46'),(906,453,25,3,0,NULL,'2021-01-24 21:49:20','2021-01-24 21:49:20'),(907,454,1,1,0,NULL,'2021-01-24 21:49:32','2021-01-24 21:49:32'),(908,454,44,3,0,NULL,'2021-01-24 21:49:32','2021-01-24 21:49:32'),(909,455,1,1,1,NULL,'2021-01-24 21:50:13','2021-01-27 00:53:46'),(910,455,25,3,0,NULL,'2021-01-24 21:50:13','2021-01-24 21:50:13'),(911,456,1,1,0,NULL,'2021-01-24 21:50:34','2021-01-24 21:50:34'),(912,456,44,3,0,NULL,'2021-01-24 21:50:34','2021-01-24 21:50:34'),(913,457,1,1,0,NULL,'2021-01-24 21:50:36','2021-01-24 21:50:36'),(914,457,44,3,0,NULL,'2021-01-24 21:50:36','2021-01-24 21:50:36'),(915,458,1,1,0,NULL,'2021-01-24 21:51:25','2021-01-24 21:51:25'),(916,458,36,3,1,NULL,'2021-01-24 21:51:25','2021-01-26 17:17:22'),(917,459,1,1,0,NULL,'2021-01-24 21:51:58','2021-01-24 21:51:58'),(918,459,44,3,0,NULL,'2021-01-24 21:51:58','2021-01-24 21:51:58'),(919,460,1,1,0,NULL,'2021-01-24 21:52:00','2021-01-24 21:52:00'),(920,460,44,3,0,NULL,'2021-01-24 21:52:00','2021-01-24 21:52:00'),(921,461,1,1,0,NULL,'2021-01-24 21:52:05','2021-01-24 21:52:05'),(922,461,44,3,0,NULL,'2021-01-24 21:52:05','2021-01-24 21:52:05'),(923,462,1,1,0,NULL,'2021-01-24 21:52:11','2021-01-24 21:52:11'),(924,462,44,3,0,NULL,'2021-01-24 21:52:11','2021-01-24 21:52:11'),(925,463,1,1,0,NULL,'2021-01-24 21:52:21','2021-01-24 21:52:21'),(926,463,44,3,0,NULL,'2021-01-24 21:52:21','2021-01-24 21:52:21'),(927,464,1,1,0,NULL,'2021-01-24 21:52:24','2021-01-24 21:52:24'),(928,464,44,3,0,NULL,'2021-01-24 21:52:24','2021-01-24 21:52:24'),(929,465,1,1,0,NULL,'2021-01-24 21:52:27','2021-01-24 21:52:27'),(930,465,44,3,0,NULL,'2021-01-24 21:52:27','2021-01-24 21:52:27'),(931,466,1,1,0,NULL,'2021-01-24 21:52:30','2021-01-24 21:52:30'),(932,466,44,3,0,NULL,'2021-01-24 21:52:30','2021-01-24 21:52:30'),(933,467,1,1,0,NULL,'2021-01-24 21:52:32','2021-01-24 21:52:32'),(934,467,44,3,0,NULL,'2021-01-24 21:52:32','2021-01-24 21:52:32'),(935,468,1,1,0,NULL,'2021-01-24 21:52:36','2021-01-24 21:52:36'),(936,468,44,3,0,NULL,'2021-01-24 21:52:36','2021-01-24 21:52:36'),(937,469,1,1,0,NULL,'2021-01-24 21:52:39','2021-01-24 21:52:39'),(938,469,44,3,0,NULL,'2021-01-24 21:52:39','2021-01-24 21:52:39'),(939,470,1,1,0,NULL,'2021-01-24 21:52:44','2021-01-24 21:52:44'),(940,470,44,3,0,NULL,'2021-01-24 21:52:44','2021-01-24 21:52:44'),(941,471,1,1,1,NULL,'2021-01-24 22:02:48','2021-01-27 00:53:46'),(942,471,25,3,0,NULL,'2021-01-24 22:02:48','2021-01-24 22:02:48'),(943,472,1,1,0,NULL,'2021-01-24 22:02:50','2021-01-24 22:02:50'),(944,472,44,3,0,NULL,'2021-01-24 22:02:50','2021-01-24 22:02:50'),(945,473,1,1,0,NULL,'2021-01-25 17:05:53','2021-01-25 17:05:53'),(946,473,7,2,0,NULL,'2021-01-25 17:05:53','2021-01-25 17:05:53'),(947,474,1,1,0,NULL,'2021-01-25 17:16:33','2021-01-25 17:16:33'),(948,474,33,2,0,NULL,'2021-01-25 17:16:33','2021-01-25 17:16:33'),(949,475,1,1,0,NULL,'2021-01-25 18:39:35','2021-01-25 18:39:35'),(950,475,1,2,1,NULL,'2021-01-25 18:39:35','2021-01-26 16:38:51'),(951,476,1,1,0,NULL,'2021-01-25 18:39:41','2021-01-25 18:39:41'),(952,476,1,2,1,NULL,'2021-01-25 18:39:41','2021-01-26 16:38:51'),(953,477,1,1,0,NULL,'2021-01-25 18:39:44','2021-01-25 18:39:44'),(954,477,1,2,1,NULL,'2021-01-25 18:39:44','2021-01-26 16:38:51'),(955,478,1,1,0,NULL,'2021-01-25 18:39:54','2021-01-25 18:39:54'),(956,478,1,2,1,NULL,'2021-01-25 18:39:54','2021-01-26 16:38:51'),(957,479,1,1,0,NULL,'2021-01-25 18:40:01','2021-01-25 18:40:01'),(958,479,1,2,1,NULL,'2021-01-25 18:40:01','2021-01-26 16:38:51'),(959,480,1,1,0,NULL,'2021-01-25 18:40:22','2021-01-25 18:40:22'),(960,480,1,2,1,NULL,'2021-01-25 18:40:22','2021-01-26 16:38:51'),(961,481,1,1,0,NULL,'2021-01-25 19:08:23','2021-01-25 19:08:23'),(962,481,53,2,0,NULL,'2021-01-25 19:08:23','2021-01-25 19:08:23'),(963,482,1,1,0,NULL,'2021-01-25 19:08:30','2021-01-25 19:08:30'),(964,482,53,2,0,NULL,'2021-01-25 19:08:30','2021-01-25 19:08:30'),(965,483,1,1,0,NULL,'2021-01-25 19:08:33','2021-01-25 19:08:33'),(966,483,53,2,0,NULL,'2021-01-25 19:08:33','2021-01-25 19:08:33'),(967,484,1,1,0,NULL,'2021-01-25 19:08:43','2021-01-25 19:08:43'),(968,484,53,2,0,NULL,'2021-01-25 19:08:43','2021-01-25 19:08:43'),(969,485,1,1,0,NULL,'2021-01-25 19:08:50','2021-01-25 19:08:50'),(970,485,53,2,0,NULL,'2021-01-25 19:08:50','2021-01-25 19:08:50'),(971,486,1,1,0,NULL,'2021-01-25 19:08:56','2021-01-25 19:08:56'),(972,486,53,2,0,NULL,'2021-01-25 19:08:56','2021-01-25 19:08:56'),(973,487,1,1,0,NULL,'2021-01-25 22:10:41','2021-01-25 22:10:41'),(974,487,1,2,1,NULL,'2021-01-25 22:10:41','2021-01-27 00:09:06'),(975,488,1,1,1,NULL,'2021-01-26 16:39:03','2021-01-27 00:53:36'),(976,488,74,3,0,'2021-01-27 00:20:08','2021-01-26 16:39:03','2021-01-26 16:39:03'),(977,489,1,1,1,NULL,'2021-01-26 17:04:02','2021-01-27 00:53:53'),(978,489,36,3,1,NULL,'2021-01-26 17:04:02','2021-01-26 17:07:01'),(979,490,1,1,0,NULL,'2021-01-26 17:04:34','2021-01-26 17:04:34'),(980,490,21,3,0,NULL,'2021-01-26 17:04:34','2021-01-26 17:04:34'),(981,491,1,1,0,NULL,'2021-01-26 17:05:18','2021-01-26 17:05:18'),(982,491,36,3,1,NULL,'2021-01-26 17:05:18','2021-01-26 17:17:22'),(983,492,1,1,0,NULL,'2021-01-26 17:06:19','2021-01-26 17:06:19'),(984,492,1,2,0,NULL,'2021-01-26 17:06:19','2021-01-26 17:06:19'),(985,493,1,1,0,NULL,'2021-01-26 17:06:25','2021-01-26 17:06:25'),(986,493,1,2,0,NULL,'2021-01-26 17:06:25','2021-01-26 17:06:25'),(987,494,1,1,0,NULL,'2021-01-26 17:06:37','2021-01-26 17:06:37'),(988,494,1,2,0,NULL,'2021-01-26 17:06:37','2021-01-26 17:06:37'),(989,495,1,1,0,NULL,'2021-01-26 17:17:25','2021-01-26 17:17:25'),(990,495,1,2,1,NULL,'2021-01-26 17:17:25','2021-01-27 00:22:59'),(991,496,1,1,1,NULL,'2021-01-26 23:35:11','2021-01-27 00:53:53'),(992,496,1,2,1,NULL,'2021-01-26 23:35:11','2021-01-27 00:00:09'),(993,497,1,1,1,NULL,'2021-01-26 23:35:15','2021-01-27 00:53:53'),(994,497,1,2,1,NULL,'2021-01-26 23:35:15','2021-01-27 00:00:09'),(995,498,1,1,1,NULL,'2021-01-26 23:35:20','2021-01-27 00:53:53'),(996,498,1,2,1,NULL,'2021-01-26 23:35:20','2021-01-27 00:00:09'),(997,499,1,1,1,NULL,'2021-01-26 23:35:22','2021-01-27 00:53:53'),(998,499,1,2,1,NULL,'2021-01-26 23:35:22','2021-01-27 00:00:09'),(999,500,1,1,1,NULL,'2021-01-26 23:35:24','2021-01-27 00:53:53'),(1000,500,1,2,1,NULL,'2021-01-26 23:35:24','2021-01-27 00:00:09'),(1001,501,1,1,1,NULL,'2021-01-26 23:35:51','2021-01-27 00:53:53'),(1002,501,1,2,1,NULL,'2021-01-26 23:35:51','2021-01-27 00:00:09'),(1003,502,1,1,1,NULL,'2021-01-26 23:35:53','2021-01-27 00:53:53'),(1004,502,1,2,1,NULL,'2021-01-26 23:35:53','2021-01-27 00:00:09'),(1005,503,1,1,1,NULL,'2021-01-26 23:35:54','2021-01-27 00:53:53'),(1006,503,1,2,1,NULL,'2021-01-26 23:35:54','2021-01-27 00:00:09'),(1007,504,1,1,1,NULL,'2021-01-26 23:36:25','2021-01-27 00:53:53'),(1008,504,1,2,1,NULL,'2021-01-26 23:36:25','2021-01-27 00:00:09'),(1009,505,1,1,1,NULL,'2021-01-26 23:36:28','2021-01-27 00:53:53'),(1010,505,1,2,1,NULL,'2021-01-26 23:36:28','2021-01-27 00:00:09'),(1011,506,1,1,1,NULL,'2021-01-26 23:36:30','2021-01-27 00:53:53'),(1012,506,1,2,1,NULL,'2021-01-26 23:36:30','2021-01-27 00:00:09'),(1013,507,1,1,1,NULL,'2021-01-26 23:36:31','2021-01-27 00:53:53'),(1014,507,1,2,1,NULL,'2021-01-26 23:36:31','2021-01-27 00:00:09'),(1015,508,1,1,1,NULL,'2021-01-26 23:36:32','2021-01-27 00:53:53'),(1016,508,1,2,1,NULL,'2021-01-26 23:36:32','2021-01-27 00:00:09'),(1017,509,1,1,1,NULL,'2021-01-26 23:36:32','2021-01-27 00:53:53'),(1018,509,1,2,1,NULL,'2021-01-26 23:36:32','2021-01-27 00:00:09'),(1019,510,1,1,1,NULL,'2021-01-26 23:36:33','2021-01-27 00:53:53'),(1020,510,1,2,1,NULL,'2021-01-26 23:36:33','2021-01-27 00:00:09'),(1021,511,1,1,1,NULL,'2021-01-26 23:36:33','2021-01-27 00:53:53'),(1022,511,1,2,1,NULL,'2021-01-26 23:36:33','2021-01-27 00:00:09'),(1023,512,1,1,1,NULL,'2021-01-26 23:36:33','2021-01-27 00:53:53'),(1024,512,1,2,1,NULL,'2021-01-26 23:36:33','2021-01-27 00:00:09'),(1025,513,1,1,1,NULL,'2021-01-26 23:36:47','2021-01-27 00:53:53'),(1026,513,1,2,1,NULL,'2021-01-26 23:36:47','2021-01-27 00:00:09'),(1027,514,1,1,1,NULL,'2021-01-26 23:36:47','2021-01-27 00:53:53'),(1028,514,1,2,1,NULL,'2021-01-26 23:36:47','2021-01-27 00:00:09'),(1029,515,1,1,1,NULL,'2021-01-26 23:36:52','2021-01-27 00:53:53'),(1030,515,1,2,1,NULL,'2021-01-26 23:36:52','2021-01-27 00:00:09'),(1031,516,1,1,1,NULL,'2021-01-26 23:36:55','2021-01-27 00:53:53'),(1032,516,1,2,1,NULL,'2021-01-26 23:36:55','2021-01-27 00:00:09'),(1033,517,1,1,0,NULL,'2021-01-26 23:40:35','2021-01-26 23:40:35'),(1034,517,1,2,1,NULL,'2021-01-26 23:40:35','2021-01-27 00:07:59'),(1035,518,1,1,0,NULL,'2021-01-26 23:40:57','2021-01-26 23:40:57'),(1036,518,1,2,1,NULL,'2021-01-26 23:40:57','2021-01-27 00:07:59'),(1037,519,1,1,0,NULL,'2021-01-26 23:42:01','2021-01-26 23:42:01'),(1038,519,1,2,1,NULL,'2021-01-26 23:42:01','2021-01-27 00:07:59'),(1039,520,1,1,0,NULL,'2021-01-26 23:57:54','2021-01-26 23:57:54'),(1040,520,1,2,0,NULL,'2021-01-26 23:57:54','2021-01-26 23:57:54'),(1041,521,1,1,0,NULL,'2021-01-26 23:58:02','2021-01-26 23:58:02'),(1042,521,1,2,0,NULL,'2021-01-26 23:58:02','2021-01-26 23:58:02'),(1043,522,1,1,0,NULL,'2021-01-26 23:58:10','2021-01-26 23:58:10'),(1044,522,1,2,0,NULL,'2021-01-26 23:58:10','2021-01-26 23:58:10'),(1045,523,1,1,0,NULL,'2021-01-26 23:58:16','2021-01-26 23:58:16'),(1046,523,1,2,0,NULL,'2021-01-26 23:58:16','2021-01-26 23:58:16'),(1047,524,1,1,0,NULL,'2021-01-26 23:58:22','2021-01-26 23:58:22'),(1048,524,1,2,0,NULL,'2021-01-26 23:58:22','2021-01-26 23:58:22'),(1049,525,1,1,0,NULL,'2021-01-26 23:58:26','2021-01-26 23:58:26'),(1050,525,1,2,0,NULL,'2021-01-26 23:58:26','2021-01-26 23:58:26'),(1051,526,1,1,0,NULL,'2021-01-26 23:58:31','2021-01-26 23:58:31'),(1052,526,1,2,0,NULL,'2021-01-26 23:58:31','2021-01-26 23:58:31'),(1053,527,1,1,0,NULL,'2021-01-26 23:58:34','2021-01-26 23:58:34'),(1054,527,1,2,0,NULL,'2021-01-26 23:58:34','2021-01-26 23:58:34'),(1055,528,1,1,0,NULL,'2021-01-26 23:58:38','2021-01-26 23:58:38'),(1056,528,1,2,0,NULL,'2021-01-26 23:58:38','2021-01-26 23:58:38'),(1057,529,1,1,0,NULL,'2021-01-26 23:58:41','2021-01-26 23:58:41'),(1058,529,1,2,0,NULL,'2021-01-26 23:58:41','2021-01-26 23:58:41'),(1059,530,1,1,0,NULL,'2021-01-26 23:59:03','2021-01-26 23:59:03'),(1060,530,1,2,1,NULL,'2021-01-26 23:59:03','2021-01-27 00:07:59'),(1061,531,1,1,0,NULL,'2021-01-26 23:59:17','2021-01-26 23:59:17'),(1062,531,1,2,1,NULL,'2021-01-26 23:59:17','2021-01-27 00:07:59'),(1063,532,1,1,0,NULL,'2021-01-26 23:59:23','2021-01-26 23:59:23'),(1064,532,1,2,1,NULL,'2021-01-26 23:59:23','2021-01-27 00:07:59'),(1065,533,1,1,0,NULL,'2021-01-26 23:59:42','2021-01-26 23:59:42'),(1066,533,1,2,1,NULL,'2021-01-26 23:59:42','2021-01-27 00:07:59'),(1067,534,1,1,1,NULL,'2021-01-27 00:00:27','2021-01-27 00:53:53'),(1068,534,36,3,1,NULL,'2021-01-27 00:00:27','2021-01-27 00:16:33'),(1069,535,1,1,0,NULL,'2021-01-27 00:00:32','2021-01-27 00:00:32'),(1070,535,1,2,0,NULL,'2021-01-27 00:00:32','2021-01-27 00:00:32'),(1071,536,1,1,0,NULL,'2021-01-27 00:00:36','2021-01-27 00:00:36'),(1072,536,1,2,0,NULL,'2021-01-27 00:00:36','2021-01-27 00:00:36'),(1073,537,1,1,0,NULL,'2021-01-27 00:00:49','2021-01-27 00:00:49'),(1074,537,1,2,0,NULL,'2021-01-27 00:00:49','2021-01-27 00:00:49'),(1075,538,1,1,1,NULL,'2021-01-27 00:00:59','2021-01-27 00:54:02'),(1076,538,36,3,1,NULL,'2021-01-27 00:00:59','2021-01-27 00:17:33'),(1077,539,1,1,1,NULL,'2021-01-27 00:01:01','2021-01-27 00:54:02'),(1078,539,36,3,1,NULL,'2021-01-27 00:01:01','2021-01-27 00:17:33'),(1079,540,1,1,1,NULL,'2021-01-27 00:01:03','2021-01-27 00:54:02'),(1080,540,36,3,1,NULL,'2021-01-27 00:01:03','2021-01-27 00:17:33'),(1081,541,1,1,0,NULL,'2021-01-27 00:01:06','2021-01-27 00:01:06'),(1082,541,1,2,0,NULL,'2021-01-27 00:01:06','2021-01-27 00:01:06'),(1083,542,1,1,1,NULL,'2021-01-27 00:01:08','2021-01-27 00:54:02'),(1084,542,36,3,1,NULL,'2021-01-27 00:01:08','2021-01-27 00:17:33'),(1085,543,1,1,0,NULL,'2021-01-27 00:01:10','2021-01-27 00:01:10'),(1086,543,1,2,0,NULL,'2021-01-27 00:01:10','2021-01-27 00:01:10'),(1087,544,1,1,1,NULL,'2021-01-27 00:01:11','2021-01-27 00:54:02'),(1088,544,36,3,1,NULL,'2021-01-27 00:01:11','2021-01-27 00:17:33'),(1089,545,1,1,1,NULL,'2021-01-27 00:01:14','2021-01-27 00:54:02'),(1090,545,36,3,1,NULL,'2021-01-27 00:01:14','2021-01-27 00:17:33'),(1091,546,1,1,0,NULL,'2021-01-27 00:01:15','2021-01-27 00:01:15'),(1092,546,1,2,0,NULL,'2021-01-27 00:01:15','2021-01-27 00:01:15'),(1093,547,1,1,1,NULL,'2021-01-27 00:01:18','2021-01-27 00:54:02'),(1094,547,36,3,1,NULL,'2021-01-27 00:01:18','2021-01-27 00:17:33'),(1095,548,1,1,0,NULL,'2021-01-27 00:01:18','2021-01-27 00:01:18'),(1096,548,1,2,0,NULL,'2021-01-27 00:01:18','2021-01-27 00:01:18'),(1097,549,1,1,0,NULL,'2021-01-27 00:01:21','2021-01-27 00:01:21'),(1098,549,1,2,0,NULL,'2021-01-27 00:01:21','2021-01-27 00:01:21'),(1099,550,1,1,1,NULL,'2021-01-27 00:01:24','2021-01-27 00:54:02'),(1100,550,36,3,1,NULL,'2021-01-27 00:01:24','2021-01-27 00:17:33'),(1101,551,1,1,0,NULL,'2021-01-27 00:01:24','2021-01-27 00:01:24'),(1102,551,1,2,0,NULL,'2021-01-27 00:01:24','2021-01-27 00:01:24'),(1103,552,1,1,1,NULL,'2021-01-27 00:01:52','2021-01-27 00:53:53'),(1104,552,36,3,1,NULL,'2021-01-27 00:01:52','2021-01-27 00:16:33'),(1105,553,1,1,1,NULL,'2021-01-27 00:02:10','2021-01-27 00:53:53'),(1106,553,36,3,1,NULL,'2021-01-27 00:02:10','2021-01-27 00:16:33'),(1107,554,1,1,1,NULL,'2021-01-27 00:02:14','2021-01-27 00:53:53'),(1108,554,36,3,1,NULL,'2021-01-27 00:02:14','2021-01-27 00:16:33'),(1109,555,1,1,1,NULL,'2021-01-27 00:02:18','2021-01-27 00:53:53'),(1110,555,36,3,1,NULL,'2021-01-27 00:02:18','2021-01-27 00:16:33'),(1111,556,1,1,1,NULL,'2021-01-27 00:02:21','2021-01-27 00:53:53'),(1112,556,36,3,1,NULL,'2021-01-27 00:02:21','2021-01-27 00:16:33'),(1113,557,1,1,0,NULL,'2021-01-27 00:02:34','2021-01-27 00:02:34'),(1114,557,1,2,0,NULL,'2021-01-27 00:02:34','2021-01-27 00:02:34'),(1115,558,1,1,1,NULL,'2021-01-27 00:02:37','2021-01-27 00:53:53'),(1116,558,36,3,1,NULL,'2021-01-27 00:02:37','2021-01-27 00:16:33'),(1117,559,1,1,0,NULL,'2021-01-27 00:02:37','2021-01-27 00:02:37'),(1118,559,1,2,0,NULL,'2021-01-27 00:02:37','2021-01-27 00:02:37'),(1119,560,1,1,1,NULL,'2021-01-27 00:02:39','2021-01-27 00:53:53'),(1120,560,36,3,1,NULL,'2021-01-27 00:02:39','2021-01-27 00:16:33'),(1121,561,1,1,1,NULL,'2021-01-27 00:02:40','2021-01-27 00:53:53'),(1122,561,36,3,1,NULL,'2021-01-27 00:02:40','2021-01-27 00:16:33'),(1123,562,1,1,1,NULL,'2021-01-27 00:02:42','2021-01-27 00:53:53'),(1124,562,36,3,1,NULL,'2021-01-27 00:02:42','2021-01-27 00:16:33'),(1125,563,1,1,0,NULL,'2021-01-27 00:02:45','2021-01-27 00:02:45'),(1126,563,1,2,0,NULL,'2021-01-27 00:02:45','2021-01-27 00:02:45'),(1127,564,1,1,1,NULL,'2021-01-27 00:02:50','2021-01-27 00:54:02'),(1128,564,36,3,1,NULL,'2021-01-27 00:02:50','2021-01-27 00:17:33'),(1129,565,1,1,0,NULL,'2021-01-27 00:02:57','2021-01-27 00:02:57'),(1130,565,27,2,0,NULL,'2021-01-27 00:02:57','2021-01-27 00:02:57'),(1131,566,1,1,1,NULL,'2021-01-27 00:02:58','2021-01-27 00:54:02'),(1132,566,36,3,1,NULL,'2021-01-27 00:02:58','2021-01-27 00:17:33'),(1133,567,1,1,0,NULL,'2021-01-27 00:03:04','2021-01-27 00:03:04'),(1134,567,27,2,0,NULL,'2021-01-27 00:03:04','2021-01-27 00:03:04'),(1135,568,1,1,1,NULL,'2021-01-27 00:03:26','2021-01-27 00:53:53'),(1136,568,36,3,1,NULL,'2021-01-27 00:03:26','2021-01-27 00:16:33'),(1137,569,1,1,1,NULL,'2021-01-27 00:03:28','2021-01-27 00:53:53'),(1138,569,36,3,1,NULL,'2021-01-27 00:03:28','2021-01-27 00:16:33'),(1139,570,1,1,1,NULL,'2021-01-27 00:03:29','2021-01-27 00:53:53'),(1140,570,36,3,1,NULL,'2021-01-27 00:03:29','2021-01-27 00:16:33'),(1141,571,1,1,1,NULL,'2021-01-27 00:03:32','2021-01-27 00:53:53'),(1142,571,36,3,1,NULL,'2021-01-27 00:03:32','2021-01-27 00:16:33'),(1143,572,1,1,1,NULL,'2021-01-27 00:04:04','2021-01-27 00:53:53'),(1144,572,36,3,1,NULL,'2021-01-27 00:04:04','2021-01-27 00:16:33'),(1145,573,1,1,1,NULL,'2021-01-27 00:04:08','2021-01-27 00:53:53'),(1146,573,36,3,1,NULL,'2021-01-27 00:04:08','2021-01-27 00:16:33'),(1147,574,1,1,1,NULL,'2021-01-27 00:04:44','2021-01-27 00:53:53'),(1148,574,36,3,1,NULL,'2021-01-27 00:04:44','2021-01-27 00:16:33'),(1149,575,1,1,1,NULL,'2021-01-27 00:04:46','2021-01-27 00:53:53'),(1150,575,36,3,1,NULL,'2021-01-27 00:04:46','2021-01-27 00:16:33'),(1151,576,1,1,1,NULL,'2021-01-27 00:04:48','2021-01-27 00:53:53'),(1152,576,36,3,1,NULL,'2021-01-27 00:04:48','2021-01-27 00:16:33'),(1153,577,1,1,1,NULL,'2021-01-27 00:06:11','2021-01-27 00:54:02'),(1154,577,36,3,1,NULL,'2021-01-27 00:06:11','2021-01-27 00:17:33'),(1155,578,1,1,1,NULL,'2021-01-27 00:06:15','2021-01-27 00:54:02'),(1156,578,36,3,1,NULL,'2021-01-27 00:06:15','2021-01-27 00:17:33'),(1157,579,1,1,1,NULL,'2021-01-27 00:09:50','2021-01-27 00:53:53'),(1158,579,36,3,1,NULL,'2021-01-27 00:09:50','2021-01-27 00:16:33'),(1159,580,1,1,1,NULL,'2021-01-27 00:09:57','2021-01-27 00:53:53'),(1160,580,36,3,1,NULL,'2021-01-27 00:09:57','2021-01-27 00:16:33'),(1161,581,1,1,1,NULL,'2021-01-27 00:12:06','2021-01-27 00:53:53'),(1162,581,36,3,1,NULL,'2021-01-27 00:12:06','2021-01-27 00:16:33'),(1163,582,1,1,1,NULL,'2021-01-27 00:12:11','2021-01-27 00:53:53'),(1164,582,36,3,1,NULL,'2021-01-27 00:12:11','2021-01-27 00:16:33'),(1165,583,1,1,0,NULL,'2021-01-27 00:15:19','2021-01-27 00:15:19'),(1166,583,53,2,0,NULL,'2021-01-27 00:15:19','2021-01-27 00:15:19'),(1167,584,1,1,1,NULL,'2021-01-27 00:15:24','2021-01-27 00:53:53'),(1168,584,36,3,1,NULL,'2021-01-27 00:15:24','2021-01-27 00:16:33'),(1169,585,1,1,1,NULL,'2021-01-27 00:15:26','2021-01-27 00:53:53'),(1170,585,36,3,1,NULL,'2021-01-27 00:15:26','2021-01-27 00:16:33'),(1171,586,1,1,0,NULL,'2021-01-27 00:15:28','2021-01-27 00:15:28'),(1172,586,53,2,0,NULL,'2021-01-27 00:15:28','2021-01-27 00:15:28'),(1173,587,1,1,0,NULL,'2021-01-27 00:15:40','2021-01-27 00:15:40'),(1174,587,53,2,0,NULL,'2021-01-27 00:15:40','2021-01-27 00:15:40'),(1175,588,1,1,0,NULL,'2021-01-27 00:16:23','2021-01-27 00:16:23'),(1176,588,1,2,1,NULL,'2021-01-27 00:16:23','2021-01-27 00:38:37'),(1177,589,1,1,1,NULL,'2021-01-27 00:16:49','2021-01-27 00:53:53'),(1178,589,1,2,1,NULL,'2021-01-27 00:16:49','2021-01-27 00:16:49'),(1179,590,1,1,1,NULL,'2021-01-27 00:16:56','2021-01-27 00:53:53'),(1180,590,1,2,1,NULL,'2021-01-27 00:16:56','2021-01-27 00:16:57'),(1181,591,1,1,1,NULL,'2021-01-27 00:17:06','2021-01-27 00:53:53'),(1182,591,36,3,1,NULL,'2021-01-27 00:17:06','2021-01-27 00:17:07'),(1183,592,1,1,0,NULL,'2021-01-27 00:17:16','2021-01-27 00:17:16'),(1184,592,53,2,0,NULL,'2021-01-27 00:17:16','2021-01-27 00:17:16'),(1185,593,1,1,0,NULL,'2021-01-27 00:17:17','2021-01-27 00:17:17'),(1186,593,53,2,0,NULL,'2021-01-27 00:17:17','2021-01-27 00:17:17'),(1187,594,1,1,0,NULL,'2021-01-27 00:17:17','2021-01-27 00:17:17'),(1188,594,53,2,0,NULL,'2021-01-27 00:17:17','2021-01-27 00:17:17'),(1189,595,1,1,0,NULL,'2021-01-27 00:17:18','2021-01-27 00:17:18'),(1190,595,53,2,0,NULL,'2021-01-27 00:17:18','2021-01-27 00:17:18'),(1191,596,1,1,1,NULL,'2021-01-27 00:17:38','2021-01-27 00:54:02'),(1192,596,1,2,1,NULL,'2021-01-27 00:17:38','2021-01-27 00:17:48'),(1193,597,1,1,1,NULL,'2021-01-27 00:17:41','2021-01-27 00:54:02'),(1194,597,1,2,1,NULL,'2021-01-27 00:17:41','2021-01-27 00:17:48'),(1195,598,1,1,1,NULL,'2021-01-27 00:17:52','2021-01-27 00:54:02'),(1196,598,36,3,1,NULL,'2021-01-27 00:17:52','2021-01-27 00:17:53'),(1197,599,1,1,1,NULL,'2021-01-27 00:18:54','2021-01-27 00:53:53'),(1198,599,1,2,1,NULL,'2021-01-27 00:18:54','2021-01-27 00:18:54'),(1199,600,1,1,1,NULL,'2021-01-27 00:19:00','2021-01-27 00:53:53'),(1200,600,1,2,1,NULL,'2021-01-27 00:19:00','2021-01-27 00:19:01'),(1201,601,1,1,1,NULL,'2021-01-27 00:19:07','2021-01-27 00:53:53'),(1202,601,1,2,1,NULL,'2021-01-27 00:19:07','2021-01-27 00:19:07'),(1203,602,1,1,1,NULL,'2021-01-27 00:19:50','2021-01-27 00:53:53'),(1204,602,36,3,1,NULL,'2021-01-27 00:19:50','2021-01-27 00:19:51'),(1205,603,1,1,1,NULL,'2021-01-27 00:20:07','2021-01-27 00:53:36'),(1206,603,74,3,0,'2021-01-27 00:20:08','2021-01-27 00:20:07','2021-01-27 00:20:07'),(1207,604,1,1,1,NULL,'2021-01-27 00:20:52','2021-01-27 00:53:53'),(1208,604,36,3,1,NULL,'2021-01-27 00:20:52','2021-01-27 00:20:53'),(1209,605,1,1,0,NULL,'2021-01-27 00:22:49','2021-01-27 00:22:49'),(1210,605,44,3,0,NULL,'2021-01-27 00:22:49','2021-01-27 00:22:49'),(1211,606,1,1,0,NULL,'2021-01-27 00:38:53','2021-01-27 00:38:53'),(1212,606,36,3,1,NULL,'2021-01-27 00:38:53','2021-01-27 00:42:29'),(1213,607,1,1,1,NULL,'2021-01-27 00:39:01','2021-01-27 00:53:53'),(1214,607,36,3,1,NULL,'2021-01-27 00:39:01','2021-01-27 00:39:01'),(1215,608,1,1,1,NULL,'2021-01-27 00:39:24','2021-01-27 00:54:02'),(1216,608,36,3,1,NULL,'2021-01-27 00:39:24','2021-01-27 00:41:48'),(1217,609,1,1,1,NULL,'2021-01-27 00:39:26','2021-01-27 00:54:02'),(1218,609,36,3,1,NULL,'2021-01-27 00:39:26','2021-01-27 00:41:48'),(1219,610,1,1,1,NULL,'2021-01-27 00:39:28','2021-01-27 00:54:02'),(1220,610,36,3,1,NULL,'2021-01-27 00:39:28','2021-01-27 00:41:48'),(1221,611,1,1,1,NULL,'2021-01-27 00:39:30','2021-01-27 00:54:02'),(1222,611,36,3,1,NULL,'2021-01-27 00:39:30','2021-01-27 00:41:48'),(1223,612,1,1,1,NULL,'2021-01-27 00:39:57','2021-01-27 00:53:36'),(1224,612,74,3,0,'2021-01-27 00:20:08','2021-01-27 00:39:57','2021-01-27 00:39:57'),(1225,613,1,1,1,NULL,'2021-01-27 00:40:00','2021-01-27 00:53:36'),(1226,613,74,3,0,'2021-01-27 00:20:08','2021-01-27 00:40:00','2021-01-27 00:40:00'),(1227,614,1,1,1,NULL,'2021-01-27 00:40:02','2021-01-27 00:53:36'),(1228,614,74,3,0,'2021-01-27 00:20:08','2021-01-27 00:40:02','2021-01-27 00:40:02'),(1229,615,1,1,1,NULL,'2021-01-27 00:40:03','2021-01-27 00:53:36'),(1230,615,74,3,0,'2021-01-27 00:20:08','2021-01-27 00:40:03','2021-01-27 00:40:03'),(1231,616,1,1,1,NULL,'2021-01-27 00:40:05','2021-01-27 00:53:36'),(1232,616,74,3,0,'2021-01-27 00:20:08','2021-01-27 00:40:05','2021-01-27 00:40:05'),(1233,617,1,1,1,NULL,'2021-01-27 00:40:06','2021-01-27 00:53:36'),(1234,617,74,3,0,'2021-01-27 00:20:08','2021-01-27 00:40:06','2021-01-27 00:40:06'),(1235,618,1,1,1,NULL,'2021-01-27 00:40:08','2021-01-27 00:53:36'),(1236,618,74,3,0,'2021-01-27 00:20:08','2021-01-27 00:40:08','2021-01-27 00:40:08'),(1237,619,1,1,1,NULL,'2021-01-27 00:40:09','2021-01-27 00:53:36'),(1238,619,74,3,0,'2021-01-27 00:20:08','2021-01-27 00:40:09','2021-01-27 00:40:09'),(1239,620,1,1,1,NULL,'2021-01-27 00:40:10','2021-01-27 00:53:36'),(1240,620,74,3,0,'2021-01-27 00:20:08','2021-01-27 00:40:10','2021-01-27 00:40:10'),(1241,621,1,1,0,NULL,'2021-01-27 00:40:39','2021-01-27 00:40:39'),(1242,621,21,3,0,NULL,'2021-01-27 00:40:39','2021-01-27 00:40:39'),(1243,622,1,1,0,NULL,'2021-01-27 00:40:44','2021-01-27 00:40:44'),(1244,622,21,3,0,NULL,'2021-01-27 00:40:44','2021-01-27 00:40:44'),(1245,623,1,1,0,NULL,'2021-01-27 00:40:45','2021-01-27 00:40:45'),(1246,623,21,3,0,NULL,'2021-01-27 00:40:45','2021-01-27 00:40:45'),(1247,624,1,1,0,NULL,'2021-01-27 00:40:46','2021-01-27 00:40:46'),(1248,624,21,3,0,NULL,'2021-01-27 00:40:46','2021-01-27 00:40:46'),(1249,625,1,1,0,NULL,'2021-01-27 00:40:48','2021-01-27 00:40:48'),(1250,625,21,3,0,NULL,'2021-01-27 00:40:48','2021-01-27 00:40:48'),(1251,626,1,1,0,NULL,'2021-01-27 00:40:49','2021-01-27 00:40:49'),(1252,626,21,3,0,NULL,'2021-01-27 00:40:49','2021-01-27 00:40:49'),(1253,627,1,1,1,NULL,'2021-01-27 00:42:05','2021-01-27 00:54:02'),(1254,627,1,2,1,NULL,'2021-01-27 00:42:05','2021-01-27 01:13:17'),(1255,628,1,1,1,NULL,'2021-01-27 00:42:07','2021-01-27 00:54:02'),(1256,628,1,2,1,NULL,'2021-01-27 00:42:07','2021-01-27 01:13:17'),(1257,629,1,1,1,NULL,'2021-01-27 00:42:09','2021-01-27 00:54:02'),(1258,629,1,2,1,NULL,'2021-01-27 00:42:09','2021-01-27 01:13:17'),(1259,630,1,1,1,NULL,'2021-01-27 00:42:11','2021-01-27 00:54:02'),(1260,630,1,2,1,NULL,'2021-01-27 00:42:11','2021-01-27 01:13:17'),(1261,631,1,1,1,NULL,'2021-01-27 00:42:13','2021-01-27 00:54:02'),(1262,631,1,2,1,NULL,'2021-01-27 00:42:13','2021-01-27 01:13:17'),(1263,632,1,1,1,NULL,'2021-01-27 00:42:15','2021-01-27 00:54:02'),(1264,632,1,2,1,NULL,'2021-01-27 00:42:15','2021-01-27 01:13:17'),(1265,633,1,1,1,NULL,'2021-01-27 00:42:16','2021-01-27 00:54:02'),(1266,633,1,2,1,NULL,'2021-01-27 00:42:16','2021-01-27 01:13:17'),(1267,634,1,1,1,NULL,'2021-01-27 00:42:18','2021-01-27 00:54:02'),(1268,634,1,2,1,NULL,'2021-01-27 00:42:18','2021-01-27 01:13:17'),(1269,635,1,1,1,NULL,'2021-01-27 00:42:20','2021-01-27 00:54:02'),(1270,635,1,2,1,NULL,'2021-01-27 00:42:20','2021-01-27 01:13:17'),(1271,636,1,1,1,NULL,'2021-01-27 00:42:22','2021-01-27 00:54:02'),(1272,636,1,2,1,NULL,'2021-01-27 00:42:22','2021-01-27 01:13:17'),(1273,637,1,1,0,NULL,'2021-01-27 00:42:37','2021-01-27 00:42:37'),(1274,637,1,2,1,NULL,'2021-01-27 00:42:37','2021-01-27 01:39:56'),(1275,638,1,1,0,NULL,'2021-01-27 00:42:38','2021-01-27 00:42:38'),(1276,638,1,2,1,NULL,'2021-01-27 00:42:38','2021-01-27 01:39:56'),(1277,639,1,1,0,NULL,'2021-01-27 00:42:40','2021-01-27 00:42:40'),(1278,639,1,2,1,NULL,'2021-01-27 00:42:40','2021-01-27 01:39:56'),(1279,640,1,1,0,NULL,'2021-01-27 00:42:42','2021-01-27 00:42:42'),(1280,640,1,2,1,NULL,'2021-01-27 00:42:42','2021-01-27 01:39:56'),(1281,641,1,1,0,NULL,'2021-01-27 00:42:44','2021-01-27 00:42:44'),(1282,641,1,2,1,NULL,'2021-01-27 00:42:44','2021-01-27 01:39:56'),(1283,642,1,1,0,NULL,'2021-01-27 00:42:47','2021-01-27 00:42:47'),(1284,642,1,2,1,NULL,'2021-01-27 00:42:47','2021-01-27 01:39:56'),(1285,643,1,1,0,NULL,'2021-01-27 00:42:50','2021-01-27 00:42:50'),(1286,643,1,2,1,NULL,'2021-01-27 00:42:50','2021-01-27 01:39:56'),(1287,644,1,1,0,NULL,'2021-01-27 00:42:52','2021-01-27 00:42:52'),(1288,644,1,2,1,NULL,'2021-01-27 00:42:52','2021-01-27 01:39:56'),(1289,645,1,1,0,NULL,'2021-01-27 00:42:54','2021-01-27 00:42:54'),(1290,645,1,2,1,NULL,'2021-01-27 00:42:54','2021-01-27 01:39:56'),(1291,646,1,1,1,NULL,'2021-01-27 00:43:42','2021-01-27 00:53:53'),(1292,646,1,2,1,NULL,'2021-01-27 00:43:42','2021-01-27 01:13:14'),(1293,647,1,1,1,NULL,'2021-01-27 00:43:45','2021-01-27 00:53:53'),(1294,647,1,2,1,NULL,'2021-01-27 00:43:45','2021-01-27 01:13:14'),(1295,648,1,1,1,NULL,'2021-01-27 00:43:46','2021-01-27 00:53:53'),(1296,648,1,2,1,NULL,'2021-01-27 00:43:46','2021-01-27 01:13:14'),(1297,649,1,1,1,NULL,'2021-01-27 00:43:48','2021-01-27 00:53:53'),(1298,649,1,2,1,NULL,'2021-01-27 00:43:48','2021-01-27 01:13:14'),(1299,650,1,1,1,NULL,'2021-01-27 00:43:49','2021-01-27 00:53:53'),(1300,650,1,2,1,NULL,'2021-01-27 00:43:49','2021-01-27 01:13:14'),(1301,651,1,1,1,NULL,'2021-01-27 00:43:59','2021-01-27 00:54:02'),(1302,651,1,2,1,NULL,'2021-01-27 00:43:59','2021-01-27 01:13:17'),(1303,652,1,1,1,NULL,'2021-01-27 00:44:01','2021-01-27 00:54:02'),(1304,652,1,2,1,NULL,'2021-01-27 00:44:01','2021-01-27 01:13:17'),(1305,653,1,1,1,NULL,'2021-01-27 00:44:03','2021-01-27 00:54:02'),(1306,653,1,2,1,NULL,'2021-01-27 00:44:03','2021-01-27 01:13:17'),(1307,654,1,1,1,NULL,'2021-01-27 00:44:04','2021-01-27 00:54:02'),(1308,654,1,2,1,NULL,'2021-01-27 00:44:04','2021-01-27 01:13:17'),(1309,655,1,1,1,NULL,'2021-01-27 00:44:06','2021-01-27 00:54:02'),(1310,655,1,2,1,NULL,'2021-01-27 00:44:06','2021-01-27 01:13:17'),(1311,656,1,1,1,NULL,'2021-01-27 00:44:08','2021-01-27 00:54:02'),(1312,656,1,2,1,NULL,'2021-01-27 00:44:08','2021-01-27 01:13:17'),(1313,657,1,1,1,NULL,'2021-01-27 00:44:10','2021-01-27 00:54:02'),(1314,657,1,2,1,NULL,'2021-01-27 00:44:10','2021-01-27 01:13:17'),(1315,658,1,1,1,NULL,'2021-01-27 00:44:12','2021-01-27 00:54:02'),(1316,658,1,2,1,NULL,'2021-01-27 00:44:12','2021-01-27 01:13:17'),(1317,659,1,1,1,NULL,'2021-01-27 00:44:14','2021-01-27 00:54:02'),(1318,659,1,2,1,NULL,'2021-01-27 00:44:14','2021-01-27 01:13:17'),(1319,660,1,1,1,NULL,'2021-01-27 00:47:45','2021-01-27 00:53:53'),(1320,660,1,2,1,NULL,'2021-01-27 00:47:45','2021-01-27 01:13:14'),(1321,661,1,1,0,NULL,'2021-01-27 00:47:55','2021-01-27 00:47:55'),(1322,661,53,2,0,NULL,'2021-01-27 00:47:55','2021-01-27 00:47:55'),(1323,662,1,1,0,NULL,'2021-01-27 00:48:08','2021-01-27 00:48:08'),(1324,662,53,2,0,NULL,'2021-01-27 00:48:08','2021-01-27 00:48:08'),(1325,663,1,1,0,NULL,'2021-01-27 00:48:16','2021-01-27 00:48:16'),(1326,663,53,2,0,NULL,'2021-01-27 00:48:16','2021-01-27 00:48:16'),(1327,664,1,1,0,NULL,'2021-01-27 00:48:32','2021-01-27 00:48:32'),(1328,664,53,2,0,NULL,'2021-01-27 00:48:32','2021-01-27 00:48:32'),(1329,665,1,1,1,NULL,'2021-01-27 00:48:45','2021-01-27 00:53:53'),(1330,665,1,2,1,NULL,'2021-01-27 00:48:45','2021-01-27 01:13:14'),(1331,666,1,1,1,NULL,'2021-01-27 00:49:27','2021-01-27 00:53:53'),(1332,666,1,2,1,NULL,'2021-01-27 00:49:27','2021-01-27 01:13:14'),(1333,667,1,1,0,NULL,'2021-01-27 00:51:48','2021-01-27 00:51:48'),(1334,667,53,2,0,NULL,'2021-01-27 00:51:48','2021-01-27 00:51:48'),(1335,668,1,1,0,NULL,'2021-01-27 00:51:57','2021-01-27 00:51:57'),(1336,668,53,2,0,NULL,'2021-01-27 00:51:57','2021-01-27 00:51:57'),(1337,669,1,1,0,NULL,'2021-01-27 00:52:04','2021-01-27 00:52:04'),(1338,669,53,2,0,NULL,'2021-01-27 00:52:04','2021-01-27 00:52:04'),(1339,670,1,1,0,NULL,'2021-01-27 00:52:18','2021-01-27 00:52:18'),(1340,670,53,2,0,NULL,'2021-01-27 00:52:18','2021-01-27 00:52:18'),(1341,671,1,1,0,NULL,'2021-01-27 00:52:26','2021-01-27 00:52:26'),(1342,671,53,2,0,NULL,'2021-01-27 00:52:26','2021-01-27 00:52:26'),(1343,672,1,1,1,NULL,'2021-01-27 01:09:31','2021-01-27 01:09:31'),(1344,672,1,2,1,NULL,'2021-01-27 01:09:31','2021-01-27 01:13:14'),(1345,673,1,1,1,NULL,'2021-01-27 01:09:33','2021-01-27 01:09:34'),(1346,673,1,2,1,NULL,'2021-01-27 01:09:33','2021-01-27 01:13:14');
/*!40000 ALTER TABLE `chat_message_receivers` ENABLE KEYS */;
UNLOCK TABLES;

--
-- Table structure for table `chat_messages`
--

DROP TABLE IF EXISTS `chat_messages`;
/*!40101 SET @saved_cs_client     = @@character_set_client */;
/*!40101 SET character_set_client = utf8 */;
CREATE TABLE `chat_messages` (
  `id` bigint(20) unsigned NOT NULL AUTO_INCREMENT,
  `recruiter_id` bigint(20) unsigned NOT NULL,
  `jobseeker_id` bigint(20) unsigned NOT NULL,
  `speaker_id` bigint(20) unsigned NOT NULL,
  `speaker_role_id` bigint(20) unsigned NOT NULL,
  `scoutid_or_applyid` int(11) NOT NULL,
  `type` varchar(50) COLLATE utf8mb4_unicode_ci NOT NULL,
  `message` text COLLATE utf8mb4_unicode_ci NOT NULL,
  `created_at` timestamp NULL DEFAULT NULL,
  `updated_at` timestamp NULL DEFAULT NULL,
  PRIMARY KEY (`id`)
) ENGINE=InnoDB AUTO_INCREMENT=674 DEFAULT CHARSET=utf8mb4 COLLATE=utf8mb4_unicode_ci;
/*!40101 SET character_set_client = @saved_cs_client */;

--
-- Dumping data for table `chat_messages`
--

LOCK TABLES `chat_messages` WRITE;
/*!40000 ALTER TABLE `chat_messages` DISABLE KEYS */;
INSERT INTO `chat_messages` VALUES (1,1,1,1,2,76,'scout','Testing','2020-10-23 04:37:25','2020-10-23 04:37:25'),(2,14,23,23,3,69,'scout','hi','2020-10-25 23:16:30','2020-10-25 23:16:30'),(3,14,23,23,3,69,'scout','hi','2020-10-25 23:16:44','2020-10-25 23:16:44'),(4,14,23,23,3,69,'scout','hh','2020-10-25 23:16:44','2020-10-25 23:16:44'),(5,14,23,23,3,69,'scout','hh','2020-10-25 23:16:59','2020-10-25 23:16:59'),(6,14,23,23,3,69,'scout','hh','2020-10-25 23:16:59','2020-10-25 23:16:59'),(7,14,23,23,3,69,'scout','hh','2020-10-25 23:16:59','2020-10-25 23:16:59'),(8,1,1,1,2,76,'scout','Hello testing','2020-10-25 23:44:45','2020-10-25 23:44:45'),(9,1,1,1,3,76,'scout','Hi','2020-10-25 23:45:26','2020-10-25 23:45:26'),(10,1,1,1,3,76,'scout','Hello','2020-10-25 23:47:57','2020-10-25 23:47:57'),(11,1,1,1,1,76,'scout','Hello all','2020-10-25 23:56:25','2020-10-25 23:56:25'),(12,1,1,1,3,76,'scout','Hi admin','2020-10-25 23:56:36','2020-10-25 23:56:36'),(13,1,1,1,3,76,'scout','hello','2020-10-26 00:10:25','2020-10-26 00:10:25'),(14,1,1,1,3,76,'scout','a r u ok now','2020-10-26 00:10:31','2020-10-26 00:10:31'),(15,1,1,1,3,76,'scout','','2020-10-26 00:10:44','2020-10-26 00:10:44'),(16,1,1,1,3,33,'scout','','2020-10-26 00:16:48','2020-10-26 00:16:48'),(17,1,1,1,3,33,'scout','','2020-10-26 00:16:53','2020-10-26 00:16:53'),(18,1,1,1,3,33,'scout','','2020-10-26 00:17:04','2020-10-26 00:17:04'),(19,1,1,1,3,33,'scout','','2020-10-26 00:17:08','2020-10-26 00:17:08'),(20,11,24,11,2,58,'job-apply','','2020-10-26 01:10:26','2020-10-26 01:10:26'),(21,10,24,1,1,41,'job-apply','','2020-10-26 01:11:41','2020-10-26 01:11:41'),(22,1,21,1,2,33,'job-apply','hello','2020-10-26 19:00:43','2020-10-26 19:00:43'),(23,1,21,1,2,33,'job-apply',':D','2020-10-26 19:01:12','2020-10-26 19:01:12'),(24,1,1,1,3,56,'job-apply','Hello ama','2020-10-26 22:48:48','2020-10-26 22:48:48'),(25,1,1,1,2,56,'job-apply','hello thuzar','2020-10-26 22:49:24','2020-10-26 22:49:24'),(26,1,1,1,3,56,'job-apply','Hi','2020-10-26 22:49:30','2020-10-26 22:49:30'),(27,1,1,1,2,56,'job-apply','','2020-10-26 22:49:30','2020-10-26 22:49:30'),(28,1,1,1,2,56,'job-apply','','2020-10-26 22:49:33','2020-10-26 22:49:33'),(29,1,1,1,2,56,'job-apply','','2020-10-26 22:50:08','2020-10-26 22:50:08'),(30,1,1,1,2,56,'job-apply','','2020-10-26 22:50:09','2020-10-26 22:50:09'),(31,1,1,1,2,56,'job-apply','','2020-10-26 22:50:09','2020-10-26 22:50:09'),(32,1,1,1,3,58,'scout','adfadf','2020-10-27 18:20:48','2020-10-27 18:20:48'),(33,1,25,1,2,87,'scout','Hello grace !','2020-10-27 19:22:30','2020-10-27 19:22:30'),(34,1,25,1,2,87,'scout','How are you?','2020-10-27 19:28:09','2020-10-27 19:28:09'),(35,1,25,1,2,87,'scout','I\'m','2020-10-27 19:28:18','2020-10-27 19:28:18'),(36,1,25,1,2,87,'scout','I\'ve already scouted you.','2020-10-27 19:28:36','2020-10-27 19:28:36'),(37,27,1,1,1,84,'scout','Hi','2020-10-27 19:36:17','2020-10-27 19:36:17'),(38,27,1,1,1,84,'scout','Hello','2020-10-27 19:36:25','2020-10-27 19:36:25'),(39,1,25,1,1,87,'scout','Hi','2020-10-27 19:36:49','2020-10-27 19:36:49'),(40,27,21,1,1,88,'scout','Test','2020-10-27 19:44:25','2020-10-27 19:44:25'),(41,27,21,27,2,88,'scout','Hi ma thandar','2020-10-27 19:45:21','2020-10-27 19:45:21'),(42,27,21,27,2,88,'scout','Hello','2020-10-27 19:45:24','2020-10-27 19:45:24'),(43,27,21,27,2,89,'scout','Hi May!','2020-10-27 19:50:56','2020-10-27 19:50:56'),(44,27,21,27,2,89,'scout','Email youk lar','2020-10-27 19:51:23','2020-10-27 19:51:23'),(45,27,21,27,2,89,'scout','New mail','2020-10-27 19:51:47','2020-10-27 19:51:47'),(46,27,25,1,1,90,'scout','Hi testing','2020-10-27 20:17:39','2020-10-27 20:17:39'),(47,27,21,1,1,91,'scout','It is error','2020-10-27 20:22:28','2020-10-27 20:22:28'),(48,27,21,1,1,91,'scout','Testing','2020-10-27 20:22:31','2020-10-27 20:22:31'),(49,17,21,1,1,92,'scout','Hello All','2020-10-27 20:27:16','2020-10-27 20:27:16'),(50,17,21,1,1,92,'scout','How are you?','2020-10-27 20:27:24','2020-10-27 20:27:24'),(51,27,21,21,3,91,'scout','','2020-10-27 20:30:46','2020-10-27 20:30:46'),(52,27,21,21,3,91,'scout','','2020-10-27 20:30:46','2020-10-27 20:30:46'),(53,27,21,21,3,91,'scout','','2020-10-27 20:30:46','2020-10-27 20:30:46'),(54,11,24,24,3,61,'job-apply','hello','2020-10-27 22:23:34','2020-10-27 22:23:34'),(55,11,24,1,1,61,'job-apply','','2020-10-27 22:48:38','2020-10-27 22:48:38'),(56,11,24,24,3,61,'job-apply','','2020-10-27 22:49:41','2020-10-27 22:49:41'),(57,11,24,1,1,61,'job-apply','','2020-10-27 23:04:39','2020-10-27 23:04:39'),(58,11,24,1,1,61,'job-apply','','2020-10-27 23:11:44','2020-10-27 23:11:44'),(59,11,24,1,1,61,'job-apply','','2020-10-27 23:20:06','2020-10-27 23:20:06'),(60,10,21,1,1,96,'scout','Hi','2020-10-28 00:00:49','2020-10-28 00:00:49'),(61,10,21,1,1,96,'scout','Testing for chatting','2020-10-28 00:01:09','2020-10-28 00:01:09'),(62,10,21,21,3,97,'scout','Hi, this is testing from job seeker.','2020-10-28 00:15:18','2020-10-28 00:15:18'),(63,10,21,21,3,97,'scout','Email send to recruiter.','2020-10-28 00:15:44','2020-10-28 00:15:44'),(64,10,21,21,3,97,'scout','admin is active now','2020-10-28 00:15:50','2020-10-28 00:15:50'),(65,33,38,38,3,73,'job-apply','hi','2020-11-05 21:52:34','2020-11-05 21:52:34'),(66,31,24,1,1,69,'job-apply','','2020-11-06 21:11:40','2020-11-06 21:11:40'),(67,27,1,1,3,84,'scout','','2020-11-07 06:33:54','2020-11-07 06:33:54'),(68,33,38,1,1,116,'scout','hi','2020-11-09 19:10:35','2020-11-09 19:10:35'),(69,33,38,33,2,116,'scout','hello','2020-11-09 19:11:19','2020-11-09 19:11:19'),(70,33,38,1,1,116,'scout','ok','2020-11-09 19:11:32','2020-11-09 19:11:32'),(71,33,38,1,1,104,'scout','hi','2020-11-09 19:12:07','2020-11-09 19:12:07'),(72,35,45,45,3,88,'job-apply','hi','2020-11-11 22:09:02','2020-11-11 22:09:02'),(73,35,45,35,2,88,'job-apply','hi','2020-11-11 22:09:45','2020-11-11 22:09:45'),(74,35,45,35,2,88,'job-apply','hiii','2020-11-11 22:10:26','2020-11-11 22:10:26'),(75,35,45,45,3,88,'job-apply','hiii','2020-11-11 22:10:31','2020-11-11 22:10:31'),(76,35,45,45,3,88,'job-apply','popop','2020-11-11 22:10:45','2020-11-11 22:10:45'),(77,35,45,35,2,88,'job-apply','huhiih','2020-11-11 22:10:55','2020-11-11 22:10:55'),(78,35,38,35,2,89,'job-apply','adsfasdfadsf','2020-11-11 22:24:38','2020-11-11 22:24:38'),(79,35,45,35,2,88,'job-apply','jh;alh;af','2020-11-11 22:30:37','2020-11-11 22:30:37'),(80,35,45,45,3,88,'job-apply','asdfasdf','2020-11-11 22:31:15','2020-11-11 22:31:15'),(81,35,45,35,2,88,'job-apply','ffffff','2020-11-11 22:31:30','2020-11-11 22:31:30'),(82,35,38,35,2,90,'job-apply','aaaaa','2020-11-11 22:32:06','2020-11-11 22:32:06'),(83,35,38,35,2,89,'job-apply','aaaaaa','2020-11-11 22:32:11','2020-11-11 22:32:11'),(84,35,45,45,3,88,'job-apply','44','2020-11-11 22:33:36','2020-11-11 22:33:36'),(85,35,38,38,3,89,'job-apply','aaaa','2020-11-11 22:40:40','2020-11-11 22:40:40'),(86,35,38,38,3,90,'job-apply','hi','2020-11-11 22:40:46','2020-11-11 22:40:46'),(87,35,45,45,3,88,'job-apply','aaaa','2020-11-11 22:41:00','2020-11-11 22:41:00'),(88,35,38,38,3,89,'job-apply','ok lr bro','2020-11-11 22:41:05','2020-11-11 22:41:05'),(89,35,38,38,3,89,'job-apply','ok lr bro','2020-11-11 22:41:05','2020-11-11 22:41:05'),(90,35,45,45,3,88,'job-apply','Yan luynn aug','2020-11-11 22:41:18','2020-11-11 22:41:18'),(91,35,38,35,2,89,'job-apply','ya','2020-11-11 22:41:37','2020-11-11 22:41:37'),(92,35,38,35,2,89,'job-apply','p','2020-11-11 22:41:38','2020-11-11 22:41:38'),(93,35,45,45,3,88,'job-apply','hiiahihasdfaisdf','2020-11-11 22:42:17','2020-11-11 22:42:17'),(94,35,45,45,3,88,'job-apply','adadfasdfadsf','2020-11-11 22:44:12','2020-11-11 22:44:12'),(95,35,45,45,3,88,'job-apply','test','2020-11-11 22:46:06','2020-11-11 22:46:06'),(96,35,38,38,3,89,'job-apply','sorry bro','2020-11-11 22:51:30','2020-11-11 22:51:30'),(97,35,38,38,3,89,'job-apply','line kya nay lo','2020-11-11 22:51:35','2020-11-11 22:51:35'),(98,35,38,38,3,90,'job-apply','line kya nay lo sorry bro','2020-11-11 22:51:59','2020-11-11 22:51:59'),(99,33,38,33,2,92,'job-apply','hi','2020-11-11 23:18:39','2020-11-11 23:18:39'),(100,33,38,38,3,92,'job-apply','hello','2020-11-11 23:19:58','2020-11-11 23:19:58'),(101,33,38,33,2,92,'job-apply','aaa','2020-11-11 23:20:08','2020-11-11 23:20:08'),(102,33,38,38,3,92,'job-apply','bbb','2020-11-11 23:20:18','2020-11-11 23:20:18'),(103,33,38,38,3,92,'job-apply','hello','2020-11-11 23:29:48','2020-11-11 23:29:48'),(104,33,38,38,3,92,'job-apply','i want to','2020-11-11 23:51:18','2020-11-11 23:51:18'),(105,33,38,33,2,92,'job-apply','ok','2020-11-11 23:51:32','2020-11-11 23:51:32'),(106,33,38,38,3,92,'job-apply','jjj','2020-11-12 00:01:52','2020-11-12 00:01:52'),(107,33,38,38,3,92,'job-apply','jjj','2020-11-12 00:01:52','2020-11-12 00:01:52'),(108,33,38,38,3,92,'job-apply','jjj','2020-11-12 00:01:53','2020-11-12 00:01:53'),(109,33,38,38,3,92,'job-apply','jjj','2020-11-12 00:01:55','2020-11-12 00:01:55'),(110,33,38,38,3,92,'job-apply','jjj','2020-11-12 00:01:56','2020-11-12 00:01:56'),(111,33,38,38,3,92,'job-apply','jjj','2020-11-12 00:01:56','2020-11-12 00:01:56'),(112,33,38,38,3,92,'job-apply','jjj','2020-11-12 00:01:56','2020-11-12 00:01:56'),(113,33,38,38,3,93,'job-apply','hi','2020-11-12 00:49:28','2020-11-12 00:49:28'),(114,33,38,33,2,93,'job-apply','hello','2020-11-12 00:50:06','2020-11-12 00:50:06'),(115,33,38,33,2,93,'job-apply','hello','2020-11-12 00:50:06','2020-11-12 00:50:06'),(116,33,38,33,2,93,'job-apply','ggg','2020-11-12 00:50:26','2020-11-12 00:50:26'),(117,33,38,38,3,93,'job-apply','ok','2020-11-12 00:50:53','2020-11-12 00:50:53'),(118,33,38,38,3,95,'job-apply','hello','2020-11-12 01:02:36','2020-11-12 01:02:36'),(119,35,48,48,3,96,'job-apply','hi','2020-11-12 01:18:56','2020-11-12 01:18:56'),(120,35,48,35,2,96,'job-apply','ji','2020-11-12 01:19:06','2020-11-12 01:19:06'),(121,35,48,48,3,96,'job-apply','ok lr bro','2020-11-12 01:19:43','2020-11-12 01:19:43'),(122,35,48,35,2,96,'job-apply','ok','2020-11-12 01:21:08','2020-11-12 01:21:08'),(123,35,48,35,2,96,'job-apply','refresh lote mha','2020-11-12 01:21:13','2020-11-12 01:21:13'),(124,31,49,31,2,103,'job-apply','','2020-11-13 22:57:56','2020-11-13 22:57:56'),(125,31,51,31,2,101,'job-apply','','2020-11-13 22:58:04','2020-11-13 22:58:04'),(126,31,24,31,2,99,'job-apply','','2020-11-13 22:58:09','2020-11-13 22:58:09'),(127,31,24,24,3,99,'job-apply','','2020-11-13 22:58:35','2020-11-13 22:58:35'),(128,31,51,51,3,101,'job-apply','mpm.zero','2020-11-13 22:58:57','2020-11-13 22:58:57'),(129,31,49,49,3,103,'job-apply','mpm_fifth','2020-11-13 22:59:17','2020-11-13 22:59:17'),(130,31,49,1,1,103,'job-apply','','2020-11-13 23:00:10','2020-11-13 23:00:10'),(131,31,51,1,1,101,'job-apply','','2020-11-13 23:00:16','2020-11-13 23:00:16'),(132,31,24,1,1,99,'job-apply','','2020-11-13 23:00:23','2020-11-13 23:00:23'),(133,1,41,41,3,104,'job-apply','','2020-11-14 21:13:18','2020-11-14 21:13:18'),(134,1,41,41,3,104,'job-apply','','2020-11-14 21:13:23','2020-11-14 21:13:23'),(135,1,41,41,3,104,'job-apply','0000041  Kyi Kyi Win','2020-11-14 21:13:50','2020-11-14 21:13:50'),(136,1,21,21,3,125,'scout','','2020-11-14 21:14:05','2020-11-14 21:14:05'),(137,1,21,21,3,125,'scout','0000021 ','2020-11-14 21:14:13','2020-11-14 21:14:13'),(138,1,21,21,3,125,'scout','','2020-11-14 21:14:39','2020-11-14 21:14:39'),(139,1,41,41,3,104,'job-apply','','2020-11-14 21:14:56','2020-11-14 21:14:56'),(140,1,41,1,2,104,'job-apply','','2020-11-14 21:15:31','2020-11-14 21:15:31'),(141,1,21,1,2,125,'scout','','2020-11-14 21:15:44','2020-11-14 21:15:44'),(142,1,21,1,2,125,'scout','','2020-11-14 21:15:53','2020-11-14 21:15:53'),(143,1,21,21,3,125,'scout','','2020-11-14 21:15:58','2020-11-14 21:15:58'),(144,1,41,41,3,104,'job-apply','','2020-11-14 21:16:09','2020-11-14 21:16:09'),(145,1,21,1,1,125,'scout','','2020-11-14 22:20:44','2020-11-14 22:20:44'),(146,1,21,1,1,125,'scout','','2020-11-14 22:20:48','2020-11-14 22:20:48'),(147,1,21,1,2,125,'scout','','2020-11-14 22:21:02','2020-11-14 22:21:02'),(148,1,21,21,3,125,'scout','','2020-11-14 22:21:18','2020-11-14 22:21:18'),(149,1,21,21,3,125,'scout','','2020-11-14 22:21:21','2020-11-14 22:21:21'),(150,1,21,1,1,125,'scout','','2020-11-14 22:21:58','2020-11-14 22:21:58'),(151,1,21,21,3,125,'scout','','2020-11-14 22:22:06','2020-11-14 22:22:06'),(152,1,21,21,3,125,'scout','','2020-11-14 22:22:44','2020-11-14 22:22:44'),(153,1,21,1,2,125,'scout','','2020-11-14 22:23:03','2020-11-14 22:23:03'),(154,1,21,1,2,125,'scout','','2020-11-14 22:23:10','2020-11-14 22:23:10'),(155,1,41,41,3,104,'job-apply','','2020-11-14 22:23:45','2020-11-14 22:23:45'),(156,1,41,1,1,104,'job-apply','','2020-11-14 22:24:23','2020-11-14 22:24:23'),(157,26,24,26,2,98,'job-apply','hello','2020-11-19 17:15:39','2020-11-19 17:15:39'),(158,26,24,24,3,98,'job-apply','hi','2020-11-19 17:15:46','2020-11-19 17:15:46'),(159,26,24,1,1,112,'job-apply','hello','2020-11-19 20:33:52','2020-11-19 20:33:52'),(160,26,24,26,2,112,'job-apply','zzcsa','2020-11-19 20:33:59','2020-11-19 20:33:59'),(161,1,25,25,3,113,'job-apply','1','2020-11-19 21:50:33','2020-11-19 21:50:33'),(162,1,25,25,3,113,'job-apply','2','2020-11-19 21:50:36','2020-11-19 21:50:36'),(163,1,25,25,3,113,'job-apply','3','2020-11-19 21:50:38','2020-11-19 21:50:38'),(164,1,25,25,3,113,'job-apply','4','2020-11-19 21:50:38','2020-11-19 21:50:38'),(165,1,25,25,3,113,'job-apply','5','2020-11-19 21:50:41','2020-11-19 21:50:41'),(166,1,25,25,3,113,'job-apply','6','2020-11-19 21:50:42','2020-11-19 21:50:42'),(167,1,25,25,3,113,'job-apply','7','2020-11-19 21:50:43','2020-11-19 21:50:43'),(168,1,25,25,3,113,'job-apply','8','2020-11-19 21:50:44','2020-11-19 21:50:44'),(169,1,25,25,3,113,'job-apply','9','2020-11-19 21:50:44','2020-11-19 21:50:44'),(170,1,25,1,2,113,'job-apply','1','2020-11-19 21:50:46','2020-11-19 21:50:46'),(171,1,25,1,2,113,'job-apply','2','2020-11-19 21:50:47','2020-11-19 21:50:47'),(172,1,25,25,3,113,'job-apply','10','2020-11-19 21:50:47','2020-11-19 21:50:47'),(173,1,25,1,2,113,'job-apply','3','2020-11-19 21:50:50','2020-11-19 21:50:50'),(174,1,25,1,2,113,'job-apply','4','2020-11-19 21:50:51','2020-11-19 21:50:51'),(175,1,25,1,2,113,'job-apply','5','2020-11-19 21:50:52','2020-11-19 21:50:52'),(176,1,25,1,2,113,'job-apply','6','2020-11-19 21:50:53','2020-11-19 21:50:53'),(177,1,25,1,2,113,'job-apply','7','2020-11-19 21:50:53','2020-11-19 21:50:53'),(178,1,25,1,2,113,'job-apply','8','2020-11-19 21:50:54','2020-11-19 21:50:54'),(179,1,25,1,2,113,'job-apply','9','2020-11-19 21:50:55','2020-11-19 21:50:55'),(180,1,25,1,2,113,'job-apply','10','2020-11-19 21:50:56','2020-11-19 21:50:56'),(181,1,25,1,2,113,'job-apply','11','2020-11-19 21:51:01','2020-11-19 21:51:01'),(182,1,25,25,3,113,'job-apply','1','2020-11-19 21:52:08','2020-11-19 21:52:08'),(183,1,25,25,3,113,'job-apply','2','2020-11-19 21:52:09','2020-11-19 21:52:09'),(184,1,25,25,3,113,'job-apply','3','2020-11-19 21:52:09','2020-11-19 21:52:09'),(185,1,25,25,3,113,'job-apply','4','2020-11-19 21:52:10','2020-11-19 21:52:10'),(186,1,25,25,3,113,'job-apply','5','2020-11-19 21:52:10','2020-11-19 21:52:10'),(187,1,25,25,3,113,'job-apply','6','2020-11-19 21:52:11','2020-11-19 21:52:11'),(188,1,25,25,3,113,'job-apply','7','2020-11-19 21:52:12','2020-11-19 21:52:12'),(189,1,25,25,3,113,'job-apply','8','2020-11-19 21:52:13','2020-11-19 21:52:13'),(190,1,25,25,3,113,'job-apply','9','2020-11-19 21:52:13','2020-11-19 21:52:13'),(191,1,25,25,3,113,'job-apply','10','2020-11-19 21:52:14','2020-11-19 21:52:14'),(192,1,25,1,2,113,'job-apply','1','2020-11-19 21:52:39','2020-11-19 21:52:39'),(193,1,25,1,2,113,'job-apply','12','2020-11-19 21:52:39','2020-11-19 21:52:39'),(194,1,25,1,2,113,'job-apply','3','2020-11-19 21:52:42','2020-11-19 21:52:42'),(195,1,25,1,2,113,'job-apply','4','2020-11-19 21:52:44','2020-11-19 21:52:44'),(196,1,25,1,2,113,'job-apply','5','2020-11-19 21:52:45','2020-11-19 21:52:45'),(197,1,25,1,2,113,'job-apply','6','2020-11-19 21:52:45','2020-11-19 21:52:45'),(198,1,25,1,2,113,'job-apply','7','2020-11-19 21:52:46','2020-11-19 21:52:46'),(199,1,25,1,2,113,'job-apply','8','2020-11-19 21:52:48','2020-11-19 21:52:48'),(200,1,25,1,2,113,'job-apply','9','2020-11-19 21:52:49','2020-11-19 21:52:49'),(201,1,25,1,2,113,'job-apply','0','2020-11-19 21:52:51','2020-11-19 21:52:51'),(202,1,25,1,1,113,'job-apply','1','2020-11-19 21:53:01','2020-11-19 21:53:01'),(203,1,25,1,1,113,'job-apply','2','2020-11-19 21:53:05','2020-11-19 21:53:05'),(204,1,25,1,1,113,'job-apply','3','2020-11-19 21:53:06','2020-11-19 21:53:06'),(205,1,25,1,1,113,'job-apply','4','2020-11-19 21:53:07','2020-11-19 21:53:07'),(206,1,25,1,1,113,'job-apply','5','2020-11-19 21:53:08','2020-11-19 21:53:08'),(207,1,25,1,1,113,'job-apply','6','2020-11-19 21:53:09','2020-11-19 21:53:09'),(208,1,25,1,1,113,'job-apply','7','2020-11-19 21:53:10','2020-11-19 21:53:10'),(209,1,25,1,1,113,'job-apply','8','2020-11-19 21:53:11','2020-11-19 21:53:11'),(210,1,25,1,1,113,'job-apply','9','2020-11-19 21:53:12','2020-11-19 21:53:12'),(211,1,25,1,1,113,'job-apply','0','2020-11-19 21:53:13','2020-11-19 21:53:13'),(212,1,25,1,1,113,'job-apply','hi thuzar and waizin','2020-11-19 21:53:48','2020-11-19 21:53:48'),(213,1,25,1,1,113,'job-apply','yoroshikuonegaishimatsu','2020-11-19 21:54:05','2020-11-19 21:54:05'),(214,1,25,1,1,113,'job-apply','','2020-11-19 21:54:19','2020-11-19 21:54:19'),(215,1,25,1,1,113,'job-apply','','2020-11-19 21:55:11','2020-11-19 21:55:11'),(216,1,25,1,1,113,'job-apply','','2020-11-19 21:55:15','2020-11-19 21:55:15'),(217,1,25,1,1,113,'job-apply','hi','2020-11-20 01:09:53','2020-11-20 01:09:53'),(218,1,25,1,1,113,'job-apply','yuuu','2020-11-20 01:09:56','2020-11-20 01:09:56'),(219,1,25,1,1,113,'job-apply','yuuu','2020-11-20 01:09:58','2020-11-20 01:09:58'),(220,1,25,1,1,113,'job-apply','yuu','2020-11-20 01:10:00','2020-11-20 01:10:00'),(221,1,25,1,1,140,'scout','Hi','2020-11-20 05:42:34','2020-11-20 05:42:34'),(222,1,25,1,1,140,'scout','Chatting Email testing','2020-11-20 05:42:52','2020-11-20 05:42:52'),(223,40,36,1,1,139,'scout','Hello','2020-11-20 05:45:55','2020-11-20 05:45:55'),(224,40,36,1,1,139,'scout','Hi','2020-11-20 05:52:11','2020-11-20 05:52:11'),(225,1,36,1,1,138,'scout','Email Testing','2020-11-20 05:56:16','2020-11-20 05:56:16'),(226,1,44,1,1,135,'scout','Testing Email Management Number','2020-11-20 06:13:09','2020-11-20 06:13:09'),(227,1,36,1,2,109,'job-apply','Hello','2020-11-20 06:20:37','2020-11-20 06:20:37'),(228,1,36,1,2,109,'job-apply','Chat','2020-11-20 06:20:51','2020-11-20 06:20:51'),(229,1,36,36,3,138,'scout','Hello','2020-11-20 06:22:44','2020-11-20 06:22:44'),(230,1,36,36,3,138,'scout','Chat','2020-11-20 06:23:17','2020-11-20 06:23:17'),(231,40,36,36,3,139,'scout','Hello','2020-11-20 06:25:10','2020-11-20 06:25:10'),(232,1,44,44,3,135,'scout','Hello chat mail','2020-11-20 06:26:12','2020-11-20 06:26:12'),(233,40,44,1,1,110,'job-apply','Hi all,','2020-11-20 06:40:24','2020-11-20 06:40:24'),(234,1,24,1,2,60,'job-apply','Hi Admin','2020-11-20 06:43:57','2020-11-20 06:43:57'),(235,1,25,1,2,113,'job-apply','Hi Admin','2020-11-20 06:46:10','2020-11-20 06:46:10'),(236,1,25,1,2,140,'scout','Hi admin','2020-11-22 18:35:34','2020-11-22 18:35:34'),(237,1,25,1,2,140,'scout','Mail check','2020-11-22 18:36:14','2020-11-22 18:36:14'),(238,7,44,44,3,106,'job-apply','Hello','2020-11-22 18:38:51','2020-11-22 18:38:51'),(239,7,44,44,3,106,'job-apply','Chatting mail testing.','2020-11-23 01:11:00','2020-11-23 01:11:00'),(240,1,36,1,1,138,'scout','Email check','2020-11-23 01:21:17','2020-11-23 01:21:17'),(241,31,24,31,2,117,'job-apply','','2020-11-23 15:40:35','2020-11-23 15:40:35'),(242,31,24,31,2,117,'job-apply','','2020-11-23 15:44:36','2020-11-23 15:44:36'),(243,31,24,1,1,117,'job-apply','','2020-11-23 15:47:51','2020-11-23 15:47:51'),(244,31,24,1,1,117,'job-apply','','2020-11-23 15:50:50','2020-11-23 15:50:50'),(245,31,24,24,3,117,'job-apply','','2020-11-23 15:53:24','2020-11-23 15:53:24'),(246,21,24,24,3,144,'scout','hello','2020-11-23 16:36:11','2020-11-23 16:36:11'),(247,1,1,1,3,105,'scout','testingtestingtestingtestingtestingtestingtestingtestingtestingtestingtestingtestingtestingtestingtestingtestingtestingtestingtestingtestingtestingtestingtestingtestingtestingtestingtestingtestingtestingtestingtestingtestingtestingtesting','2020-11-23 18:05:08','2020-11-23 18:05:08'),(248,1,1,1,3,86,'scout','hi','2020-11-30 20:22:28','2020-11-30 20:22:28'),(249,35,53,35,2,124,'job-apply','zfxasdfasdfg','2020-11-30 21:07:00','2020-11-30 21:07:00'),(250,1,44,1,2,148,'scout','Hi Thuzar','2020-12-01 17:37:04','2020-12-01 17:37:04'),(251,1,36,1,2,151,'scout','Hi Email testing','2020-12-01 17:42:11','2020-12-01 17:42:11'),(252,35,53,53,3,124,'job-apply','adfasdfadsf','2020-12-01 22:18:18','2020-12-01 22:18:18'),(253,35,53,53,3,124,'job-apply','vzfdgasdfg','2020-12-01 22:19:29','2020-12-01 22:19:29'),(254,35,53,53,3,124,'job-apply','adsfasdf','2020-12-01 22:20:01','2020-12-01 22:20:01'),(255,35,53,53,3,124,'job-apply','adsfasdfadf','2020-12-01 22:20:39','2020-12-01 22:20:39'),(256,1,36,1,1,152,'scout','Mail not send testing','2020-12-03 00:47:41','2020-12-03 00:47:41'),(257,1,44,1,1,126,'job-apply','Hello','2020-12-03 00:48:52','2020-12-03 00:48:52'),(258,1,36,1,1,151,'scout','Hi','2020-12-03 01:12:31','2020-12-03 01:12:31'),(259,1,44,1,1,148,'scout','Hi','2020-12-03 01:13:11','2020-12-03 01:13:11'),(260,1,36,1,1,121,'job-apply','Hi','2020-12-03 19:06:48','2020-12-03 19:06:48'),(261,1,44,1,1,126,'job-apply','Email not send','2020-12-03 19:08:28','2020-12-03 19:08:28'),(262,40,44,1,1,110,'job-apply','Email send','2020-12-03 19:11:18','2020-12-03 19:11:18'),(263,1,44,1,2,122,'scout','Hi','2020-12-03 19:17:48','2020-12-03 19:17:48'),(264,1,36,36,3,109,'job-apply','Hi','2020-12-03 19:18:46','2020-12-03 19:18:46'),(265,1,36,36,3,121,'job-apply','Hi send email','2020-12-03 19:20:06','2020-12-03 19:20:06'),(266,1,36,1,2,151,'scout','Testing','2020-12-03 19:22:06','2020-12-03 19:22:06'),(267,1,44,1,2,122,'scout','Hi','2020-12-03 19:24:09','2020-12-03 19:24:09'),(268,26,49,26,2,128,'job-apply','','2020-12-04 19:24:03','2020-12-04 19:24:03'),(269,26,49,1,1,128,'job-apply','asfdsa','2020-12-04 19:26:36','2020-12-04 19:26:36'),(270,26,49,1,1,128,'job-apply','dasda','2020-12-04 19:27:18','2020-12-04 19:27:18'),(271,26,49,49,3,128,'job-apply','asddas','2020-12-04 19:28:22','2020-12-04 19:28:22'),(272,26,49,26,2,128,'job-apply','','2020-12-04 19:28:54','2020-12-04 19:28:54'),(273,26,49,1,1,128,'job-apply','dasda','2020-12-04 19:29:47','2020-12-04 19:29:47'),(274,26,49,1,1,128,'job-apply','asdad','2020-12-04 19:30:49','2020-12-04 19:30:49'),(275,26,49,1,1,128,'job-apply','dasda','2020-12-04 19:32:20','2020-12-04 19:32:20'),(276,26,49,26,2,128,'job-apply','','2020-12-04 19:32:45','2020-12-04 19:32:45'),(277,26,49,1,1,128,'job-apply','rewrewwe','2020-12-04 19:34:08','2020-12-04 19:34:08'),(278,26,49,1,1,128,'job-apply','dsfsf','2020-12-04 19:35:00','2020-12-04 19:35:00'),(279,26,49,1,1,128,'job-apply','sdsfds','2020-12-04 19:35:21','2020-12-04 19:35:21'),(280,26,49,1,1,128,'job-apply','fsdfsf','2020-12-04 19:36:51','2020-12-04 19:36:51'),(281,1,44,1,1,148,'scout','Hello thuzar','2020-12-06 18:13:33','2020-12-06 18:13:33'),(282,1,44,1,1,136,'job-apply','Hello','2020-12-11 01:03:03','2020-12-11 01:03:03'),(283,1,44,1,1,126,'job-apply','Hello','2020-12-11 01:09:51','2020-12-11 01:09:51'),(284,40,44,1,1,110,'job-apply','Hi thuzar','2020-12-11 01:11:35','2020-12-11 01:11:35'),(285,1,44,1,1,147,'scout','Hi','2020-12-11 01:29:15','2020-12-11 01:29:15'),(286,1,44,1,1,160,'scout','Hi Tokyo 16:10 now','2020-12-20 22:11:08','2020-12-20 22:11:08'),(287,1,44,1,1,131,'job-apply','Not send email','2020-12-20 22:12:43','2020-12-20 22:12:43'),(288,1,44,1,1,131,'job-apply','Send email','2020-12-20 22:13:16','2020-12-20 22:13:16'),(289,1,44,44,3,131,'job-apply','Yangon 13:45 now','2020-12-20 22:15:09','2020-12-20 22:15:09'),(290,1,44,1,2,131,'job-apply','Europe 8:15 now','2020-12-20 22:15:34','2020-12-20 22:15:34'),(291,1,44,1,2,160,'scout','Chatting email test','2020-12-21 01:12:54','2020-12-21 01:12:54'),(292,1,44,1,2,158,'scout','Chat admin email extra','2020-12-21 01:14:28','2020-12-21 01:14:28'),(293,31,24,1,1,162,'scout','1','2020-12-21 18:34:26','2020-12-21 18:34:26'),(294,31,24,1,1,162,'scout','','2020-12-21 18:35:55','2020-12-21 18:35:55'),(295,31,24,1,1,162,'scout','','2020-12-21 18:36:46','2020-12-21 18:36:46'),(296,31,24,24,3,162,'scout','','2020-12-21 18:39:42','2020-12-21 18:39:42'),(297,31,24,1,1,162,'scout','','2020-12-21 18:40:52','2020-12-21 18:40:52'),(298,31,24,24,3,162,'scout','','2020-12-21 18:41:10','2020-12-21 18:41:10'),(299,31,24,1,1,162,'scout','','2020-12-21 18:43:13','2020-12-21 18:43:13'),(300,31,24,24,3,162,'scout','','2020-12-21 18:43:59','2020-12-21 18:43:59'),(301,31,24,24,3,162,'scout','','2020-12-21 18:47:33','2020-12-21 18:47:33'),(302,31,24,1,1,162,'scout','','2020-12-21 18:48:57','2020-12-21 18:48:57'),(303,1,44,1,2,160,'scout','Hi admin','2020-12-21 18:49:03','2020-12-21 18:49:03'),(304,31,24,24,3,162,'scout','','2020-12-21 18:49:14','2020-12-21 18:49:14'),(305,1,44,1,2,160,'scout','Hi','2020-12-21 18:49:21','2020-12-21 18:49:21'),(306,1,44,1,2,158,'scout','Testing','2020-12-21 18:50:09','2020-12-21 18:50:09'),(307,1,36,1,2,152,'scout','Hi','2020-12-21 18:53:12','2020-12-21 18:53:12'),(308,26,24,26,2,161,'scout','mpm_fourth@outlook.jp','2020-12-21 18:53:23','2020-12-21 18:53:23'),(309,1,44,1,2,148,'scout','Hi','2020-12-21 18:55:44','2020-12-21 18:55:44'),(310,1,44,1,2,135,'scout','hello','2020-12-21 18:56:49','2020-12-21 18:56:49'),(311,1,44,1,2,120,'scout','testing','2020-12-21 19:00:02','2020-12-21 19:00:02'),(312,1,44,1,2,122,'scout','test','2020-12-21 19:18:11','2020-12-21 19:18:11'),(313,1,44,1,2,137,'job-apply','Hi','2020-12-21 21:32:34','2020-12-21 21:32:34'),(314,1,44,1,2,137,'job-apply','Hello','2020-12-21 21:34:59','2020-12-21 21:34:59'),(315,1,44,1,1,163,'scout','Hi','2020-12-22 00:24:18','2020-12-22 00:24:18'),(316,1,44,1,1,163,'scout','Hi chatting mail send','2020-12-23 17:24:11','2020-12-23 17:24:11'),(317,1,44,1,2,163,'scout','mail check','2020-12-23 17:24:54','2020-12-23 17:24:54'),(318,1,36,1,2,152,'scout','testing','2020-12-23 19:19:13','2020-12-23 19:19:13'),(319,1,36,1,2,152,'scout','email','2020-12-23 19:19:16','2020-12-23 19:19:16'),(320,1,36,1,2,152,'scout','ne','2020-12-23 19:19:17','2020-12-23 19:19:17'),(321,1,36,1,2,152,'scout','for','2020-12-23 19:19:20','2020-12-23 19:19:20'),(322,1,36,1,2,152,'scout','scorll','2020-12-23 19:19:23','2020-12-23 19:19:23'),(323,1,36,1,2,152,'scout','test','2020-12-23 19:19:25','2020-12-23 19:19:25'),(324,1,36,1,2,152,'scout','in','2020-12-23 19:19:27','2020-12-23 19:19:27'),(325,1,36,1,2,152,'scout','chat box','2020-12-23 19:19:33','2020-12-23 19:19:33'),(326,1,36,1,2,152,'scout','scroll','2020-12-23 19:19:36','2020-12-23 19:19:36'),(327,1,36,1,2,152,'scout','new','2020-12-23 19:19:41','2020-12-23 19:19:41'),(328,1,36,1,2,152,'scout','messages','2020-12-23 19:19:43','2020-12-23 19:19:43'),(329,1,36,1,2,152,'scout','in','2020-12-23 19:19:44','2020-12-23 19:19:44'),(330,1,36,1,2,152,'scout','chat box','2020-12-23 19:19:50','2020-12-23 19:19:50'),(331,1,36,1,2,152,'scout','scroll','2020-12-23 19:19:52','2020-12-23 19:19:52'),(332,1,36,1,2,152,'scout','12-24-2020','2020-12-23 19:20:00','2020-12-23 19:20:00'),(333,1,36,1,2,152,'scout','hi','2020-12-23 19:27:09','2020-12-23 19:27:09'),(334,1,36,1,2,152,'scout','hi','2020-12-23 19:27:10','2020-12-23 19:27:10'),(335,1,36,1,2,152,'scout','hi','2020-12-23 19:27:11','2020-12-23 19:27:11'),(336,1,36,1,2,152,'scout','hi','2020-12-23 19:27:12','2020-12-23 19:27:12'),(337,1,36,1,2,152,'scout','hi','2020-12-23 19:27:13','2020-12-23 19:27:13'),(338,1,36,1,2,152,'scout','hi','2020-12-23 19:27:15','2020-12-23 19:27:15'),(339,1,36,1,2,152,'scout','hi','2020-12-23 19:27:16','2020-12-23 19:27:16'),(340,1,36,1,2,152,'scout','hi','2020-12-23 19:27:17','2020-12-23 19:27:17'),(341,1,36,1,2,152,'scout','hi','2020-12-23 19:27:18','2020-12-23 19:27:18'),(342,1,36,1,2,152,'scout','hi','2020-12-23 19:27:19','2020-12-23 19:27:19'),(343,1,36,1,2,152,'scout','hi','2020-12-23 19:27:21','2020-12-23 19:27:21'),(344,1,36,1,2,152,'scout','hi','2020-12-23 19:27:22','2020-12-23 19:27:22'),(345,1,36,1,2,152,'scout','hi','2020-12-23 19:27:23','2020-12-23 19:27:23'),(346,26,24,26,2,112,'job-apply','hello','2020-12-25 01:25:34','2020-12-25 01:25:34'),(347,26,24,24,3,112,'job-apply','','2020-12-25 01:32:56','2020-12-25 01:32:56'),(348,26,24,26,2,112,'job-apply','','2020-12-25 01:34:52','2020-12-25 01:34:52'),(349,53,1,1,3,139,'job-apply','Hello','2021-01-06 19:53:15','2021-01-06 19:53:15'),(350,53,1,1,3,139,'job-apply','','2021-01-06 19:53:44','2021-01-06 19:53:44'),(351,53,1,1,3,139,'job-apply','','2021-01-06 19:53:53','2021-01-06 19:53:53'),(352,33,1,1,3,114,'job-apply','','2021-01-06 19:54:01','2021-01-06 19:54:01'),(353,1,1,1,3,84,'job-apply','','2021-01-06 19:54:33','2021-01-06 19:54:33'),(354,9,1,1,3,67,'job-apply','','2021-01-06 19:54:48','2021-01-06 19:54:48'),(355,26,24,26,2,141,'job-apply','Hello','2021-01-09 23:52:15','2021-01-09 23:52:15'),(356,26,24,24,3,141,'job-apply','','2021-01-09 23:52:55','2021-01-09 23:52:55'),(357,26,24,24,3,141,'job-apply','','2021-01-09 23:53:43','2021-01-09 23:53:43'),(358,26,24,26,2,141,'job-apply','Hai','2021-01-09 23:54:05','2021-01-09 23:54:05'),(359,26,24,24,3,141,'job-apply','nishimura','2021-01-09 23:58:11','2021-01-09 23:58:11'),(360,26,24,24,3,167,'scout','Hi','2021-01-10 02:00:39','2021-01-10 02:00:39'),(361,26,24,26,2,167,'scout','','2021-01-10 02:01:24','2021-01-10 02:01:24'),(362,26,24,1,1,167,'scout','dssfsf','2021-01-10 02:02:11','2021-01-10 02:02:11'),(363,1,44,1,2,163,'scout','Hi','2021-01-10 18:54:41','2021-01-10 18:54:41'),(364,1,1,1,3,129,'scout','Hello','2021-01-10 18:54:52','2021-01-10 18:54:52'),(365,1,1,1,3,129,'scout','Hello','2021-01-10 18:55:15','2021-01-10 18:55:15'),(366,1,1,1,3,129,'scout','Hello','2021-01-10 18:55:38','2021-01-10 18:55:38'),(367,1,1,1,3,129,'scout','Hello','2021-01-10 18:57:44','2021-01-10 18:57:44'),(368,1,44,1,2,137,'job-apply','Aaa','2021-01-10 18:59:37','2021-01-10 18:59:37'),(369,1,44,1,2,137,'job-apply','Wee','2021-01-10 18:59:40','2021-01-10 18:59:40'),(370,1,44,1,2,137,'job-apply','Sss','2021-01-10 18:59:42','2021-01-10 18:59:42'),(371,1,44,1,2,137,'job-apply','Xxx','2021-01-10 18:59:44','2021-01-10 18:59:44'),(372,1,44,1,2,137,'job-apply','Xx','2021-01-10 18:59:46','2021-01-10 18:59:46'),(373,1,44,1,2,137,'job-apply','Xx','2021-01-10 18:59:47','2021-01-10 18:59:47'),(374,1,44,1,2,137,'job-apply','Xcc','2021-01-10 18:59:49','2021-01-10 18:59:49'),(375,1,44,1,2,137,'job-apply','Ffg','2021-01-10 18:59:50','2021-01-10 18:59:50'),(376,1,44,1,2,137,'job-apply','Ffg','2021-01-10 18:59:53','2021-01-10 18:59:53'),(377,26,49,26,2,147,'job-apply','','2021-01-10 23:04:22','2021-01-10 23:04:22'),(378,26,49,26,2,147,'job-apply','h','2021-01-10 23:04:43','2021-01-10 23:04:43'),(379,10,1,1,3,40,'job-apply','aa','2021-01-13 23:25:55','2021-01-13 23:25:55'),(380,10,1,1,3,40,'job-apply','aa','2021-01-13 23:25:58','2021-01-13 23:25:58'),(381,10,1,1,3,40,'job-apply','aa','2021-01-13 23:25:59','2021-01-13 23:25:59'),(382,1,44,44,3,137,'job-apply','B','2021-01-17 16:51:38','2021-01-17 16:51:38'),(383,53,1,1,3,139,'job-apply','dd','2021-01-17 16:59:58','2021-01-17 16:59:58'),(384,9,25,9,2,146,'scout','Gon','2021-01-18 21:43:53','2021-01-18 21:43:53'),(385,9,25,9,2,146,'scout','Home','2021-01-18 21:44:09','2021-01-18 21:44:09'),(386,9,25,9,2,146,'scout','Home','2021-01-18 21:44:18','2021-01-18 21:44:18'),(387,53,1,1,3,140,'job-apply','Aaa','2021-01-19 23:46:38','2021-01-19 23:46:38'),(388,8,24,8,2,43,'job-apply','ttggbb','2021-01-20 01:14:27','2021-01-20 01:14:27'),(389,1,1,1,3,129,'scout','Dfghh','2021-01-20 01:29:52','2021-01-20 01:29:52'),(390,1,1,1,3,129,'scout','Dfghh','2021-01-20 01:29:53','2021-01-20 01:29:53'),(391,1,1,1,3,129,'scout','Dfghh','2021-01-20 01:29:53','2021-01-20 01:29:53'),(392,1,1,1,3,129,'scout','Dfghh','2021-01-20 01:29:53','2021-01-20 01:29:53'),(393,1,1,1,3,129,'scout','Dfghh','2021-01-20 01:29:53','2021-01-20 01:29:53'),(394,1,1,1,3,129,'scout','Dfghh','2021-01-20 01:29:53','2021-01-20 01:29:53'),(395,1,1,1,3,129,'scout','Dfghh','2021-01-20 01:29:53','2021-01-20 01:29:53'),(396,1,1,1,3,129,'scout','Dfghh','2021-01-20 01:29:53','2021-01-20 01:29:53'),(397,1,1,1,3,129,'scout','Dfghh','2021-01-20 01:29:53','2021-01-20 01:29:53'),(398,1,1,1,3,38,'scout','Test','2021-01-20 01:30:37','2021-01-20 01:30:37'),(399,1,1,1,3,38,'scout','Test','2021-01-20 01:30:37','2021-01-20 01:30:37'),(400,1,1,1,3,38,'scout','Test','2021-01-20 01:30:37','2021-01-20 01:30:37'),(401,1,1,1,3,38,'scout','Test','2021-01-20 01:30:37','2021-01-20 01:30:37'),(402,1,1,1,3,38,'scout','Ff','2021-01-20 01:30:54','2021-01-20 01:30:54'),(403,8,24,8,2,43,'job-apply','hh','2021-01-20 20:07:17','2021-01-20 20:07:17'),(404,8,24,8,2,43,'job-apply','ggh','2021-01-20 20:07:46','2021-01-20 20:07:46'),(405,8,24,8,2,43,'job-apply','hhhh','2021-01-20 20:07:52','2021-01-20 20:07:52'),(406,8,24,8,2,43,'job-apply','gghhhh','2021-01-20 20:08:00','2021-01-20 20:08:00'),(407,1,1,1,3,105,'scout','jjj','2021-01-20 20:09:34','2021-01-20 20:09:34'),(408,33,1,1,3,83,'job-apply','Bb','2021-01-20 22:44:23','2021-01-20 22:44:23'),(409,53,44,44,3,164,'scout','testing','2021-01-21 18:30:36','2021-01-21 18:30:36'),(410,53,44,44,3,164,'scout','testing','2021-01-21 18:30:38','2021-01-21 18:30:38'),(411,1,21,1,2,169,'scout','Yuuuuuu','2021-01-21 19:54:39','2021-01-21 19:54:39'),(412,1,21,1,2,169,'scout','Uuu','2021-01-21 19:54:43','2021-01-21 19:54:43'),(413,1,44,1,2,163,'scout','Fgggjk','2021-01-22 00:02:51','2021-01-22 00:02:51'),(414,1,44,1,2,163,'scout','Ok','2021-01-22 00:06:11','2021-01-22 00:06:11'),(415,1,44,1,2,163,'scout','Hi','2021-01-22 00:06:21','2021-01-22 00:06:21'),(416,1,44,1,2,163,'scout','I am May','2021-01-22 00:06:27','2021-01-22 00:06:27'),(417,1,44,1,2,163,'scout','Thandar oo','2021-01-22 00:06:35','2021-01-22 00:06:35'),(418,1,36,1,2,152,'scout','Hello','2021-01-22 00:06:45','2021-01-22 00:06:45'),(419,1,36,1,2,152,'scout','This is very nice','2021-01-22 00:06:59','2021-01-22 00:06:59'),(420,1,36,1,2,151,'scout','Okkkkk','2021-01-22 00:07:06','2021-01-22 00:07:06'),(421,1,1,1,2,3,'job-apply','Ttt','2021-01-22 00:08:34','2021-01-22 00:08:34'),(422,53,44,44,3,164,'scout','N','2021-01-22 00:37:41','2021-01-22 00:37:41'),(423,1,44,44,3,158,'scout','Birthday','2021-01-22 00:37:48','2021-01-22 00:37:48'),(424,1,44,44,3,147,'scout','Hello','2021-01-22 00:37:55','2021-01-22 00:37:55'),(425,1,44,44,3,135,'scout','Hello','2021-01-22 00:38:00','2021-01-22 00:38:00'),(426,1,21,1,2,169,'scout','Fghj','2021-01-22 02:58:37','2021-01-22 02:58:37'),(427,26,41,26,2,161,'job-apply','','2021-01-22 22:12:08','2021-01-22 22:12:08'),(428,26,24,26,2,161,'scout','Bigff','2021-01-22 22:13:34','2021-01-22 22:13:34'),(429,26,24,26,2,144,'job-apply','Nishi','2021-01-22 22:13:53','2021-01-22 22:13:53'),(430,26,24,26,2,144,'job-apply','Nidh','2021-01-22 22:13:56','2021-01-22 22:13:56'),(431,26,24,26,2,137,'scout','Budhh','2021-01-22 22:14:49','2021-01-22 22:14:49'),(432,26,24,26,2,141,'job-apply','yythuiu','2021-01-22 22:15:27','2021-01-22 22:15:27'),(433,40,44,44,3,110,'job-apply','test','2021-01-23 21:34:24','2021-01-23 21:34:24'),(434,1,21,1,2,169,'scout','Bbhh','2021-01-24 20:24:05','2021-01-24 20:24:05'),(435,1,44,1,2,163,'scout','Sdcv','2021-01-24 21:43:33','2021-01-24 21:43:33'),(436,1,36,1,2,187,'scout','fff','2021-01-24 21:43:53','2021-01-24 21:43:53'),(437,9,25,9,2,185,'scout','A','2021-01-24 21:48:19','2021-01-24 21:48:19'),(438,9,25,9,2,185,'scout','Ad','2021-01-24 21:48:28','2021-01-24 21:48:28'),(439,9,25,9,2,185,'scout','D','2021-01-24 21:48:31','2021-01-24 21:48:31'),(440,9,25,9,2,185,'scout','D','2021-01-24 21:48:37','2021-01-24 21:48:37'),(441,9,25,9,2,185,'scout','D','2021-01-24 21:48:40','2021-01-24 21:48:40'),(442,9,25,9,2,185,'scout','V','2021-01-24 21:48:42','2021-01-24 21:48:42'),(443,9,25,9,2,185,'scout','F','2021-01-24 21:48:49','2021-01-24 21:48:49'),(444,9,25,9,2,185,'scout','G','2021-01-24 21:48:52','2021-01-24 21:48:52'),(445,9,25,9,2,185,'scout','D','2021-01-24 21:48:57','2021-01-24 21:48:57'),(446,1,44,1,2,137,'job-apply','T','2021-01-24 21:49:00','2021-01-24 21:49:00'),(447,1,44,1,2,137,'job-apply','F','2021-01-24 21:49:03','2021-01-24 21:49:03'),(448,1,44,1,2,137,'job-apply','F','2021-01-24 21:49:07','2021-01-24 21:49:07'),(449,1,44,1,2,137,'job-apply','Y','2021-01-24 21:49:10','2021-01-24 21:49:10'),(450,1,44,1,2,137,'job-apply','I','2021-01-24 21:49:11','2021-01-24 21:49:11'),(451,1,44,1,2,137,'job-apply','H','2021-01-24 21:49:13','2021-01-24 21:49:13'),(452,1,44,1,2,137,'job-apply','G','2021-01-24 21:49:14','2021-01-24 21:49:14'),(453,9,25,9,2,185,'scout','Fh','2021-01-24 21:49:20','2021-01-24 21:49:20'),(454,1,44,1,2,137,'job-apply','Thuzar','2021-01-24 21:49:32','2021-01-24 21:49:32'),(455,9,25,9,2,185,'scout','D','2021-01-24 21:50:13','2021-01-24 21:50:13'),(456,1,44,1,2,137,'job-apply','A','2021-01-24 21:50:34','2021-01-24 21:50:34'),(457,1,44,1,2,137,'job-apply','New','2021-01-24 21:50:36','2021-01-24 21:50:36'),(458,1,36,1,2,109,'job-apply','Hhh','2021-01-24 21:51:25','2021-01-24 21:51:25'),(459,1,44,1,2,163,'scout','Add','2021-01-24 21:51:58','2021-01-24 21:51:58'),(460,1,44,1,2,163,'scout','New','2021-01-24 21:52:00','2021-01-24 21:52:00'),(461,1,44,1,2,163,'scout','Thuzar','2021-01-24 21:52:05','2021-01-24 21:52:05'),(462,1,44,1,2,163,'scout','Thuzar','2021-01-24 21:52:11','2021-01-24 21:52:11'),(463,1,44,1,2,160,'scout','A','2021-01-24 21:52:21','2021-01-24 21:52:21'),(464,1,44,1,2,160,'scout','F','2021-01-24 21:52:24','2021-01-24 21:52:24'),(465,1,44,1,2,160,'scout','V','2021-01-24 21:52:27','2021-01-24 21:52:27'),(466,1,44,1,2,160,'scout','D','2021-01-24 21:52:30','2021-01-24 21:52:30'),(467,1,44,1,2,160,'scout','D','2021-01-24 21:52:32','2021-01-24 21:52:32'),(468,1,44,1,2,160,'scout','D','2021-01-24 21:52:36','2021-01-24 21:52:36'),(469,1,44,1,2,160,'scout','D','2021-01-24 21:52:39','2021-01-24 21:52:39'),(470,1,44,1,2,160,'scout','A','2021-01-24 21:52:44','2021-01-24 21:52:44'),(471,9,25,9,2,185,'scout','Nvg','2021-01-24 22:02:48','2021-01-24 22:02:48'),(472,1,44,1,2,160,'scout','Gg','2021-01-24 22:02:50','2021-01-24 22:02:50'),(473,7,1,1,3,116,'job-apply','Big','2021-01-25 17:05:53','2021-01-25 17:05:53'),(474,33,1,1,3,114,'job-apply','Nnn','2021-01-25 17:16:33','2021-01-25 17:16:33'),(475,1,1,1,3,3,'job-apply','Testing','2021-01-25 18:39:35','2021-01-25 18:39:35'),(476,1,1,1,3,3,'job-apply','Hello','2021-01-25 18:39:41','2021-01-25 18:39:41'),(477,1,1,1,3,3,'job-apply','Hi','2021-01-25 18:39:44','2021-01-25 18:39:44'),(478,1,1,1,3,3,'job-apply','Ohaiyo','2021-01-25 18:39:54','2021-01-25 18:39:54'),(479,1,1,1,3,3,'job-apply','Arrnyum','2021-01-25 18:40:01','2021-01-25 18:40:01'),(480,1,1,1,3,3,'job-apply','Ghh','2021-01-25 18:40:22','2021-01-25 18:40:22'),(481,53,1,1,3,140,'job-apply','Bnn','2021-01-25 19:08:23','2021-01-25 19:08:23'),(482,53,1,1,3,140,'job-apply','Ccie','2021-01-25 19:08:30','2021-01-25 19:08:30'),(483,53,1,1,3,140,'job-apply','Ddd','2021-01-25 19:08:33','2021-01-25 19:08:33'),(484,53,1,1,3,140,'job-apply','Eee','2021-01-25 19:08:43','2021-01-25 19:08:43'),(485,53,1,1,3,140,'job-apply','Ffff','2021-01-25 19:08:50','2021-01-25 19:08:50'),(486,53,1,1,3,140,'job-apply','Gff','2021-01-25 19:08:56','2021-01-25 19:08:56'),(487,1,1,1,3,9,'job-apply','Hi Hello','2021-01-25 22:10:41','2021-01-25 22:10:41'),(488,1,74,1,2,165,'job-apply','aa','2021-01-26 16:39:03','2021-01-26 16:39:03'),(489,1,36,1,2,159,'job-apply','Testing','2021-01-26 17:04:02','2021-01-26 17:04:02'),(490,1,21,1,2,169,'scout','Testing','2021-01-26 17:04:34','2021-01-26 17:04:34'),(491,1,36,1,2,109,'job-apply','Hello','2021-01-26 17:05:18','2021-01-26 17:05:18'),(492,1,1,1,3,129,'scout','hell','2021-01-26 17:06:19','2021-01-26 17:06:19'),(493,1,1,1,3,129,'scout','','2021-01-26 17:06:25','2021-01-26 17:06:25'),(494,1,1,1,3,53,'scout','hell','2021-01-26 17:06:37','2021-01-26 17:06:37'),(495,1,36,36,3,109,'job-apply','hi','2021-01-26 17:17:25','2021-01-26 17:17:25'),(496,1,36,36,3,159,'job-apply','hi','2021-01-26 23:35:11','2021-01-26 23:35:11'),(497,1,36,36,3,159,'job-apply','hello','2021-01-26 23:35:15','2021-01-26 23:35:15'),(498,1,36,36,3,159,'job-apply','how','2021-01-26 23:35:20','2021-01-26 23:35:20'),(499,1,36,36,3,159,'job-apply','hi','2021-01-26 23:35:22','2021-01-26 23:35:22'),(500,1,36,36,3,159,'job-apply','hi','2021-01-26 23:35:24','2021-01-26 23:35:24'),(501,1,36,36,3,159,'job-apply','uu','2021-01-26 23:35:51','2021-01-26 23:35:51'),(502,1,36,36,3,159,'job-apply','d','2021-01-26 23:35:53','2021-01-26 23:35:53'),(503,1,36,36,3,159,'job-apply','t','2021-01-26 23:35:54','2021-01-26 23:35:54'),(504,1,36,36,3,159,'job-apply','q','2021-01-26 23:36:25','2021-01-26 23:36:25'),(505,1,36,36,3,159,'job-apply','aaaaa','2021-01-26 23:36:28','2021-01-26 23:36:28'),(506,1,36,36,3,159,'job-apply','sssdsdd','2021-01-26 23:36:30','2021-01-26 23:36:30'),(507,1,36,36,3,159,'job-apply','ffffgc','2021-01-26 23:36:31','2021-01-26 23:36:31'),(508,1,36,36,3,159,'job-apply','h','2021-01-26 23:36:32','2021-01-26 23:36:32'),(509,1,36,36,3,159,'job-apply','hh','2021-01-26 23:36:32','2021-01-26 23:36:32'),(510,1,36,36,3,159,'job-apply','h','2021-01-26 23:36:33','2021-01-26 23:36:33'),(511,1,36,36,3,159,'job-apply','h','2021-01-26 23:36:33','2021-01-26 23:36:33'),(512,1,36,36,3,159,'job-apply','hh','2021-01-26 23:36:33','2021-01-26 23:36:33'),(513,1,36,36,3,159,'job-apply','drffredrrreeddsuuuyfydhds','2021-01-26 23:36:47','2021-01-26 23:36:47'),(514,1,36,36,3,159,'job-apply','drffredrrreeddsuuuyfydhds','2021-01-26 23:36:47','2021-01-26 23:36:47'),(515,1,36,36,3,159,'job-apply','ydhdhdhdhfhfnsnzhc','2021-01-26 23:36:52','2021-01-26 23:36:52'),(516,1,36,36,3,159,'job-apply','hdhdhdhdhrhrhdhd','2021-01-26 23:36:55','2021-01-26 23:36:55'),(517,1,36,36,3,152,'scout','input box  ','2021-01-26 23:40:35','2021-01-26 23:40:35'),(518,1,36,36,3,152,'scout','scroll  ','2021-01-26 23:40:57','2021-01-26 23:40:57'),(519,1,36,36,3,152,'scout',' ','2021-01-26 23:42:01','2021-01-26 23:42:01'),(520,1,1,1,3,129,'scout','Hhjj','2021-01-26 23:57:54','2021-01-26 23:57:54'),(521,1,1,1,3,129,'scout','Hhhh','2021-01-26 23:58:02','2021-01-26 23:58:02'),(522,1,1,1,3,129,'scout','Ijj','2021-01-26 23:58:10','2021-01-26 23:58:10'),(523,1,1,1,3,105,'scout','Dddf','2021-01-26 23:58:16','2021-01-26 23:58:16'),(524,1,1,1,3,105,'scout','Fffg','2021-01-26 23:58:22','2021-01-26 23:58:22'),(525,1,1,1,3,105,'scout','Hhhh','2021-01-26 23:58:26','2021-01-26 23:58:26'),(526,1,1,1,3,105,'scout','Ggggv','2021-01-26 23:58:31','2021-01-26 23:58:31'),(527,1,1,1,3,105,'scout','Ghhh','2021-01-26 23:58:34','2021-01-26 23:58:34'),(528,1,1,1,3,105,'scout','Gggg','2021-01-26 23:58:38','2021-01-26 23:58:38'),(529,1,1,1,3,105,'scout','Bbbh','2021-01-26 23:58:41','2021-01-26 23:58:41'),(530,1,36,36,3,152,'scout','Back','2021-01-26 23:59:03','2021-01-26 23:59:03'),(531,1,36,36,3,152,'scout','Now','2021-01-26 23:59:17','2021-01-26 23:59:17'),(532,1,36,36,3,152,'scout','Testing','2021-01-26 23:59:23','2021-01-26 23:59:23'),(533,1,36,36,3,152,'scout','New','2021-01-26 23:59:42','2021-01-26 23:59:42'),(534,1,36,1,2,159,'job-apply','Testing','2021-01-27 00:00:27','2021-01-27 00:00:27'),(535,1,1,1,3,105,'scout','Err','2021-01-27 00:00:32','2021-01-27 00:00:32'),(536,1,1,1,3,105,'scout','Dfg','2021-01-27 00:00:36','2021-01-27 00:00:36'),(537,1,1,1,3,86,'scout','Fhbb','2021-01-27 00:00:49','2021-01-27 00:00:49'),(538,1,36,1,2,157,'job-apply','Hello','2021-01-27 00:00:59','2021-01-27 00:00:59'),(539,1,36,1,2,157,'job-apply','Hi','2021-01-27 00:01:01','2021-01-27 00:01:01'),(540,1,36,1,2,157,'job-apply','Thuzar','2021-01-27 00:01:03','2021-01-27 00:01:03'),(541,1,1,1,3,86,'scout','Fff','2021-01-27 00:01:06','2021-01-27 00:01:06'),(542,1,36,1,2,157,'job-apply','How r u','2021-01-27 00:01:08','2021-01-27 00:01:08'),(543,1,1,1,3,86,'scout','Cfgh','2021-01-27 00:01:10','2021-01-27 00:01:10'),(544,1,36,1,2,157,'job-apply','Fine','2021-01-27 00:01:11','2021-01-27 00:01:11'),(545,1,36,1,2,157,'job-apply','Thanks','2021-01-27 00:01:14','2021-01-27 00:01:14'),(546,1,1,1,3,86,'scout','Dddrttff','2021-01-27 00:01:15','2021-01-27 00:01:15'),(547,1,36,1,2,157,'job-apply','And u','2021-01-27 00:01:18','2021-01-27 00:01:18'),(548,1,1,1,3,86,'scout','Vvhhbb','2021-01-27 00:01:18','2021-01-27 00:01:18'),(549,1,1,1,3,86,'scout','Hhjjn','2021-01-27 00:01:21','2021-01-27 00:01:21'),(550,1,36,1,2,157,'job-apply','Fine too','2021-01-27 00:01:24','2021-01-27 00:01:24'),(551,1,1,1,3,86,'scout','Huh','2021-01-27 00:01:24','2021-01-27 00:01:24'),(552,1,36,1,2,159,'job-apply','Hi','2021-01-27 00:01:52','2021-01-27 00:01:52'),(553,1,36,1,2,159,'job-apply','Hi','2021-01-27 00:02:10','2021-01-27 00:02:10'),(554,1,36,1,2,159,'job-apply','Hi','2021-01-27 00:02:14','2021-01-27 00:02:14'),(555,1,36,1,2,159,'job-apply','Hi','2021-01-27 00:02:18','2021-01-27 00:02:18'),(556,1,36,1,2,159,'job-apply','Hi','2021-01-27 00:02:21','2021-01-27 00:02:21'),(557,1,1,1,3,129,'scout','Drg','2021-01-27 00:02:34','2021-01-27 00:02:34'),(558,1,36,1,2,159,'job-apply','Aa','2021-01-27 00:02:37','2021-01-27 00:02:37'),(559,1,1,1,3,129,'scout','Bhhh','2021-01-27 00:02:37','2021-01-27 00:02:37'),(560,1,36,1,2,159,'job-apply','Aa','2021-01-27 00:02:39','2021-01-27 00:02:39'),(561,1,36,1,2,159,'job-apply','Aa','2021-01-27 00:02:40','2021-01-27 00:02:40'),(562,1,36,1,2,159,'job-apply','Aa','2021-01-27 00:02:42','2021-01-27 00:02:42'),(563,1,1,1,3,105,'scout','Effyhb','2021-01-27 00:02:45','2021-01-27 00:02:45'),(564,1,36,1,2,157,'job-apply','Hi','2021-01-27 00:02:50','2021-01-27 00:02:50'),(565,27,1,1,3,84,'scout','Dtgg','2021-01-27 00:02:57','2021-01-27 00:02:57'),(566,1,36,1,2,157,'job-apply','Text disappear','2021-01-27 00:02:58','2021-01-27 00:02:58'),(567,27,1,1,3,84,'scout','Ghhhh','2021-01-27 00:03:04','2021-01-27 00:03:04'),(568,1,36,1,2,159,'job-apply','Aa','2021-01-27 00:03:26','2021-01-27 00:03:26'),(569,1,36,1,2,159,'job-apply','Aa','2021-01-27 00:03:28','2021-01-27 00:03:28'),(570,1,36,1,2,159,'job-apply','A','2021-01-27 00:03:29','2021-01-27 00:03:29'),(571,1,36,1,2,159,'job-apply','Dxcf','2021-01-27 00:03:32','2021-01-27 00:03:32'),(572,1,36,1,2,159,'job-apply','Aa','2021-01-27 00:04:04','2021-01-27 00:04:04'),(573,1,36,1,2,159,'job-apply','Ee','2021-01-27 00:04:08','2021-01-27 00:04:08'),(574,1,36,1,2,159,'job-apply','Aaaa','2021-01-27 00:04:44','2021-01-27 00:04:44'),(575,1,36,1,2,159,'job-apply','Aaa','2021-01-27 00:04:46','2021-01-27 00:04:46'),(576,1,36,1,2,159,'job-apply','Aaa','2021-01-27 00:04:48','2021-01-27 00:04:48'),(577,1,36,1,2,157,'job-apply','Hi','2021-01-27 00:06:11','2021-01-27 00:06:11'),(578,1,36,1,2,157,'job-apply','Thuzar','2021-01-27 00:06:15','2021-01-27 00:06:15'),(579,1,36,1,2,159,'job-apply','Testing thuzar','2021-01-27 00:09:50','2021-01-27 00:09:50'),(580,1,36,1,2,159,'job-apply','New testing','2021-01-27 00:09:57','2021-01-27 00:09:57'),(581,1,36,1,2,159,'job-apply','Thuzar','2021-01-27 00:12:06','2021-01-27 00:12:06'),(582,1,36,1,2,159,'job-apply','Thuzar','2021-01-27 00:12:11','2021-01-27 00:12:11'),(583,53,1,1,3,140,'job-apply','aa','2021-01-27 00:15:19','2021-01-27 00:15:19'),(584,1,36,1,2,159,'job-apply','Testing','2021-01-27 00:15:24','2021-01-27 00:15:24'),(585,1,36,1,2,159,'job-apply','New','2021-01-27 00:15:26','2021-01-27 00:15:26'),(586,53,1,1,3,140,'job-apply','this is now','2021-01-27 00:15:28','2021-01-27 00:15:28'),(587,53,1,1,3,140,'job-apply','this is two','2021-01-27 00:15:40','2021-01-27 00:15:40'),(588,1,36,36,3,152,'scout','hello thuzar','2021-01-27 00:16:23','2021-01-27 00:16:23'),(589,1,36,36,3,159,'job-apply','Hello','2021-01-27 00:16:49','2021-01-27 00:16:49'),(590,1,36,36,3,159,'job-apply','Thuzar','2021-01-27 00:16:56','2021-01-27 00:16:56'),(591,1,36,1,2,159,'job-apply','Hi','2021-01-27 00:17:06','2021-01-27 00:17:06'),(592,53,1,1,3,140,'job-apply','This is three','2021-01-27 00:17:16','2021-01-27 00:17:16'),(593,53,1,1,3,140,'job-apply','This is three','2021-01-27 00:17:17','2021-01-27 00:17:17'),(594,53,1,1,3,140,'job-apply','This is three','2021-01-27 00:17:17','2021-01-27 00:17:17'),(595,53,1,1,3,140,'job-apply','This is three','2021-01-27 00:17:18','2021-01-27 00:17:18'),(596,1,36,36,3,157,'job-apply','Hi','2021-01-27 00:17:38','2021-01-27 00:17:38'),(597,1,36,36,3,157,'job-apply','Thuzar','2021-01-27 00:17:41','2021-01-27 00:17:41'),(598,1,36,1,2,157,'job-apply','Hi','2021-01-27 00:17:52','2021-01-27 00:17:52'),(599,1,36,36,3,159,'job-apply','hello','2021-01-27 00:18:54','2021-01-27 00:18:54'),(600,1,36,36,3,159,'job-apply','thuzar','2021-01-27 00:19:00','2021-01-27 00:19:00'),(601,1,36,36,3,159,'job-apply','hi','2021-01-27 00:19:07','2021-01-27 00:19:07'),(602,1,36,1,2,159,'job-apply','Thuzar','2021-01-27 00:19:50','2021-01-27 00:19:50'),(603,1,74,1,2,165,'job-apply','Thuzar','2021-01-27 00:20:07','2021-01-27 00:20:07'),(604,1,36,1,2,159,'job-apply','Wutmone','2021-01-27 00:20:52','2021-01-27 00:20:52'),(605,1,44,1,2,158,'scout','Bb','2021-01-27 00:22:49','2021-01-27 00:22:49'),(606,1,36,1,2,152,'scout','Hello','2021-01-27 00:38:53','2021-01-27 00:38:53'),(607,1,36,1,2,159,'job-apply','Hi','2021-01-27 00:39:01','2021-01-27 00:39:01'),(608,1,36,1,2,157,'job-apply','Hi','2021-01-27 00:39:24','2021-01-27 00:39:24'),(609,1,36,1,2,157,'job-apply','Hi','2021-01-27 00:39:26','2021-01-27 00:39:26'),(610,1,36,1,2,157,'job-apply','Hi','2021-01-27 00:39:28','2021-01-27 00:39:28'),(611,1,36,1,2,157,'job-apply','Hi','2021-01-27 00:39:30','2021-01-27 00:39:30'),(612,1,74,1,2,165,'job-apply','1','2021-01-27 00:39:57','2021-01-27 00:39:57'),(613,1,74,1,2,165,'job-apply','2','2021-01-27 00:40:00','2021-01-27 00:40:00'),(614,1,74,1,2,165,'job-apply','3','2021-01-27 00:40:02','2021-01-27 00:40:02'),(615,1,74,1,2,165,'job-apply','4','2021-01-27 00:40:03','2021-01-27 00:40:03'),(616,1,74,1,2,165,'job-apply','5','2021-01-27 00:40:05','2021-01-27 00:40:05'),(617,1,74,1,2,165,'job-apply','6','2021-01-27 00:40:06','2021-01-27 00:40:06'),(618,1,74,1,2,165,'job-apply','7','2021-01-27 00:40:08','2021-01-27 00:40:08'),(619,1,74,1,2,165,'job-apply','8','2021-01-27 00:40:09','2021-01-27 00:40:09'),(620,1,74,1,2,165,'job-apply','9','2021-01-27 00:40:10','2021-01-27 00:40:10'),(621,1,21,1,2,169,'scout','Hi','2021-01-27 00:40:39','2021-01-27 00:40:39'),(622,1,21,1,2,169,'scout','1','2021-01-27 00:40:44','2021-01-27 00:40:44'),(623,1,21,1,2,169,'scout','2','2021-01-27 00:40:45','2021-01-27 00:40:45'),(624,1,21,1,2,169,'scout','3','2021-01-27 00:40:46','2021-01-27 00:40:46'),(625,1,21,1,2,169,'scout','4','2021-01-27 00:40:48','2021-01-27 00:40:48'),(626,1,21,1,2,169,'scout','5','2021-01-27 00:40:49','2021-01-27 00:40:49'),(627,1,36,36,3,157,'job-apply','A','2021-01-27 00:42:05','2021-01-27 00:42:05'),(628,1,36,36,3,157,'job-apply','B','2021-01-27 00:42:07','2021-01-27 00:42:07'),(629,1,36,36,3,157,'job-apply','C','2021-01-27 00:42:09','2021-01-27 00:42:09'),(630,1,36,36,3,157,'job-apply','D','2021-01-27 00:42:11','2021-01-27 00:42:11'),(631,1,36,36,3,157,'job-apply','E','2021-01-27 00:42:13','2021-01-27 00:42:13'),(632,1,36,36,3,157,'job-apply','F','2021-01-27 00:42:15','2021-01-27 00:42:15'),(633,1,36,36,3,157,'job-apply','G','2021-01-27 00:42:16','2021-01-27 00:42:16'),(634,1,36,36,3,157,'job-apply','H','2021-01-27 00:42:18','2021-01-27 00:42:18'),(635,1,36,36,3,157,'job-apply','I','2021-01-27 00:42:20','2021-01-27 00:42:20'),(636,1,36,36,3,157,'job-apply','J','2021-01-27 00:42:22','2021-01-27 00:42:22'),(637,1,36,36,3,152,'scout','1','2021-01-27 00:42:37','2021-01-27 00:42:37'),(638,1,36,36,3,152,'scout','2','2021-01-27 00:42:38','2021-01-27 00:42:38'),(639,1,36,36,3,152,'scout','3','2021-01-27 00:42:40','2021-01-27 00:42:40'),(640,1,36,36,3,152,'scout','4','2021-01-27 00:42:42','2021-01-27 00:42:42'),(641,1,36,36,3,152,'scout','5','2021-01-27 00:42:44','2021-01-27 00:42:44'),(642,1,36,36,3,152,'scout','6','2021-01-27 00:42:47','2021-01-27 00:42:47'),(643,1,36,36,3,152,'scout','7','2021-01-27 00:42:50','2021-01-27 00:42:50'),(644,1,36,36,3,152,'scout','8','2021-01-27 00:42:52','2021-01-27 00:42:52'),(645,1,36,36,3,152,'scout','9','2021-01-27 00:42:54','2021-01-27 00:42:54'),(646,1,36,36,3,159,'job-apply','1','2021-01-27 00:43:42','2021-01-27 00:43:42'),(647,1,36,36,3,159,'job-apply','2','2021-01-27 00:43:45','2021-01-27 00:43:45'),(648,1,36,36,3,159,'job-apply','3','2021-01-27 00:43:46','2021-01-27 00:43:46'),(649,1,36,36,3,159,'job-apply','4','2021-01-27 00:43:48','2021-01-27 00:43:48'),(650,1,36,36,3,159,'job-apply','5','2021-01-27 00:43:49','2021-01-27 00:43:49'),(651,1,36,36,3,157,'job-apply','B','2021-01-27 00:43:59','2021-01-27 00:43:59'),(652,1,36,36,3,157,'job-apply','C','2021-01-27 00:44:01','2021-01-27 00:44:01'),(653,1,36,36,3,157,'job-apply','D','2021-01-27 00:44:03','2021-01-27 00:44:03'),(654,1,36,36,3,157,'job-apply','E','2021-01-27 00:44:04','2021-01-27 00:44:04'),(655,1,36,36,3,157,'job-apply','F','2021-01-27 00:44:06','2021-01-27 00:44:06'),(656,1,36,36,3,157,'job-apply','G','2021-01-27 00:44:08','2021-01-27 00:44:08'),(657,1,36,36,3,157,'job-apply','H','2021-01-27 00:44:10','2021-01-27 00:44:10'),(658,1,36,36,3,157,'job-apply','I','2021-01-27 00:44:12','2021-01-27 00:44:12'),(659,1,36,36,3,157,'job-apply','J','2021-01-27 00:44:14','2021-01-27 00:44:14'),(660,1,36,36,3,159,'job-apply','Hi','2021-01-27 00:47:45','2021-01-27 00:47:45'),(661,53,1,1,3,139,'job-apply','','2021-01-27 00:47:55','2021-01-27 00:47:55'),(662,53,1,1,3,139,'job-apply','Wutmone','2021-01-27 00:48:08','2021-01-27 00:48:08'),(663,53,1,1,3,139,'job-apply','Its me','2021-01-27 00:48:16','2021-01-27 00:48:16'),(664,53,1,1,3,140,'job-apply','This is four','2021-01-27 00:48:32','2021-01-27 00:48:32'),(665,1,36,36,3,159,'job-apply','This is testing msg','2021-01-27 00:48:45','2021-01-27 00:48:45'),(666,1,36,36,3,159,'job-apply','Add in 159','2021-01-27 00:49:27','2021-01-27 00:49:27'),(667,53,1,1,3,140,'job-apply','Hi Wutmone','2021-01-27 00:51:48','2021-01-27 00:51:48'),(668,53,1,1,3,140,'job-apply','How','2021-01-27 00:51:57','2021-01-27 00:51:57'),(669,53,1,1,3,140,'job-apply','Hi','2021-01-27 00:52:04','2021-01-27 00:52:04'),(670,53,1,1,3,139,'job-apply','Hi Thuzar','2021-01-27 00:52:18','2021-01-27 00:52:18'),(671,53,1,1,3,139,'job-apply','How r u','2021-01-27 00:52:26','2021-01-27 00:52:26'),(672,1,36,36,3,159,'job-apply','Hi Myo','2021-01-27 01:09:31','2021-01-27 01:09:31'),(673,1,36,36,3,159,'job-apply','testing','2021-01-27 01:09:33','2021-01-27 01:09:33');
/*!40000 ALTER TABLE `chat_messages` ENABLE KEYS */;
UNLOCK TABLES;

--
-- Table structure for table `countries`
--

DROP TABLE IF EXISTS `countries`;
/*!40101 SET @saved_cs_client     = @@character_set_client */;
/*!40101 SET character_set_client = utf8 */;
CREATE TABLE `countries` (
  `id` int(11) NOT NULL AUTO_INCREMENT,
  `city_name` varchar(255) COLLATE utf8mb4_unicode_ci NOT NULL,
  `country_name` varchar(100) CHARACTER SET utf8 DEFAULT NULL,
  `continent_name` varchar(100) CHARACTER SET utf8 DEFAULT NULL,
  PRIMARY KEY (`id`)
) ENGINE=InnoDB AUTO_INCREMENT=256 DEFAULT CHARSET=utf8mb4 COLLATE=utf8mb4_unicode_ci;
/*!40101 SET character_set_client = @saved_cs_client */;

--
-- Dumping data for table `countries`
--

LOCK TABLES `countries` WRITE;
/*!40000 ALTER TABLE `countries` DISABLE KEYS */;
INSERT INTO `countries` VALUES (1,'','',''),(2,'','',''),(3,'','',''),(4,'','',''),(5,'','',''),(6,'','',''),(7,'','',''),(8,'','',''),(9,'','',''),(10,'','',''),(11,'','',''),(12,'','',''),(13,'','',''),(14,'','',''),(15,'','',''),(16,'','',''),(17,'','',''),(18,'','',''),(19,'','',''),(20,'','',''),(21,'','',''),(22,'','',''),(23,'','',''),(24,'','',''),(25,'','',''),(26,'','',''),(27,'','',''),(28,'','',''),(29,'','',''),(30,'','',''),(31,'','',''),(32,'','',''),(33,'','',''),(34,'','',''),(35,'','',''),(36,'','',''),(37,'','',''),(38,'','',''),(39,'','',''),(40,'','',''),(41,'','',''),(42,'','',''),(43,'','',''),(44,'','',''),(45,'','',''),(46,'','',''),(47,'','',''),(48,'','',''),(49,'','',''),(50,'','',''),(51,'','',''),(52,'','',''),(53,'','',''),(54,'','',''),(55,'','',''),(56,'','',''),(57,'','',''),(58,'','',''),(59,'','',''),(60,'','',''),(61,'','',''),(62,'','',''),(63,'','',''),(64,'','',''),(65,'','',''),(66,'','',''),(67,'','',''),(68,'','',''),(69,'','',''),(70,'','',''),(71,'','',''),(72,'','',''),(73,'','',''),(74,'','',''),(75,'','',''),(76,'','',''),(77,'','',''),(78,'','',''),(79,'','',''),(80,'','',''),(81,'','',''),(82,'','',''),(83,'','',''),(84,'','',''),(85,'','',''),(86,'','',''),(87,'','',''),(88,'','',''),(89,'','',''),(90,'','',''),(91,'','',''),(92,'','',''),(93,'','',''),(94,'','',''),(95,'','',''),(96,'','',''),(97,'','',''),(98,'','',''),(99,'','',''),(100,'','',''),(101,'','',''),(102,'','',''),(103,'','',''),(104,'','',''),(105,'','',''),(106,'','',''),(107,'','',''),(108,'','',''),(109,'','',''),(110,'','',''),(111,'','',''),(112,'','',''),(113,'','',''),(114,'','',''),(115,'','',''),(117,'','',''),(118,'','',''),(119,'','',''),(120,'','',''),(121,'','',''),(122,'','',''),(123,'','',''),(124,'','',''),(125,'','',''),(126,'','',''),(127,'','',''),(128,'','',''),(129,'','',''),(130,'','',''),(131,'','',''),(132,'','',''),(133,'','',''),(134,'','',''),(135,'','',''),(136,'','',''),(137,'','',''),(138,'','',''),(139,'','',''),(140,'','',''),(141,'','',''),(142,'','',''),(143,'','',''),(144,'','',''),(145,'','',''),(146,'','',''),(147,'','',''),(148,'','',''),(149,'','',''),(150,'','',''),(151,'','',''),(152,'','',''),(153,'','',''),(154,'','',''),(155,'','',''),(156,'','',''),(157,'','',''),(158,'','',''),(159,'','',''),(160,'','',''),(161,'','',''),(162,'','',''),(163,'','',''),(164,'','',''),(165,'','',''),(166,'','',''),(167,'','',''),(168,'','',''),(169,'','',''),(170,'','',''),(171,'','',''),(172,'','',''),(173,'','',''),(174,'','',''),(175,'','',''),(176,'','',''),(177,'','',''),(178,'','',''),(179,'','',''),(180,'','',''),(181,'','',''),(182,'','',''),(183,'','',''),(184,'','',''),(185,'','',''),(186,'','',''),(187,'','',''),(188,'','',''),(189,'','',''),(190,'','',''),(191,'','',''),(192,'','',''),(193,'','',''),(194,'','',''),(195,'','',''),(196,'','',''),(197,'','',''),(198,'','',''),(199,'','',''),(200,'','',''),(201,'','',''),(202,'','',''),(203,'','',''),(204,'','',''),(205,'','',''),(206,'','',''),(207,'','',''),(208,'','',''),(209,'','',''),(210,'','',''),(211,'','',''),(212,'','',''),(213,'','',''),(214,'','',''),(215,'','',''),(216,'','',''),(217,'','',''),(218,'','',''),(219,'','',''),(220,'','',''),(221,'','',''),(222,'','',''),(223,'','',''),(224,'','',''),(225,'','',''),(226,'','',''),(227,'','',''),(228,'','',''),(229,'','',''),(230,'','',''),(231,'','',''),(232,'','',''),(233,'','',''),(234,'','',''),(235,'','',''),(236,'','',''),(237,'','',''),(238,'','',''),(239,'','',''),(240,'','',''),(241,'','',''),(242,'','',''),(243,'','',''),(244,'','',''),(245,'','',''),(246,'','',''),(247,'','',''),(248,'','',''),(249,'','',''),(250,'','',''),(251,'','',''),(252,'','',''),(253,'','',''),(254,'','','');
/*!40000 ALTER TABLE `countries` ENABLE KEYS */;
UNLOCK TABLES;

--
-- Table structure for table `countries1`
--

DROP TABLE IF EXISTS `countries1`;
/*!40101 SET @saved_cs_client     = @@character_set_client */;
/*!40101 SET character_set_client = utf8 */;
CREATE TABLE `countries1` (
  `id` bigint(20) unsigned NOT NULL AUTO_INCREMENT,
  `continent_name` varchar(191) COLLATE utf8mb4_unicode_ci NOT NULL,
  `country_name` varchar(191) COLLATE utf8mb4_unicode_ci NOT NULL,
  `city_name` varchar(255) COLLATE utf8mb4_unicode_ci NOT NULL,
  `created_at` timestamp NULL DEFAULT NULL,
  `updated_at` timestamp NULL DEFAULT NULL,
  PRIMARY KEY (`id`)
) ENGINE=InnoDB AUTO_INCREMENT=143 DEFAULT CHARSET=utf8mb4 COLLATE=utf8mb4_unicode_ci;
/*!40101 SET character_set_client = @saved_cs_client */;

--
-- Dumping data for table `countries1`
--

LOCK TABLES `countries1` WRITE;
/*!40000 ALTER TABLE `countries1` DISABLE KEYS */;
INSERT INTO `countries1` VALUES (1,'','','','2020-08-06 01:00:24','2020-08-06 01:00:24'),(2,'','','','2020-08-06 01:00:24','2020-08-06 01:00:24'),(3,'','','','2020-08-06 01:00:24','2020-08-06 01:00:24'),(4,'','','','2020-08-06 01:00:24','2020-08-06 01:00:24'),(5,'','','','2020-08-06 01:00:24','2020-08-06 01:00:24'),(6,'','','','2020-08-06 01:00:24','2020-08-06 01:00:24'),(7,'','','','2020-08-06 01:00:24','2020-08-06 01:00:24'),(8,'','','','2020-08-06 01:00:24','2020-08-06 01:00:24'),(9,'','','','2020-08-06 01:00:24','2020-08-06 01:00:24'),(10,'','','','2020-08-06 01:00:24','2020-08-06 01:00:24'),(11,'','','','2020-08-06 01:00:24','2020-08-06 01:00:24'),(12,'','','','2020-08-06 01:00:24','2020-08-06 01:00:24'),(13,'','','','2020-08-06 01:00:24','2020-08-06 01:00:24'),(14,'','','','2020-08-06 01:00:24','2020-08-06 01:00:24'),(15,'','','','2020-08-06 01:00:24','2020-08-06 01:00:24'),(16,'','','','2020-08-06 01:00:24','2020-08-06 01:00:24'),(17,'','','','2020-08-06 01:00:24','2020-08-06 01:00:24'),(18,'','','','2020-08-06 01:00:24','2020-08-06 01:00:24'),(19,'','','','2020-08-06 01:00:24','2020-08-06 01:00:24'),(20,'','','','2020-08-06 01:00:24','2020-08-06 01:00:24'),(21,'','','','2020-08-06 01:00:24','2020-08-06 01:00:24'),(22,'','','','2020-08-06 01:00:24','2020-08-06 01:00:24'),(23,'','','','2020-08-06 01:00:24','2020-08-06 01:00:24'),(24,'','','','2020-08-06 01:00:24','2020-08-06 01:00:24'),(25,'','','','2020-08-06 01:00:24','2020-08-06 01:00:24'),(26,'','','','2020-08-06 01:00:24','2020-08-06 01:00:24'),(27,'','','','2020-08-06 01:00:24','2020-08-06 01:00:24'),(28,'','','','2020-08-06 01:00:24','2020-08-06 01:00:24'),(29,'','','','2020-08-06 01:00:24','2020-08-06 01:00:24'),(30,'','','','2020-08-06 01:00:24','2020-08-06 01:00:24'),(31,'','','','2020-08-06 01:00:24','2020-08-06 01:00:24'),(32,'','','','2020-08-06 01:00:24','2020-08-06 01:00:24'),(33,'','','','2020-08-06 01:00:24','2020-08-06 01:00:24'),(34,'','','','2020-08-06 01:00:24','2020-08-06 01:00:24'),(35,'','','','2020-08-06 01:00:24','2020-08-06 01:00:24'),(36,'','','','2020-08-06 01:00:24','2020-08-06 01:00:24'),(37,'','','','2020-08-06 01:00:24','2020-08-06 01:00:24'),(38,'','','','2020-08-06 01:00:24','2020-08-06 01:00:24'),(39,'','','','2020-08-06 01:00:24','2020-08-06 01:00:24'),(40,'','','','2020-08-06 01:00:24','2020-08-06 01:00:24'),(41,'','','','2020-08-06 01:00:24','2020-08-06 01:00:24'),(42,'','','','2020-08-06 01:00:24','2020-08-06 01:00:24'),(43,'','','','2020-08-06 01:00:24','2020-08-06 01:00:24'),(44,'','','','2020-08-06 01:00:24','2020-08-06 01:00:24'),(45,'','','','2020-08-06 01:00:24','2020-08-06 01:00:24'),(46,'','','','2020-08-06 01:00:24','2020-08-06 01:00:24'),(47,'','','','2020-08-06 01:00:24','2020-08-06 01:00:24'),(48,'','','','2020-08-06 01:00:24','2020-08-06 01:00:24'),(49,'','','','2020-08-06 01:00:24','2020-08-06 01:00:24'),(50,'','','','2020-08-06 01:00:24','2020-08-06 01:00:24'),(51,'','','','2020-08-06 01:00:24','2020-08-06 01:00:24'),(52,'','','','2020-08-06 01:00:24','2020-08-06 01:00:24'),(53,'','','','2020-08-06 01:00:24','2020-08-06 01:00:24'),(54,'','','','2020-08-06 01:00:24','2020-08-06 01:00:24'),(55,'','','','2020-08-06 01:00:24','2020-08-06 01:00:24'),(56,'','','','2020-08-06 01:00:24','2020-08-06 01:00:24'),(57,'','','','2020-08-06 01:00:24','2020-08-06 01:00:24'),(58,'','','','2020-08-06 01:00:24','2020-08-06 01:00:24'),(59,'','','','2020-08-06 01:00:24','2020-08-06 01:00:24'),(60,'','','','2020-08-06 01:00:24','2020-08-06 01:00:24'),(61,'','','','2020-08-06 01:00:24','2020-08-06 01:00:24'),(62,'','','','2020-08-06 01:00:24','2020-08-06 01:00:24'),(63,'','','','2020-08-06 01:00:24','2020-08-06 01:00:24'),(64,'','','','2020-08-06 01:00:24','2020-08-06 01:00:24'),(65,'','','','2020-08-06 01:00:24','2020-08-06 01:00:24'),(66,'','','','2020-08-06 01:00:24','2020-08-06 01:00:24'),(67,'','','','2020-08-06 01:00:24','2020-08-06 01:00:24'),(68,'','','','2020-08-06 01:00:24','2020-08-06 01:00:24'),(69,'','','','2020-08-06 01:00:24','2020-08-06 01:00:24'),(70,'','','','2020-08-06 01:00:24','2020-08-06 01:00:24'),(71,'','','','2020-08-06 01:00:24','2020-08-06 01:00:24'),(72,'','','','2020-08-06 01:00:24','2020-08-06 01:00:24'),(73,'','','','2020-08-06 01:00:24','2020-08-06 01:00:24'),(74,'','','','2020-08-06 01:00:24','2020-08-06 01:00:24'),(75,'','','','2020-08-06 01:00:24','2020-08-06 01:00:24'),(76,'','','','2020-08-06 01:00:24','2020-08-06 01:00:24'),(77,'','','','2020-08-06 01:00:24','2020-08-06 01:00:24'),(78,'','','','2020-08-06 01:00:24','2020-08-06 01:00:24'),(79,'','','','2020-08-06 01:00:24','2020-08-06 01:00:24'),(80,'','','','2020-08-06 01:00:24','2020-08-06 01:00:24'),(81,'','','','2020-08-06 01:00:24','2020-08-06 01:00:24'),(82,'','','','2020-08-06 01:00:24','2020-08-06 01:00:24'),(83,'','','','2020-08-06 01:00:24','2020-08-06 01:00:24'),(84,'','','','2020-08-06 01:00:24','2020-08-06 01:00:24'),(85,'','','','2020-08-06 01:00:24','2020-08-06 01:00:24'),(86,'','','','2020-08-06 01:00:24','2020-08-06 01:00:24'),(87,'','','','2020-08-06 01:00:24','2020-08-06 01:00:24'),(88,'','','','2020-08-06 01:00:24','2020-08-06 01:00:24'),(89,'','','','2020-08-06 01:00:24','2020-08-06 01:00:24'),(90,'','','','2020-08-06 01:00:24','2020-08-06 01:00:24'),(91,'','','','2020-08-06 01:00:24','2020-08-06 01:00:24'),(92,'','','','2020-08-06 01:00:24','2020-08-06 01:00:24'),(93,'','','','2020-08-06 01:00:24','2020-08-06 01:00:24'),(94,'','','','2020-08-06 01:00:24','2020-08-06 01:00:24'),(95,'','','','2020-08-06 01:00:24','2020-08-06 01:00:24'),(96,'','','','2020-08-06 01:00:24','2020-08-06 01:00:24'),(97,'','','','2020-08-06 01:00:24','2020-08-06 01:00:24'),(98,'','','','2020-08-06 01:00:24','2020-08-06 01:00:24'),(99,'','','','2020-08-06 01:00:24','2020-08-06 01:00:24'),(100,'','','','2020-08-06 01:00:24','2020-08-06 01:00:24'),(101,'','','','2020-08-06 01:00:24','2020-08-06 01:00:24'),(102,'','','','2020-08-06 01:00:24','2020-08-06 01:00:24'),(103,'','','','2020-08-06 01:00:24','2020-08-06 01:00:24'),(104,'','','','2020-08-06 01:00:24','2020-08-06 01:00:24'),(105,'','','','2020-08-06 01:00:24','2020-08-06 01:00:24'),(106,'','','','2020-08-06 01:00:24','2020-08-06 01:00:24'),(107,'','','','2020-08-06 01:00:24','2020-08-06 01:00:24'),(108,'','','','2020-08-06 01:00:24','2020-08-06 01:00:24'),(109,'','','','2020-08-06 01:00:24','2020-08-06 01:00:24'),(110,'','','','2020-08-06 01:00:24','2020-08-06 01:00:24'),(111,'','','','2020-08-06 01:00:24','2020-08-06 01:00:24'),(112,'','','','2020-08-06 01:00:24','2020-08-06 01:00:24'),(113,'','','','2020-08-06 01:00:24','2020-08-06 01:00:24'),(114,'','','','2020-08-06 01:00:24','2020-08-06 01:00:24'),(115,'','','','2020-08-06 01:00:24','2020-08-06 01:00:24'),(116,'','','','2020-08-06 01:00:24','2020-08-06 01:00:24'),(117,'','','','2020-08-06 01:00:24','2020-08-06 01:00:24'),(118,'','','','2020-08-06 01:00:24','2020-08-06 01:00:24'),(119,'','','','2020-08-06 01:00:24','2020-08-06 01:00:24'),(120,'','','','2020-08-06 01:00:24','2020-08-06 01:00:24'),(121,'','','','2020-08-06 01:00:24','2020-08-06 01:00:24'),(122,'','','','2020-08-06 01:00:24','2020-08-06 01:00:24'),(123,'','','','2020-08-06 01:00:24','2020-08-06 01:00:24'),(124,'','','','2020-08-06 01:00:24','2020-08-06 01:00:24'),(125,'','','','2020-08-06 01:00:24','2020-08-06 01:00:24'),(126,'','','','2020-08-06 01:00:24','2020-08-06 01:00:24'),(127,'','','','2020-08-06 01:00:24','2020-08-06 01:00:24'),(128,'','','','2020-08-06 01:00:24','2020-08-06 01:00:24'),(129,'','','','2020-08-06 01:00:24','2020-08-06 01:00:24'),(130,'','','','2020-08-06 01:00:24','2020-08-06 01:00:24'),(131,'','','','2020-08-06 01:00:24','2020-08-06 01:00:24'),(132,'','','','2020-08-06 01:00:24','2020-08-06 01:00:24'),(133,'','','','2020-08-06 01:00:24','2020-08-06 01:00:24'),(134,'','','','2020-08-06 01:00:24','2020-08-06 01:00:24'),(135,'','','','2020-08-06 01:00:24','2020-08-06 01:00:24'),(136,'','','','2020-08-06 01:00:24','2020-08-06 01:00:24'),(137,'','','','2020-08-06 01:00:24','2020-08-06 01:00:24'),(138,'','','','2020-08-06 01:00:24','2020-08-06 01:00:24'),(139,'','','','2020-08-06 01:00:24','2020-08-06 01:00:24'),(140,'','','','2020-08-06 01:00:24','2020-08-06 01:00:24'),(141,'','','','2020-08-06 01:00:24','2020-08-06 01:00:24'),(142,'','','','2020-08-06 01:00:24','2020-08-06 01:00:24');
/*!40000 ALTER TABLE `countries1` ENABLE KEYS */;
UNLOCK TABLES;

--
-- Table structure for table `desired_industries`
--

DROP TABLE IF EXISTS `desired_industries`;
/*!40101 SET @saved_cs_client     = @@character_set_client */;
/*!40101 SET character_set_client = utf8 */;
CREATE TABLE `desired_industries` (
  `id` bigint(20) unsigned NOT NULL AUTO_INCREMENT,
  `jobseeker_id` bigint(20) unsigned NOT NULL,
  `industry_id` bigint(20) unsigned NOT NULL,
  `created_at` timestamp NULL DEFAULT NULL,
  `updated_at` timestamp NULL DEFAULT NULL,
  PRIMARY KEY (`id`)
) ENGINE=InnoDB AUTO_INCREMENT=53 DEFAULT CHARSET=utf8mb4 COLLATE=utf8mb4_unicode_ci;
/*!40101 SET character_set_client = @saved_cs_client */;

--
-- Dumping data for table `desired_industries`
--

LOCK TABLES `desired_industries` WRITE;
/*!40000 ALTER TABLE `desired_industries` DISABLE KEYS */;
INSERT INTO `desired_industries` VALUES (5,3,10,'2020-10-22 00:07:44','2020-10-22 00:07:44'),(6,3,7,'2020-10-22 00:07:44','2020-10-22 00:07:44'),(17,38,1,'2020-11-05 18:22:36','2020-11-05 18:22:36'),(26,41,8,'2020-11-14 20:49:37','2020-11-14 20:49:37'),(30,44,3,'2020-12-16 23:32:20','2020-12-16 23:32:20'),(31,44,16,'2020-12-16 23:32:20','2020-12-16 23:32:20'),(32,1,13,'2020-12-18 00:49:09','2020-12-18 00:49:09'),(33,1,8,'2020-12-18 00:49:09','2020-12-18 00:49:09'),(34,1,10,'2020-12-18 00:49:09','2020-12-18 00:49:09'),(35,1,14,'2020-12-18 00:49:09','2020-12-18 00:49:09'),(36,24,14,'2020-12-25 02:16:44','2020-12-25 02:16:44'),(37,24,1,'2020-12-25 02:16:44','2020-12-25 02:16:44'),(44,61,2,'2020-12-27 22:14:14','2020-12-27 22:14:14'),(45,61,15,'2020-12-27 22:14:14','2020-12-27 22:14:14'),(46,61,1,'2020-12-27 22:14:14','2020-12-27 22:14:14'),(52,49,8,'2021-01-10 21:51:24','2021-01-10 21:51:24');
/*!40000 ALTER TABLE `desired_industries` ENABLE KEYS */;
UNLOCK TABLES;

--
-- Table structure for table `desired_occupations`
--

DROP TABLE IF EXISTS `desired_occupations`;
/*!40101 SET @saved_cs_client     = @@character_set_client */;
/*!40101 SET character_set_client = utf8 */;
CREATE TABLE `desired_occupations` (
  `id` bigint(20) unsigned NOT NULL AUTO_INCREMENT,
  `jobseeker_id` bigint(20) unsigned NOT NULL,
  `occupation_id` bigint(20) unsigned NOT NULL,
  `created_at` timestamp NULL DEFAULT NULL,
  `updated_at` timestamp NULL DEFAULT NULL,
  PRIMARY KEY (`id`)
) ENGINE=InnoDB AUTO_INCREMENT=96 DEFAULT CHARSET=utf8mb4 COLLATE=utf8mb4_unicode_ci;
/*!40101 SET character_set_client = @saved_cs_client */;

--
-- Dumping data for table `desired_occupations`
--

LOCK TABLES `desired_occupations` WRITE;
/*!40000 ALTER TABLE `desired_occupations` DISABLE KEYS */;
INSERT INTO `desired_occupations` VALUES (11,3,6,'2020-10-22 00:07:44','2020-10-22 00:07:44'),(13,23,2,'2020-10-25 18:34:46','2020-10-25 18:34:46'),(22,38,2,'2020-11-05 18:22:36','2020-11-05 18:22:36'),(31,41,2,'2020-11-14 20:49:37','2020-11-14 20:49:37'),(48,44,12,'2020-12-16 23:32:20','2020-12-16 23:32:20'),(49,44,9,'2020-12-16 23:32:20','2020-12-16 23:32:20'),(50,1,4,'2020-12-18 00:49:09','2020-12-18 00:49:09'),(51,1,14,'2020-12-18 00:49:09','2020-12-18 00:49:09'),(52,1,11,'2020-12-18 00:49:09','2020-12-18 00:49:09'),(53,1,13,'2020-12-18 00:49:09','2020-12-18 00:49:09'),(54,24,4,'2020-12-25 02:16:44','2020-12-25 02:16:44'),(55,24,15,'2020-12-25 02:16:44','2020-12-25 02:16:44'),(61,61,17,'2020-12-27 22:14:14','2020-12-27 22:14:14'),(62,61,14,'2020-12-27 22:14:14','2020-12-27 22:14:14'),(89,25,15,'2021-01-05 20:33:35','2021-01-05 20:33:35'),(90,25,6,'2021-01-05 20:33:35','2021-01-05 20:33:35'),(91,25,14,'2021-01-05 20:33:35','2021-01-05 20:33:35'),(92,25,8,'2021-01-05 20:33:35','2021-01-05 20:33:35'),(93,25,11,'2021-01-05 20:33:35','2021-01-05 20:33:35'),(94,49,4,'2021-01-10 21:51:24','2021-01-10 21:51:24'),(95,74,27,'2021-01-22 00:17:39','2021-01-22 00:17:39');
/*!40000 ALTER TABLE `desired_occupations` ENABLE KEYS */;
UNLOCK TABLES;

--
-- Table structure for table `education_histories`
--

DROP TABLE IF EXISTS `education_histories`;
/*!40101 SET @saved_cs_client     = @@character_set_client */;
/*!40101 SET character_set_client = utf8 */;
CREATE TABLE `education_histories` (
  `id` bigint(20) unsigned NOT NULL AUTO_INCREMENT,
  `jobseeker_id` bigint(20) unsigned NOT NULL,
  `school_name` varchar(191) COLLATE utf8mb4_unicode_ci DEFAULT NULL,
  `subject` varchar(191) COLLATE utf8mb4_unicode_ci DEFAULT NULL,
  `degree` varchar(191) COLLATE utf8mb4_unicode_ci DEFAULT NULL,
  `from_year` tinyint(4) DEFAULT NULL,
  `from_month` tinyint(4) DEFAULT NULL,
  `to_year` tinyint(4) DEFAULT NULL,
  `to_month` tinyint(4) DEFAULT NULL,
  `education_status` varchar(191) COLLATE utf8mb4_unicode_ci DEFAULT NULL,
  `created_at` timestamp NULL DEFAULT NULL,
  `updated_at` timestamp NULL DEFAULT NULL,
  PRIMARY KEY (`id`)
) ENGINE=InnoDB AUTO_INCREMENT=293 DEFAULT CHARSET=utf8mb4 COLLATE=utf8mb4_unicode_ci;
/*!40101 SET character_set_client = @saved_cs_client */;

--
-- Dumping data for table `education_histories`
--

LOCK TABLES `education_histories` WRITE;
/*!40000 ALTER TABLE `education_histories` DISABLE KEYS */;
INSERT INTO `education_histories` VALUES (26,20,'MCC','MCC -IT','',NULL,NULL,NULL,NULL,'','2020-09-22 00:54:57','2020-09-22 00:54:57'),(36,22,'CCNA_YGN','Network_TCP','',98,-11,99,-11,'','2020-10-04 17:53:42','2020-10-04 17:53:42'),(37,22,'MICT','Developer','',98,-11,100,-9,'','2020-10-04 17:53:42','2020-10-04 17:53:42'),(67,23,'MCC','Web_Developer','',99,-11,100,-10,'','2020-10-25 18:24:29','2020-10-25 18:24:29'),(68,23,'IMCS','CCNE','',99,-9,100,-9,'','2020-10-25 18:24:29','2020-10-25 18:24:29'),(129,41,'','',')',70,-11,84,-8,'','2020-11-14 20:46:59','2020-11-14 20:46:59'),(160,38,'ITFC','IT','',90,NULL,94,NULL,'','2020-11-16 19:55:36','2020-11-16 19:55:36'),(164,42,NULL,NULL,NULL,NULL,NULL,NULL,NULL,'','2020-11-17 01:01:45','2020-11-17 01:01:45'),(165,1,'','Test','',1,-11,2,-10,'','2020-11-18 17:42:24','2020-11-18 17:42:24'),(166,1,' 2',NULL,NULL,NULL,NULL,NULL,NULL,NULL,'2020-11-18 17:42:24','2020-11-18 17:42:24'),(271,21,'','',')',90,-8,99,-9,'','2020-12-27 20:31:57','2020-12-27 20:31:57'),(278,24,'1','1','',1,-11,NULL,NULL,'','2020-12-27 22:15:01','2020-12-27 22:15:01'),(279,24,'1','1','',12,-6,NULL,NULL,'','2020-12-27 22:15:01','2020-12-27 22:15:01'),(280,24,'sada','dasda','',19,-11,17,-2,NULL,'2020-12-27 22:15:01','2020-12-27 22:15:01'),(284,25,NULL,NULL,NULL,NULL,NULL,17,-9,NULL,'2021-01-05 19:38:01','2021-01-05 19:38:01'),(286,74,'What','Are',')',1,-11,NULL,NULL,'','2021-01-22 00:15:17','2021-01-22 00:15:17'),(287,74,'Hello',NULL,NULL,2,-9,NULL,NULL,NULL,'2021-01-22 00:15:17','2021-01-22 00:15:17'),(291,44,NULL,NULL,NULL,NULL,-11,NULL,NULL,NULL,'2021-01-25 01:10:23','2021-01-25 01:10:23'),(292,78,'Odio doloribus omnis','Error eum adipisicin','',74,-10,55,-11,'','2021-01-26 22:11:08','2021-01-26 22:11:08');
/*!40000 ALTER TABLE `education_histories` ENABLE KEYS */;
UNLOCK TABLES;

--
-- Table structure for table `education_overseas`
--

DROP TABLE IF EXISTS `education_overseas`;
/*!40101 SET @saved_cs_client     = @@character_set_client */;
/*!40101 SET character_set_client = utf8 */;
CREATE TABLE `education_overseas` (
  `id` bigint(20) unsigned NOT NULL AUTO_INCREMENT,
  `jobseeker_id` bigint(20) unsigned NOT NULL,
  `country_id` bigint(20) unsigned DEFAULT NULL,
  `period` varchar(191) COLLATE utf8mb4_unicode_ci DEFAULT NULL,
  `purpose` varchar(191) COLLATE utf8mb4_unicode_ci DEFAULT NULL,
  `created_at` timestamp NULL DEFAULT NULL,
  `updated_at` timestamp NULL DEFAULT NULL,
  PRIMARY KEY (`id`)
) ENGINE=InnoDB AUTO_INCREMENT=22 DEFAULT CHARSET=utf8mb4 COLLATE=utf8mb4_unicode_ci;
/*!40101 SET character_set_client = @saved_cs_client */;

--
-- Dumping data for table `education_overseas`
--

LOCK TABLES `education_overseas` WRITE;
/*!40000 ALTER TABLE `education_overseas` DISABLE KEYS */;
INSERT INTO `education_overseas` VALUES (1,20,6,'4','MBA','2020-09-22 00:52:46','2020-09-22 00:52:46'),(2,22,246,'0','','2020-10-02 00:17:53','2020-10-04 17:32:02'),(3,21,228,'2','','2020-10-03 01:16:39','2020-10-03 01:16:39'),(4,23,163,'23','','2020-10-05 00:36:44','2020-10-15 19:04:19'),(5,1,200,'1','MBA','2020-10-08 17:16:28','2020-10-08 17:44:16'),(6,3,127,'12','MBA','2020-10-08 19:00:11','2020-10-08 19:00:11'),(7,24,183,'23','','2020-10-26 21:51:06','2020-12-25 02:15:26'),(9,38,163,'4','','2020-11-05 18:16:36','2020-11-05 18:16:36'),(17,44,127,'1','','2020-11-17 00:45:51','2020-11-17 00:45:51'),(18,44,98,'1','MBA','2020-11-17 00:45:51','2020-11-17 00:45:51'),(19,49,97,'12','MBA','2021-01-10 21:45:54','2021-01-10 21:45:54'),(20,74,83,'12','MBA','2021-01-22 00:16:40','2021-01-22 00:16:40'),(21,78,35,'1','','2021-01-26 22:11:27','2021-01-26 22:11:27');
/*!40000 ALTER TABLE `education_overseas` ENABLE KEYS */;
UNLOCK TABLES;

--
-- Table structure for table `employment_types`
--

DROP TABLE IF EXISTS `employment_types`;
/*!40101 SET @saved_cs_client     = @@character_set_client */;
/*!40101 SET character_set_client = utf8 */;
CREATE TABLE `employment_types` (
  `id` bigint(20) unsigned NOT NULL AUTO_INCREMENT,
  `employment_type_name` varchar(191) COLLATE utf8mb4_unicode_ci NOT NULL,
  `created_at` timestamp NULL DEFAULT NULL,
  `updated_at` timestamp NULL DEFAULT NULL,
  PRIMARY KEY (`id`)
) ENGINE=InnoDB AUTO_INCREMENT=7 DEFAULT CHARSET=utf8mb4 COLLATE=utf8mb4_unicode_ci;
/*!40101 SET character_set_client = @saved_cs_client */;

--
-- Dumping data for table `employment_types`
--

LOCK TABLES `employment_types` WRITE;
/*!40000 ALTER TABLE `employment_types` DISABLE KEYS */;
INSERT INTO `employment_types` VALUES (1,'',NULL,NULL),(2,'/',NULL,NULL),(3,'',NULL,NULL),(4,'',NULL,NULL),(5,'',NULL,NULL),(6,'',NULL,NULL);
/*!40000 ALTER TABLE `employment_types` ENABLE KEYS */;
UNLOCK TABLES;

--
-- Table structure for table `experience_histories`
--

DROP TABLE IF EXISTS `experience_histories`;
/*!40101 SET @saved_cs_client     = @@character_set_client */;
/*!40101 SET character_set_client = utf8 */;
CREATE TABLE `experience_histories` (
  `id` bigint(20) unsigned NOT NULL AUTO_INCREMENT,
  `jobseeker_id` bigint(20) unsigned NOT NULL,
  `position_id` bigint(20) unsigned NOT NULL,
  `employment_type_id` bigint(20) unsigned NOT NULL,
  `job_location` text COLLATE utf8mb4_unicode_ci,
  `main_duty` text COLLATE utf8mb4_unicode_ci,
  `from_year` tinyint(4) DEFAULT NULL,
  `from_month` tinyint(4) DEFAULT NULL,
  `to_year` tinyint(4) DEFAULT NULL,
  `to_month` tinyint(4) DEFAULT NULL,
  `current` tinyint(4) DEFAULT NULL,
  `private_status` tinyint(4) DEFAULT '0',
  `created_at` timestamp NULL DEFAULT NULL,
  `updated_at` timestamp NULL DEFAULT NULL,
  PRIMARY KEY (`id`)
) ENGINE=InnoDB AUTO_INCREMENT=386 DEFAULT CHARSET=utf8mb4 COLLATE=utf8mb4_unicode_ci;
/*!40101 SET character_set_client = @saved_cs_client */;

--
-- Dumping data for table `experience_histories`
--

LOCK TABLES `experience_histories` WRITE;
/*!40000 ALTER TABLE `experience_histories` DISABLE KEYS */;
INSERT INTO `experience_histories` VALUES (37,20,0,0,'IFCE',NULL,NULL,NULL,NULL,NULL,1,1,'2020-09-22 00:54:57','2020-09-22 00:54:57'),(43,22,1,1,'MPM','Developer',NULL,NULL,NULL,NULL,1,1,'2020-10-04 17:53:42','2020-10-04 17:53:42'),(44,22,1,1,'UGS_MM','Network_taster',97,-11,98,-10,0,1,'2020-10-04 17:53:42','2020-10-04 17:53:42'),(59,23,1,1,'MP','213',NULL,NULL,NULL,NULL,1,1,'2020-10-25 18:24:29','2020-10-25 18:24:29'),(116,41,2,1,NULL,NULL,NULL,NULL,NULL,NULL,0,2,'2020-11-14 20:46:59','2020-11-14 20:46:59'),(153,38,1,1,'MCIS',NULL,94,NULL,97,NULL,0,1,'2020-11-16 19:55:36','2020-11-16 19:55:36'),(154,38,1,1,'HTICS',NULL,98,NULL,99,NULL,NULL,1,'2020-11-16 19:55:36','2020-11-16 19:55:36'),(158,42,0,0,NULL,'',NULL,NULL,NULL,NULL,0,0,'2020-11-17 01:01:45','2020-11-17 01:01:45'),(159,1,3,4,'Experience Testing','Main duty',96,-2,NULL,NULL,1,1,'2020-11-18 17:42:24','2020-11-18 17:42:24'),(160,1,3,5,'Second Experience','Testing',18,-2,NULL,NULL,1,2,'2020-11-18 17:42:24','2020-11-18 17:42:24'),(161,1,4,2,'Third Experience','Testing',99,-11,NULL,NULL,1,0,'2020-11-18 17:42:24','2020-11-18 17:42:24'),(344,61,1,3,'Testing',NULL,NULL,NULL,NULL,NULL,NULL,0,'2020-12-27 18:39:53','2020-12-27 18:39:53'),(361,21,0,0,'1',NULL,NULL,NULL,NULL,NULL,0,0,'2020-12-27 20:31:57','2020-12-27 20:31:57'),(362,21,0,0,'',NULL,98,-9,NULL,NULL,1,0,'2020-12-27 20:31:57','2020-12-27 20:31:57'),(368,24,1,1,'1','',1,-11,97,-6,0,2,'2020-12-27 22:15:01','2020-12-27 22:15:01'),(369,24,1,6,'2','',1,-9,NULL,NULL,1,0,'2020-12-27 22:15:01','2020-12-27 22:15:01'),(370,24,0,0,'3',NULL,NULL,NULL,NULL,NULL,0,0,'2020-12-27 22:15:01','2020-12-27 22:15:01'),(374,25,1,3,'tokyo','content',NULL,-6,NULL,NULL,0,0,'2021-01-05 19:38:01','2021-01-05 19:38:01'),(375,49,3,4,'Ggggg','dasdasdsabgb',2,-9,8,-8,0,2,'2021-01-10 21:45:01','2021-01-10 21:45:01'),(376,49,4,0,'Fff',NULL,NULL,NULL,NULL,NULL,0,1,'2021-01-10 21:45:01','2021-01-10 21:45:01'),(377,74,3,3,'Testing company',NULL,1,NULL,NULL,NULL,0,0,'2021-01-22 00:15:17','2021-01-22 00:15:17'),(378,36,0,0,'Testing 1',NULL,1,NULL,NULL,NULL,0,1,'2021-01-22 00:33:08','2021-01-22 00:33:08'),(379,36,0,0,'Testing 2',NULL,2,-11,NULL,NULL,1,0,'2021-01-22 00:33:08','2021-01-22 00:33:08'),(380,36,0,0,'Testing 3',NULL,NULL,NULL,NULL,NULL,0,2,'2021-01-22 00:33:08','2021-01-22 00:33:08'),(381,36,0,0,'Test 4',NULL,NULL,NULL,NULL,NULL,0,0,'2021-01-22 00:33:08','2021-01-22 00:33:08'),(385,78,4,3,'Molestias anim volup','Natus repellendus E',69,-2,NULL,NULL,1,0,'2021-01-26 22:11:08','2021-01-26 22:11:08');
/*!40000 ALTER TABLE `experience_histories` ENABLE KEYS */;
UNLOCK TABLES;

--
-- Table structure for table `experience_overseas`
--

DROP TABLE IF EXISTS `experience_overseas`;
/*!40101 SET @saved_cs_client     = @@character_set_client */;
/*!40101 SET character_set_client = utf8 */;
CREATE TABLE `experience_overseas` (
  `id` bigint(20) unsigned NOT NULL AUTO_INCREMENT,
  `jobseeker_id` bigint(20) unsigned NOT NULL,
  `country_id` bigint(20) unsigned DEFAULT NULL,
  `position_id` bigint(20) unsigned DEFAULT NULL,
  `period` varchar(191) COLLATE utf8mb4_unicode_ci DEFAULT NULL,
  `created_at` timestamp NULL DEFAULT NULL,
  `updated_at` timestamp NULL DEFAULT NULL,
  PRIMARY KEY (`id`)
) ENGINE=InnoDB AUTO_INCREMENT=25 DEFAULT CHARSET=utf8mb4 COLLATE=utf8mb4_unicode_ci;
/*!40101 SET character_set_client = @saved_cs_client */;

--
-- Dumping data for table `experience_overseas`
--

LOCK TABLES `experience_overseas` WRITE;
/*!40000 ALTER TABLE `experience_overseas` DISABLE KEYS */;
INSERT INTO `experience_overseas` VALUES (1,20,8,3,'2','2020-09-22 00:52:46','2020-09-22 00:52:46'),(2,22,46,1,'2','2020-10-02 00:17:53','2020-10-04 17:32:02'),(3,21,252,3,'4','2020-10-03 01:16:39','2020-10-03 01:16:39'),(4,23,163,5,'4','2020-10-05 00:36:44','2020-10-15 19:04:19'),(5,1,127,3,'23','2020-10-08 17:16:28','2020-10-08 17:45:59'),(6,1,200,3,'4','2020-10-08 17:45:59','2020-10-08 17:45:59'),(7,3,202,2,'12','2020-10-08 19:00:11','2020-10-08 19:00:11'),(8,24,128,3,'4','2020-10-26 21:51:06','2020-12-25 02:15:26'),(11,1,172,3,'12','2020-11-02 19:14:35','2020-11-02 19:14:35'),(19,44,99,3,'12','2020-11-17 00:45:51','2020-11-17 00:45:51'),(20,44,74,3,'23','2020-11-17 00:45:51','2020-11-17 00:45:51'),(21,24,183,2,NULL,'2020-12-25 02:15:26','2020-12-25 02:15:26'),(22,49,200,3,'12','2021-01-10 21:45:54','2021-01-10 21:45:54'),(23,74,83,3,'23','2021-01-22 00:16:40','2021-01-22 00:16:40'),(24,78,111,5,'4','2021-01-26 22:11:27','2021-01-26 22:11:27');
/*!40000 ALTER TABLE `experience_overseas` ENABLE KEYS */;
UNLOCK TABLES;

--
-- Table structure for table `failed_jobs`
--

DROP TABLE IF EXISTS `failed_jobs`;
/*!40101 SET @saved_cs_client     = @@character_set_client */;
/*!40101 SET character_set_client = utf8 */;
CREATE TABLE `failed_jobs` (
  `id` bigint(20) unsigned NOT NULL AUTO_INCREMENT,
  `connection` text COLLATE utf8mb4_unicode_ci NOT NULL,
  `queue` text COLLATE utf8mb4_unicode_ci NOT NULL,
  `payload` longtext COLLATE utf8mb4_unicode_ci NOT NULL,
  `exception` longtext COLLATE utf8mb4_unicode_ci NOT NULL,
  `failed_at` timestamp NOT NULL DEFAULT CURRENT_TIMESTAMP,
  PRIMARY KEY (`id`)
) ENGINE=InnoDB DEFAULT CHARSET=utf8mb4 COLLATE=utf8mb4_unicode_ci;
/*!40101 SET character_set_client = @saved_cs_client */;

--
-- Dumping data for table `failed_jobs`
--

LOCK TABLES `failed_jobs` WRITE;
/*!40000 ALTER TABLE `failed_jobs` DISABLE KEYS */;
/*!40000 ALTER TABLE `failed_jobs` ENABLE KEYS */;
UNLOCK TABLES;

--
-- Table structure for table `industries`
--

DROP TABLE IF EXISTS `industries`;
/*!40101 SET @saved_cs_client     = @@character_set_client */;
/*!40101 SET character_set_client = utf8 */;
CREATE TABLE `industries` (
  `id` bigint(20) unsigned NOT NULL AUTO_INCREMENT,
  `industry_name` varchar(191) COLLATE utf8mb4_unicode_ci NOT NULL,
  `created_at` timestamp NULL DEFAULT NULL,
  `updated_at` timestamp NULL DEFAULT NULL,
  PRIMARY KEY (`id`)
) ENGINE=InnoDB AUTO_INCREMENT=21 DEFAULT CHARSET=utf8mb4 COLLATE=utf8mb4_unicode_ci;
/*!40101 SET character_set_client = @saved_cs_client */;

--
-- Dumping data for table `industries`
--

LOCK TABLES `industries` WRITE;
/*!40000 ALTER TABLE `industries` DISABLE KEYS */;
INSERT INTO `industries` VALUES (1,'',NULL,NULL),(2,'/FMCG',NULL,NULL),(3,'',NULL,NULL),(4,'',NULL,NULL),(5,'',NULL,NULL),(6,'',NULL,NULL),(7,'',NULL,NULL),(8,'OA',NULL,NULL),(9,'',NULL,NULL),(10,'',NULL,NULL),(11,'',NULL,NULL),(12,'',NULL,NULL),(13,'',NULL,NULL),(14,'',NULL,NULL),(15,'',NULL,NULL),(16,'',NULL,NULL),(17,'',NULL,NULL),(18,'',NULL,NULL),(19,'',NULL,NULL),(20,'',NULL,NULL);
/*!40000 ALTER TABLE `industries` ENABLE KEYS */;
UNLOCK TABLES;

--
-- Table structure for table `industry_histories`
--

DROP TABLE IF EXISTS `industry_histories`;
/*!40101 SET @saved_cs_client     = @@character_set_client */;
/*!40101 SET character_set_client = utf8 */;
CREATE TABLE `industry_histories` (
  `id` bigint(20) unsigned NOT NULL AUTO_INCREMENT,
  `jobseeker_id` bigint(20) unsigned NOT NULL,
  `industry_id` bigint(20) unsigned DEFAULT NULL,
  `occupation_keyword_id` bigint(20) unsigned DEFAULT NULL,
  `position_id` bigint(20) unsigned DEFAULT NULL,
  `experience_year` int(10) unsigned DEFAULT NULL,
  `created_at` timestamp NULL DEFAULT NULL,
  `updated_at` timestamp NULL DEFAULT NULL,
  PRIMARY KEY (`id`)
) ENGINE=InnoDB AUTO_INCREMENT=30 DEFAULT CHARSET=utf8mb4 COLLATE=utf8mb4_unicode_ci;
/*!40101 SET character_set_client = @saved_cs_client */;

--
-- Dumping data for table `industry_histories`
--

LOCK TABLES `industry_histories` WRITE;
/*!40000 ALTER TABLE `industry_histories` DISABLE KEYS */;
INSERT INTO `industry_histories` VALUES (1,20,6,2,4,3,'2020-09-22 00:52:46','2020-09-22 00:52:46'),(2,22,1,2,1,4,'2020-10-02 00:17:53','2020-10-02 00:17:53'),(3,21,8,2,2,10,'2020-10-03 01:16:39','2020-10-03 01:16:39'),(4,23,1,2,1,3,'2020-10-05 00:36:44','2020-10-15 19:04:18'),(5,1,1,14,3,3,'2020-10-08 17:16:28','2020-10-08 17:16:28'),(6,3,1,3,3,3,'2020-10-08 19:00:11','2020-10-08 19:00:11'),(7,24,4,5,2,10,'2020-10-26 21:51:06','2020-12-25 02:15:26'),(8,24,5,7,2,32,'2020-10-26 21:51:06','2020-12-25 02:15:26'),(9,38,1,2,5,5,'2020-11-05 18:14:16','2020-11-05 18:14:16'),(16,44,3,17,3,2,'2020-11-17 00:45:51','2020-11-17 00:45:51'),(17,42,1,8,1,0,'2020-11-19 00:44:34','2020-11-19 00:44:34'),(18,42,18,9,2,3,'2020-11-19 00:44:34','2020-11-19 00:44:34'),(19,42,14,18,2,4,'2020-11-19 00:44:34','2020-11-19 00:44:34'),(20,42,18,16,2,5,'2020-11-19 00:44:34','2020-11-19 00:44:34'),(21,42,17,16,2,0,'2020-11-19 00:44:34','2020-11-19 00:44:34'),(22,25,4,8,NULL,NULL,'2020-11-22 05:55:48','2021-01-05 19:33:32'),(23,24,19,10,2,3,'2020-12-25 02:15:26','2020-12-25 02:15:26'),(24,24,10,12,2,43,'2020-12-25 02:15:26','2020-12-25 02:15:26'),(25,25,NULL,NULL,NULL,NULL,'2021-01-05 19:33:45','2021-01-05 19:34:13'),(26,49,5,6,NULL,0,'2021-01-10 21:45:54','2021-01-10 21:45:54'),(27,49,7,12,3,30,'2021-01-10 21:45:54','2021-01-10 21:45:54'),(28,74,1,27,2,5,'2021-01-22 00:16:40','2021-01-22 00:16:40'),(29,78,8,1,2,6,'2021-01-26 22:11:27','2021-01-26 22:11:27');
/*!40000 ALTER TABLE `industry_histories` ENABLE KEYS */;
UNLOCK TABLES;

--
-- Table structure for table `job_applies`
--

DROP TABLE IF EXISTS `job_applies`;
/*!40101 SET @saved_cs_client     = @@character_set_client */;
/*!40101 SET character_set_client = utf8 */;
CREATE TABLE `job_applies` (
  `id` bigint(20) unsigned NOT NULL AUTO_INCREMENT,
  `job_id` bigint(20) unsigned NOT NULL,
  `jobseeker_id` bigint(20) unsigned NOT NULL,
  `management_number` varchar(20) COLLATE utf8mb4_unicode_ci DEFAULT NULL,
  `job_apply_status` varchar(191) COLLATE utf8mb4_unicode_ci NOT NULL,
  `job_apply_date` timestamp NOT NULL DEFAULT CURRENT_TIMESTAMP,
  `record_status` int(11) NOT NULL DEFAULT '1',
  `created_at` timestamp NULL DEFAULT NULL,
  `updated_at` timestamp NULL DEFAULT NULL,
  `send_noti` tinyint(1) DEFAULT '0',
  PRIMARY KEY (`id`)
) ENGINE=InnoDB AUTO_INCREMENT=167 DEFAULT CHARSET=utf8mb4 COLLATE=utf8mb4_unicode_ci;
/*!40101 SET character_set_client = @saved_cs_client */;

--
-- Dumping data for table `job_applies`
--

LOCK TABLES `job_applies` WRITE;
/*!40000 ALTER TABLE `job_applies` DISABLE KEYS */;
INSERT INTO `job_applies` VALUES (1,1,1,'K202007240001','','2020-07-24 10:28:17',1,NULL,'2020-10-15 05:10:28',0),(2,2,2,'K202007240002','/','2020-07-24 10:28:17',1,NULL,'2020-08-24 19:04:27',0),(3,3,1,'K202007240001','','2020-07-24 10:28:17',1,NULL,NULL,0),(4,4,2,'K202007240002','','2020-07-24 10:28:17',1,NULL,'2020-08-26 20:37:44',0),(5,5,1,'K202007240001','','2020-07-24 10:28:17',1,NULL,'2020-08-28 01:13:55',0),(6,6,2,'K202007240002','','2020-07-24 10:28:17',1,NULL,NULL,0),(7,7,1,'K202007240001','/','2020-07-24 10:28:17',1,NULL,'2020-08-17 03:30:24',0),(8,8,2,'K202007240002','','2020-07-24 10:28:17',1,NULL,'2020-08-24 19:04:36',0),(9,9,1,'K202007240001','','2020-07-24 10:28:17',1,NULL,'2020-08-28 01:13:47',0),(10,1,2,'K202007240002','','2020-07-24 10:28:17',1,NULL,'2020-08-24 19:04:22',0),(11,2,1,'K202007240001','/','2020-07-24 10:28:17',1,NULL,'2020-08-18 03:41:36',0),(12,3,2,'K202007240002','','2020-07-24 10:28:17',1,NULL,NULL,0),(13,4,1,'K202007240001','/','2020-07-24 10:28:17',1,NULL,'2020-08-26 22:11:02',0),(14,5,2,'K202007240002','/','2020-07-24 10:28:17',1,NULL,'2020-10-27 04:54:56',0),(15,6,1,'K202007240001','','2020-07-24 10:28:17',1,NULL,'2020-08-18 22:55:53',0),(16,7,2,'K202007240002','','2020-07-24 10:28:17',1,NULL,NULL,0),(17,2,1,'K202007240001','','2020-07-24 10:28:17',1,NULL,'2020-08-18 03:41:26',0),(18,4,1,'K202007240001','','2020-07-24 10:28:17',1,NULL,'2020-08-19 00:12:56',0),(19,6,1,'K202007240001','/','2020-07-24 10:28:17',1,NULL,'2020-08-19 00:13:01',0),(20,10,1,'K202008270001','/','2020-08-27 03:43:57',1,'2020-08-26 21:13:57','2020-08-26 22:11:13',0),(21,19,1,'K202008270002','','2020-08-27 03:52:55',1,'2020-08-26 21:22:55','2020-08-31 20:46:52',0),(22,61,1,'K202008270003','','2020-08-27 03:59:49',1,'2020-08-26 21:29:49','2020-09-06 21:21:40',0),(23,63,1,'K202008270004','','2020-08-27 04:07:38',1,'2020-08-26 21:37:38','2020-08-31 20:46:33',0),(24,64,1,'K202008270005','','2020-08-27 04:08:08',1,'2020-08-26 21:38:08','2020-09-10 02:15:03',0),(25,11,1,'K202009010001','','2020-09-01 04:38:59',1,'2020-08-31 22:08:59','2020-09-09 21:58:08',0),(26,70,20,'K202009220001','/','2020-09-22 04:06:09',1,'2020-09-21 19:06:09','2020-09-21 19:14:46',0),(27,83,20,'K202009220002','','2020-09-22 04:18:17',1,'2020-09-21 19:18:17','2020-09-21 19:18:17',0),(28,81,20,'K202009220003','','2020-09-22 09:40:23',1,'2020-09-22 00:40:23','2020-09-22 00:40:23',0),(29,7,22,'K202009230001','','2020-09-23 09:41:22',1,'2020-09-23 00:41:22','2020-09-23 00:41:22',0),(30,70,22,'K202009240001','','2020-09-24 09:35:20',1,'2020-09-24 00:35:20','2020-09-29 17:44:35',0),(31,81,22,'K202009240002','','2020-09-24 09:36:27',1,'2020-09-24 00:36:27','2020-09-26 01:26:39',0),(32,79,22,'K202010010001','','2020-10-01 08:35:03',1,'2020-09-30 23:35:03','2020-09-30 23:35:03',0),(33,80,21,'K202010030001','','2020-10-03 10:05:35',1,'2020-10-03 01:05:35','2020-10-03 01:05:35',0),(34,85,23,'K202010050001','','2020-10-05 06:29:05',1,'2020-10-04 21:29:05','2020-10-04 21:29:05',0),(35,82,23,'K202010050002','/','2020-10-05 07:18:26',1,'2020-10-04 22:18:26','2020-10-05 23:33:40',0),(36,83,23,'K202010060001','/','2020-10-06 04:41:38',1,'2020-10-05 19:41:38','2020-10-05 20:03:06',0),(37,80,23,'K202010060002','','2020-10-06 04:57:11',1,'2020-10-05 19:57:11','2020-10-05 19:57:11',0),(38,86,23,'K202010070001','/','2020-10-07 07:56:11',1,'2020-10-06 22:56:11','2020-10-08 19:49:36',0),(39,87,21,'K202010080001','','2020-10-08 05:16:22',1,'2020-10-07 20:16:22','2020-10-07 20:18:57',0),(40,88,1,'K202010120001','','2020-10-12 07:56:42',1,'2020-10-11 22:56:42','2020-11-03 01:51:31',0),(41,88,24,'K202010130001','','2020-10-13 07:03:23',1,'2020-10-12 22:03:23','2020-11-03 01:49:55',0),(42,89,24,'K202010130002','','2020-10-13 07:44:44',1,'2020-10-12 22:44:44','2020-10-13 01:06:31',0),(43,86,24,'K202010140001','','2020-10-14 09:23:47',1,'2020-10-14 00:23:47','2020-11-03 01:51:07',0),(44,91,24,'K202010140002','','2020-10-14 09:27:17',1,'2020-10-14 00:27:17','2020-11-03 01:50:21',0),(45,91,25,'K202010150001','','2020-10-15 07:42:34',1,'2020-10-14 22:42:34','2020-10-15 05:09:40',0),(46,94,23,'K202010160001','','2020-10-16 07:00:20',1,'2020-10-15 22:00:20','2020-10-18 01:32:21',0),(47,97,24,'K202010180001','','2020-10-18 01:37:54',1,'2020-10-17 16:37:54','2020-11-06 05:36:32',0),(48,99,1,'K202010180002','','2020-10-18 10:06:13',1,'2020-10-18 01:06:13','2020-11-05 04:49:13',0),(49,98,24,'K202010190001','','2020-10-19 07:04:14',1,'2020-10-18 22:04:14','2020-11-05 04:49:51',0),(50,100,1,'K202010190002','','2020-10-19 10:26:15',1,'2020-10-19 01:26:15','2020-10-19 02:16:34',0),(51,100,27,'K202010210001','','2020-10-21 08:38:12',1,'2020-10-20 23:38:12','2020-10-20 23:43:00',0),(52,85,27,'K202010210002','','2020-10-21 08:46:58',1,'2020-10-20 23:46:58','2020-10-20 23:51:11',0),(53,104,27,'K202010210003','','2020-10-21 09:15:20',1,'2020-10-21 00:15:20','2020-10-27 04:57:21',0),(54,108,25,'K202010220001','/','2020-10-22 06:55:45',1,'2020-10-21 21:55:45','2020-11-05 07:09:32',0),(55,111,1,'K202010230001','','2020-10-23 05:05:48',1,'2020-10-22 20:05:48','2020-11-03 01:53:17',0),(56,110,1,'K202010230002','/','2020-10-23 07:29:24',1,'2020-10-22 22:29:24','2020-10-27 04:53:21',0),(57,113,1,'K202010230003','','2020-10-23 10:05:01',1,'2020-10-23 01:05:01','2020-11-06 05:36:52',0),(58,113,24,'K202010230004','','2020-10-23 10:06:15',1,'2020-10-23 01:06:15','2020-11-06 05:36:57',0),(59,96,23,'K202010260001','/','2020-10-26 08:51:57',1,'2020-10-25 23:51:57','2020-10-27 04:52:31',0),(60,120,24,'K202010280001','','2020-10-28 07:09:33',1,'2020-10-27 22:09:33','2020-11-03 07:03:19',0),(61,117,24,'K202010280002','','2020-10-28 07:22:12',1,'2020-10-27 22:22:12','2020-11-03 01:49:17',0),(62,132,24,'K202011030001','','2020-11-03 12:58:07',1,'2020-11-03 03:58:07','2020-11-06 05:37:09',0),(63,123,24,'K202011030002','','2020-11-03 14:29:53',1,'2020-11-03 05:29:53','2020-11-03 07:03:03',0),(64,134,24,'K202011030003','','2020-11-03 14:41:58',1,'2020-11-03 05:41:58','2020-11-03 07:02:57',0),(65,117,1,'K202011040001','','2020-11-04 03:20:55',1,'2020-11-03 18:20:55','2020-11-03 18:20:55',0),(66,136,1,'K202011040002','','2020-11-04 05:01:36',1,'2020-11-03 20:01:36','2020-11-03 20:01:36',0),(67,130,1,'K202011040003','','2020-11-04 05:02:07',1,'2020-11-03 20:02:07','2020-11-07 18:52:23',0),(68,137,24,'K202011050001','','2020-11-05 05:29:32',1,'2020-11-04 20:29:32','2020-11-05 05:04:20',0),(69,138,24,'K202011050002','','2020-11-05 06:24:07',1,'2020-11-04 21:24:07','2020-11-07 18:51:55',0),(70,139,24,'K202011050003','','2020-11-05 07:24:15',1,'2020-11-04 22:24:15','2020-11-06 05:38:41',0),(71,138,25,'K202011050004','','2020-11-05 16:11:28',1,'2020-11-05 07:11:28','2020-11-05 07:13:21',0),(72,142,25,'K202011050005','/','2020-11-05 17:01:51',1,'2020-11-05 08:01:51','2020-11-05 08:51:36',0),(73,145,38,'K202011060001','','2020-11-06 04:17:22',1,'2020-11-05 19:17:22','2020-11-05 19:17:22',0),(74,150,24,'K202011070001','','2020-11-07 06:48:25',1,'2020-11-06 21:48:25','2020-11-06 21:49:12',0),(75,151,24,'K202011070002','','2020-11-07 06:59:02',1,'2020-11-06 21:59:02','2020-11-06 22:02:17',0),(76,152,24,'K202011070003','','2020-11-07 07:03:37',1,'2020-11-06 22:03:37','2020-11-06 22:06:15',0),(77,153,24,'K202011070004','','2020-11-07 07:09:07',1,'2020-11-06 22:09:07','2020-11-06 22:11:04',0),(78,155,24,'K202011070005','','2020-11-07 07:16:29',1,'2020-11-06 22:16:29','2020-11-06 22:37:46',0),(79,158,24,'K202011080001','','2020-11-08 03:18:41',1,'2020-11-07 18:18:41','2020-11-12 22:11:59',0),(80,160,24,'K202011080002','','2020-11-08 03:24:04',1,'2020-11-07 18:24:04','2020-11-12 22:13:42',0),(81,164,38,'K202011090001','','2020-11-09 04:33:38',1,'2020-11-08 19:33:38','2020-11-08 19:33:38',0),(82,166,24,'K202011090002','','2020-11-09 11:15:21',1,'2020-11-09 02:15:21','2020-12-11 02:01:58',1),(83,164,1,'K202011090003','','2020-11-09 12:46:27',1,'2020-11-09 03:46:27','2020-11-09 07:13:51',0),(84,167,1,'K202011100001','','2020-11-10 08:14:39',1,'2020-11-09 23:14:39','2020-11-09 23:14:39',0),(85,172,24,'K202011100002','','2020-11-10 14:40:21',1,'2020-11-10 05:40:21','2020-11-10 05:40:21',0),(86,172,24,'K202011100003','','2020-11-10 14:41:00',1,'2020-11-10 05:41:00','2020-11-10 05:41:00',0),(87,176,45,'K202011120001','','2020-11-12 06:49:28',1,'2020-11-11 21:49:28','2020-11-11 21:49:28',0),(88,177,45,'K202011120002','','2020-11-12 07:07:30',1,'2020-11-11 22:07:30','2020-11-11 22:07:30',0),(89,177,38,'K202011120003','','2020-11-12 07:23:47',1,'2020-11-11 22:23:47','2020-11-11 22:23:47',0),(90,177,38,'K202011120004','','2020-11-12 07:24:28',1,'2020-11-11 22:24:28','2020-11-11 22:24:28',0),(91,173,38,'K202011120005','','2020-11-12 07:25:45',1,'2020-11-11 22:25:45','2020-11-12 07:15:59',1),(92,180,38,'K202011120006','','2020-11-12 08:18:11',1,'2020-11-11 23:18:11','2020-11-11 23:18:11',0),(93,189,38,'K202011120007','','2020-11-12 08:44:47',1,'2020-11-11 23:44:47','2020-11-11 23:44:47',0),(94,191,38,'K202011120008','','2020-11-12 09:55:12',1,'2020-11-12 00:55:12','2020-11-12 00:55:12',0),(95,192,38,'K202011120009','','2020-11-12 09:59:36',1,'2020-11-12 00:59:36','2020-11-12 00:59:36',0),(96,177,48,'K202011120010','','2020-11-12 10:15:41',1,'2020-11-12 01:15:41','2020-11-12 21:34:18',0),(97,199,24,'K202011130001','','2020-11-13 06:43:29',1,'2020-11-12 21:43:29','2020-11-12 22:05:04',1),(98,203,24,'K202011140001','','2020-11-14 07:18:42',1,'2020-11-13 22:18:42','2020-11-13 22:18:42',0),(99,202,24,'K202011140002','/','2020-11-14 07:19:03',1,'2020-11-13 22:19:03','2020-12-14 18:48:45',0),(102,203,49,'K202011140005','/','2020-11-14 07:20:45',1,'2020-11-13 22:20:45','2020-11-17 18:44:37',0),(103,202,49,'K202011140006','','2020-11-14 07:20:56',1,'2020-11-13 22:20:56','2020-12-13 22:04:32',0),(104,206,41,'K202011150001','','2020-11-15 06:09:57',1,'2020-11-14 21:09:57','2020-11-14 21:09:57',0),(105,206,42,'K202011170001','/','2020-11-17 06:42:51',1,'2020-11-16 21:42:51','2020-11-16 21:44:03',0),(107,204,42,'K202011190001','','2020-11-19 02:49:29',1,'2020-11-18 17:49:29','2020-11-18 17:49:29',0),(108,175,52,'K202011190002','','2020-11-19 12:19:21',1,'2020-11-19 03:19:21','2021-01-10 00:26:36',1),(109,220,36,'K202011190003','','2020-11-19 14:38:21',1,'2020-11-19 05:38:21','2020-11-19 05:48:17',1),(110,221,44,'K202011190004','','2020-11-19 15:30:25',1,'2020-11-19 06:30:25','2020-11-21 23:27:38',0),(111,222,24,'K202011200001','/','2020-11-20 02:17:53',1,'2020-11-19 17:17:53','2020-12-14 18:52:27',0),(112,223,24,'K202011200002','','2020-11-20 02:19:41',1,'2020-11-19 17:19:41','2020-11-24 17:00:14',0),(113,224,25,'K202011200003','','2020-11-20 06:49:30',1,'2020-11-19 21:49:30','2020-11-19 21:49:30',0),(114,146,1,'K202011210001','','2020-11-21 06:33:21',1,'2020-11-20 21:33:21','2020-11-20 21:33:21',0),(115,0,1,'K202011210002','','2020-11-21 06:34:21',1,'2020-11-20 21:34:21','2020-11-20 21:34:21',0),(116,226,1,'K202011210003','','2020-11-21 06:34:42',1,'2020-11-20 21:34:42','2020-11-20 21:34:42',0),(117,232,24,'K202011240001','','2020-11-24 00:23:15',1,'2020-11-23 15:23:15','2020-12-11 02:05:59',1),(118,234,24,'K202011240002','','2020-11-24 01:20:34',1,'2020-11-23 16:20:34','2020-11-23 16:31:27',0),(119,240,36,'K202011260001','/','2020-11-26 03:16:33',1,'2020-11-25 18:16:33','2020-11-25 18:16:45',0),(120,240,49,'K202011260002','/','2020-11-26 03:19:02',1,'2020-11-25 18:19:02','2020-11-25 18:19:17',0),(121,241,36,'K202011260003','','2020-11-26 06:51:33',1,'2020-11-25 21:51:33','2020-11-25 21:54:22',0),(122,243,49,'K202011260004','','2020-11-26 08:13:14',1,'2020-11-25 23:13:14','2020-12-18 00:27:46',0),(123,244,49,'K202011260005','','2020-11-26 08:14:57',1,'2020-11-25 23:14:57','2020-11-25 23:22:15',0),(124,245,53,'K202012010001','','2020-12-01 06:05:07',1,'2020-11-30 21:05:07','2020-11-30 21:05:07',0),(125,247,36,'K202012010002','/','2020-12-01 08:50:27',1,'2020-11-30 23:50:27','2020-11-30 23:50:42',0),(127,249,49,'K202012030001','','2020-12-03 07:53:57',1,'2020-12-02 22:53:57','2020-12-02 22:55:44',1),(128,251,49,'K202012050001','/','2020-12-05 04:23:36',1,'2020-12-04 19:23:36','2020-12-06 23:07:01',0),(129,252,44,'K202012070001','/','2020-12-07 09:00:51',1,'2020-12-07 00:00:51','2020-12-07 00:01:15',0),(130,253,49,'K202012070002','/','2020-12-07 09:57:47',1,'2020-12-07 00:57:47','2020-12-07 00:58:06',0),(132,257,25,'K202012080002','','2020-12-08 08:50:21',1,'2020-12-07 23:50:21','2021-01-14 18:57:12',1),(133,259,25,'K202012100001','/','2020-12-10 03:00:08',1,'2020-12-09 18:00:08','2020-12-09 18:00:34',0),(134,259,25,'K202012100002','/','2020-12-10 04:44:42',1,'2020-12-09 19:44:42','2020-12-09 19:54:56',0),(135,259,25,'K202012100003','','2020-12-10 04:55:14',1,'2020-12-09 19:55:14','2020-12-14 00:51:00',0),(136,265,44,'K202012110001','','2020-12-11 07:43:42',1,'2020-12-10 22:43:42','2020-12-18 00:39:54',0),(137,271,44,'K202012220001','','2020-12-22 05:45:58',1,'2020-12-21 20:45:58','2021-01-07 23:39:00',0),(138,272,44,'K202012220002','','2020-12-22 05:49:12',1,'2020-12-21 20:49:12','2020-12-21 20:51:25',0),(139,273,1,'K202101070001','','2021-01-07 04:52:21',1,'2021-01-06 19:52:21','2021-01-06 19:52:21',0),(140,279,1,'K202101070002','','2021-01-07 04:52:46',1,'2021-01-06 19:52:46','2021-01-06 19:52:46',0),(141,284,24,'K202101100001','','2021-01-10 08:48:34',1,'2021-01-09 23:48:34','2021-01-10 00:32:32',1),(142,285,24,'K202101100002','','2021-01-10 09:48:11',1,'2021-01-10 00:48:11','2021-01-10 00:48:56',0),(143,288,24,'K202101100003','','2021-01-10 10:44:05',1,'2021-01-10 01:44:05','2021-01-10 01:50:00',0),(144,289,24,'K202101100004','','2021-01-10 10:50:37',1,'2021-01-10 01:50:37','2021-01-10 01:52:47',0),(145,290,24,'K202101100005','','2021-01-10 10:54:50',1,'2021-01-10 01:54:50','2021-01-10 01:55:05',0),(146,292,24,'K202101100006','','2021-01-10 11:05:10',1,'2021-01-10 02:05:10','2021-01-10 02:05:36',0),(147,291,49,'K202101110001','','2021-01-11 08:03:05',1,'2021-01-10 23:03:05','2021-01-10 23:05:26',1),(148,295,49,'K202101110002','','2021-01-11 08:35:38',1,'2021-01-10 23:35:38','2021-01-10 23:36:00',0),(149,296,49,'K202101110003','','2021-01-11 08:49:00',1,'2021-01-10 23:49:00','2021-01-11 00:13:33',0),(150,297,49,'K202101110004','','2021-01-11 08:49:53',1,'2021-01-10 23:49:53','2021-01-11 00:27:47',0),(151,300,49,'K202101110005','','2021-01-11 09:24:11',1,'2021-01-11 00:24:11','2021-01-11 00:24:35',1),(152,304,36,'K202101140001','/','2021-01-14 07:15:29',1,'2021-01-13 22:15:29','2021-01-13 22:20:19',0),(153,304,36,'K202101140002','/','2021-01-14 07:20:31',1,'2021-01-13 22:20:31','2021-01-13 22:27:42',0),(154,304,36,'K202101140003','/','2021-01-14 07:28:05',1,'2021-01-13 22:28:05','2021-01-13 22:30:04',0),(155,304,36,'K202101140004','','2021-01-14 07:30:14',1,'2021-01-13 22:30:14','2021-01-13 22:37:16',0),(156,305,36,'K202101140005','','2021-01-14 07:38:17',1,'2021-01-13 22:38:17','2021-01-18 20:20:40',0),(157,310,36,'K202101180001','','2021-01-18 04:08:44',1,'2021-01-17 19:08:44','2021-01-18 23:39:34',0),(158,312,36,'K202101180002','','2021-01-18 04:17:58',1,'2021-01-17 19:17:58','2021-01-18 23:37:29',0),(159,317,36,'K202101200001','','2021-01-20 10:01:46',1,'2021-01-20 01:01:46','2021-01-20 01:01:46',0),(160,318,36,'K202101200002','/','2021-01-20 10:04:10',1,'2021-01-20 01:04:10','2021-01-20 01:05:28',0),(161,316,41,'K202101200003','','2021-01-20 10:05:28',1,'2021-01-20 01:05:28','2021-01-20 01:05:28',0),(162,319,41,'K202101200004','/','2021-01-20 10:08:02',1,'2021-01-20 01:08:02','2021-01-20 01:08:32',0),(163,320,41,'K202101200005','/','2021-01-20 10:21:20',1,'2021-01-20 01:21:20','2021-01-20 01:21:37',0),(164,321,36,'K202101210001','/','2021-01-21 03:13:05',1,'2021-01-20 18:13:05','2021-01-22 01:46:41',0),(165,321,74,'K202101220001','','2021-01-22 08:55:08',1,'2021-01-21 23:55:08','2021-01-21 23:55:08',0),(166,320,25,'K202101220002','','2021-01-22 10:31:42',1,'2021-01-22 01:31:42','2021-01-23 23:19:49',0);
/*!40000 ALTER TABLE `job_applies` ENABLE KEYS */;
UNLOCK TABLES;

--
-- Table structure for table `jobs`
--

DROP TABLE IF EXISTS `jobs`;
/*!40101 SET @saved_cs_client     = @@character_set_client */;
/*!40101 SET character_set_client = utf8 */;
CREATE TABLE `jobs` (
  `id` bigint(20) unsigned NOT NULL AUTO_INCREMENT,
  `job_number` varchar(20) COLLATE utf8mb4_unicode_ci DEFAULT NULL,
  `recruiter_id` bigint(20) unsigned NOT NULL,
  `occupation_id` bigint(20) unsigned NOT NULL,
  `country_id` bigint(20) unsigned NOT NULL,
  `recruiter_show_name` varchar(191) COLLATE utf8mb4_unicode_ci DEFAULT NULL,
  `title` text COLLATE utf8mb4_unicode_ci,
  `recruitment_position` text COLLATE utf8mb4_unicode_ci,
  `occupation_description` text COLLATE utf8mb4_unicode_ci,
  `employment_types` varchar(255) COLLATE utf8mb4_unicode_ci DEFAULT NULL,
  `job_description` text COLLATE utf8mb4_unicode_ci,
  `qualification` text COLLATE utf8mb4_unicode_ci,
  `allowance` text COLLATE utf8mb4_unicode_ci,
  `job_start_date` text COLLATE utf8mb4_unicode_ci,
  `job_location` text COLLATE utf8mb4_unicode_ci,
  `message` text COLLATE utf8mb4_unicode_ci,
  `other_keywords` varchar(255) COLLATE utf8mb4_unicode_ci NOT NULL,
  `application_address` varchar(191) COLLATE utf8mb4_unicode_ci NOT NULL,
  `job_post_status` varchar(191) COLLATE utf8mb4_unicode_ci NOT NULL,
  `job_post_date` datetime NOT NULL,
  `job_update_date` datetime DEFAULT NULL,
  `record_status` int(11) NOT NULL DEFAULT '1',
  `created_at` timestamp NULL DEFAULT NULL,
  `updated_at` timestamp NULL DEFAULT NULL,
  `email` varchar(191) COLLATE utf8mb4_unicode_ci NOT NULL,
  PRIMARY KEY (`id`)
) ENGINE=InnoDB AUTO_INCREMENT=327 DEFAULT CHARSET=utf8mb4 COLLATE=utf8mb4_unicode_ci;
/*!40101 SET character_set_client = @saved_cs_client */;

--
-- Dumping data for table `jobs`
--

LOCK TABLES `jobs` WRITE;
/*!40000 ALTER TABLE `jobs` DISABLE KEYS */;
INSERT INTO `jobs` VALUES (1,'00001-0013',1,12,2,'','',NULL,'Occupation Description',',','\n(\nWEB  EC  \nWEB  EC   ','\n()\n\n 40  30 \n\n\n :WEB  3 \n : \n\n\n','\n()\n\n :2,000USDGross\n :  2 \n :  1 \n : \n : \n\n\n : \n : \n\n\n :9:00  18:00\n 1 \n : \n : ','\n()\n20205\n ','\n()\n','\n()\n  WEB  \n \n ',',','recruiter@gmail.com','post','2020-08-27 00:00:00',NULL,3,'2020-07-20 19:27:26','2021-01-27 18:09:03',''),(2,'00001-0020',1,12,2,'','Job Title Id 2','Position id 2','Occupation Description id 2',',','\r\n(\r\nWEB  EC  \r\nWEB  EC   ','\r\n()\r\n\r\n 40  30 \r\n\r\n\r\n :WEB  3 \r\n : \r\n\r\n\r\n','\r\n()\r\n\r\n :2,000USDGross\r\n :  2 \r\n :  1 \r\n : \r\n : \r\n\r\n\r\n : \r\n : \r\n\r\n\r\n :9:00  18:00\r\n 1 \r\n : \r\n : ','\r\n()\r\n20205\r\n ','\r\n()\r\n','\r\n()\r\n  WEB  \r\n \r\n ',',','recruiter@gmail.com','post','2020-08-27 00:00:00',NULL,3,'2020-07-20 19:27:26','2021-01-27 18:09:03',''),(3,'00001-0031',1,12,2,'','Job Title id 3','Position id 3','Occupation Description id 3',',','\r\n(\r\nWEB  EC  \r\nWEB  EC   ','\r\n()\r\n\r\n 40  30 \r\n\r\n\r\n :WEB  3 \r\n : \r\n\r\n\r\n','\r\n()\r\n\r\n :2,000USDGross\r\n :  2 \r\n :  1 \r\n : \r\n : \r\n\r\n\r\n : \r\n : \r\n\r\n\r\n :9:00  18:00\r\n 1 \r\n : \r\n : ','\r\n()\r\n20205\r\n ','\r\n()\r\n','\r\n()\r\n  WEB  \r\n \r\n ',',','recruiter@gmail.com','post','2020-08-27 00:00:00',NULL,3,'2020-07-20 19:27:26','2021-01-27 18:09:03',''),(5,'00001-0010',1,12,2,'',' ID 5',NULL,'\n()\nWEB \nWEB \n  1 ',',','\n(\nWEB  EC  \nWEB  EC   ','\n()\n\n 40  30 \n\n\n :WEB  3 \n : \n\n\n','\n()\n\n :2,000USDGross\n :  2 \n :  1 \n : \n : \n\n\n : \n : \n\n\n :9:00  18:00\n 1 \n : \n : ','\n()\n20205\n ','\n()\n','\n()\n  WEB  \n \n ',',','recruiter@gmail.com','post','2020-08-27 00:00:00',NULL,3,'2020-07-21 02:48:18','2021-01-27 18:09:03',''),(6,'00001-0022',1,4,1,'','',' id 6','20201011\n',',','',NULL,NULL,NULL,NULL,NULL,'','recruiter@gmail.com','post','2020-08-27 00:00:00',NULL,3,'2020-07-22 01:27:12','2021-01-27 18:09:03',''),(7,'00001-0025',1,12,2,'','Job Title Id 7 delete test','Position id 7','Occupation Description id 7',',','\r\n(\r\nWEB  EC  \r\nWEB  EC   ','\r\n()\r\n\r\n 40  30 \r\n\r\n\r\n :WEB  3 \r\n : \r\n\r\n\r\n','\r\n()\r\n\r\n :2,000USDGross\r\n :  2 \r\n :  1 \r\n : \r\n : \r\n\r\n\r\n : \r\n : \r\n\r\n\r\n :9:00  18:00\r\n 1 \r\n : \r\n : ','\r\n()\r\n20205\r\n ','\r\n()\r\n','\r\n()\r\n  WEB  \r\n \r\n ',',','recruiter@gmail.com','post','2020-08-27 00:00:00',NULL,3,'2020-07-20 19:27:26','2021-01-27 18:09:03',''),(8,'00001-0026',1,12,2,'','Job Title id 8','Position id 8','Occupation Description id 8',',','\r\n(\r\nWEB  EC  \r\nWEB  EC   ','\r\n()\r\n\r\n 40  30 \r\n\r\n\r\n :WEB  3 \r\n : \r\n\r\n\r\n','\r\n()\r\n\r\n :2,000USDGross\r\n :  2 \r\n :  1 \r\n : \r\n : \r\n\r\n\r\n : \r\n : \r\n\r\n\r\n :9:00  18:00\r\n 1 \r\n : \r\n : ','\r\n()\r\n20205\r\n ','\r\n()\r\n','\r\n()\r\n  WEB  \r\n \r\n ',',','recruiter@gmail.com','post','2020-08-27 00:00:00',NULL,3,'2020-07-20 19:27:26','2021-01-27 18:09:03',''),(9,'00001-0027',1,12,2,'','Job Title Updated id 9','This is position id 4','Occupation Description id 4',',','\r\n(\r\nWEB  EC  \r\nWEB  EC   ','\r\n()\r\n\r\n 40  30 \r\n\r\n\r\n :WEB  3 \r\n : \r\n\r\n\r\n','\r\n()\r\n\r\n :2,000USDGross\r\n :  2 \r\n :  1 \r\n : \r\n : \r\n\r\n\r\n : \r\n : \r\n\r\n\r\n :9:00  18:00\r\n 1 \r\n : \r\n : ','\r\n()\r\n20205\r\n ','\r\n()\r\n','\r\n()\r\n  WEB  \r\n \r\n ',',','recruiter@gmail.com','post','2020-08-27 00:00:00',NULL,3,'2020-07-20 19:27:26','2021-01-27 18:09:03',''),(10,'00001-0028',1,1,2,'',' ID 10',NULL,'\r\n()\r\nWEB \r\nWEB \r\n  1 ',',','\r\n(\r\nWEB  EC  \r\nWEB  EC   ','\r\n()\r\n\r\n 40  30 \r\n\r\n\r\n :WEB  3 \r\n : \r\n\r\n\r\n','\r\n()\r\n\r\n :2,000USDGross\r\n :  2 \r\n :  1 \r\n : \r\n : \r\n\r\n\r\n : \r\n : \r\n\r\n\r\n :9:00  18:00\r\n 1 \r\n : \r\n : ','\r\n()\r\n20205\r\n ','\r\n()\r\n','\r\n()\r\n  WEB  \r\n \r\n ',',','recruiter@gmail.com','post','2020-08-27 00:00:00',NULL,3,'2020-07-21 02:48:18','2021-01-27 18:09:03',''),(11,'00001-0033',1,12,8,'','Testing Job 11',NULL,'WEB ',',','\n(\nWEB  EC  \nWEB  EC   ','\n()\n\n 40  30 \n\n\n :WEB  3 \n : \n\n\n','\n()\n\n :2,000USDGross\n :  2 \n :  1 \n : \n : \n\n\n : \n : \n\n\n :9:00  18:00\n 1 \n : \n : ','\n()\n20205\n ','\n()\n','\n()\n  WEB  \n \n ',',','recruiter@gmail.com','post','2020-08-27 00:00:00',NULL,3,'2020-07-28 00:24:46','2021-01-27 18:09:03',''),(12,'00001-0032',1,29,2,'','New Job testing',NULL,'WEB ',',,','\n(\nWEB  EC  \nWEB  EC   ','\n()\n\n 40  30 \n\n\n :WEB  3 \n : \n\n\n','\n()\n\n :2,000USDGross\n :  2 \n :  1 \n : \n : \n\n\n : \n : \n\n\n :9:00  18:00\n 1 \n : \n : ','\n()\n20205\n ','\n()\n','\n()\n  WEB  \n \n ',',,,,','recruiter@gmail.com','post','2020-08-27 00:00:00',NULL,3,'2020-08-04 20:48:21','2021-01-27 18:09:03',''),(13,'00001-0033',1,12,8,'','Testing Job 11',NULL,'WEB ',',','\r\n(\r\nWEB  EC  \r\nWEB  EC   ','\r\n()\r\n\r\n 40  30 \r\n\r\n\r\n :WEB  3 \r\n : \r\n\r\n\r\n','\r\n()\r\n\r\n :2,000USDGross\r\n :  2 \r\n :  1 \r\n : \r\n : \r\n\r\n\r\n : \r\n : \r\n\r\n\r\n :9:00  18:00\r\n 1 \r\n : \r\n : ','\r\n()\r\n20205\r\n ','\r\n()\r\n','\r\n()\r\n  WEB  \r\n \r\n ',',','recruiter@gmail.com','post','2020-08-27 00:00:00',NULL,3,'2020-07-28 00:24:46','2021-01-27 18:09:03',''),(14,'00001-0032',1,29,2,'','New Job testing',NULL,'WEB ',',,','\r\n(\r\nWEB  EC  \r\nWEB  EC   ','\r\n()\r\n\r\n 40  30 \r\n\r\n\r\n :WEB  3 \r\n : \r\n\r\n\r\n','\r\n()\r\n\r\n :2,000USDGross\r\n :  2 \r\n :  1 \r\n : \r\n : \r\n\r\n\r\n : \r\n : \r\n\r\n\r\n :9:00  18:00\r\n 1 \r\n : \r\n : ','\r\n()\r\n20205\r\n ','\r\n()\r\n','\r\n()\r\n  WEB  \r\n \r\n ',',,','recruiter@gmail.com','post','2020-08-27 00:00:00',NULL,3,'2020-08-04 20:48:21','2021-01-27 18:09:03',''),(16,'00001-0032',1,12,2,'','New Job testing',NULL,'WEB ',',,','\r\n(\r\nWEB  EC  \r\nWEB  EC   ','\r\n()\r\n\r\n 40  30 \r\n\r\n\r\n :WEB  3 \r\n : \r\n\r\n\r\n','\r\n()\r\n\r\n :2,000USDGross\r\n :  2 \r\n :  1 \r\n : \r\n : \r\n\r\n\r\n : \r\n : \r\n\r\n\r\n :9:00  18:00\r\n 1 \r\n : \r\n : ','\r\n()\r\n20205\r\n ','\r\n()\r\n','\r\n()\r\n  WEB  \r\n \r\n ',',,','recruiter@gmail.com','post','2020-08-27 00:00:00',NULL,3,'2020-08-04 20:48:21','2021-01-27 18:09:03',''),(17,'00001-0033',1,29,8,'','Testing Job 11',NULL,'WEB ',',','\r\n(\r\nWEB  EC  \r\nWEB  EC   ','\r\n()\r\n\r\n 40  30 \r\n\r\n\r\n :WEB  3 \r\n : \r\n\r\n\r\n','\r\n()\r\n\r\n :2,000USDGross\r\n :  2 \r\n :  1 \r\n : \r\n : \r\n\r\n\r\n : \r\n : \r\n\r\n\r\n :9:00  18:00\r\n 1 \r\n : \r\n : ','\r\n()\r\n20205\r\n ','\r\n()\r\n','\r\n()\r\n  WEB  \r\n \r\n ',',','recruiter@gmail.com','post','2020-08-27 00:00:00',NULL,3,'2020-07-28 00:24:46','2021-01-27 18:09:03',''),(18,'00001-0032',1,29,2,'','New Job testing',NULL,'WEB ',',,','\r\n(\r\nWEB  EC  \r\nWEB  EC   ','\r\n()\r\n\r\n 40  30 \r\n\r\n\r\n :WEB  3 \r\n : \r\n\r\n\r\n','\r\n()\r\n\r\n :2,000USDGross\r\n :  2 \r\n :  1 \r\n : \r\n : \r\n\r\n\r\n : \r\n : \r\n\r\n\r\n :9:00  18:00\r\n 1 \r\n : \r\n : ','\r\n()\r\n20205\r\n ','\r\n()\r\n','\r\n()\r\n  WEB  \r\n \r\n ',',,','recruiter@gmail.com','post','2020-08-27 00:00:00',NULL,3,'2020-08-04 20:48:21','2021-01-27 18:09:03',''),(19,'00001-0033',1,29,8,'','Testing Job 11',NULL,'WEB ',',','\r\n(\r\nWEB  EC  \r\nWEB  EC   ','\r\n()\r\n\r\n 40  30 \r\n\r\n\r\n :WEB  3 \r\n : \r\n\r\n\r\n','\r\n()\r\n\r\n :2,000USDGross\r\n :  2 \r\n :  1 \r\n : \r\n : \r\n\r\n\r\n : \r\n : \r\n\r\n\r\n :9:00  18:00\r\n 1 \r\n : \r\n : ','\r\n()\r\n20205\r\n ','\r\n()\r\n','\r\n()\r\n  WEB  \r\n \r\n ',',','recruiter@gmail.com','post','2020-08-27 00:00:00',NULL,3,'2020-07-28 00:24:46','2021-01-27 18:09:03',''),(21,'00001-0033',1,12,8,'','Testing Job 11',NULL,'WEB ',',','\r\n(\r\nWEB  EC  \r\nWEB  EC   ','\r\n()\r\n\r\n 40  30 \r\n\r\n\r\n :WEB  3 \r\n : \r\n\r\n\r\n','\r\n()\r\n\r\n :2,000USDGross\r\n :  2 \r\n :  1 \r\n : \r\n : \r\n\r\n\r\n : \r\n : \r\n\r\n\r\n :9:00  18:00\r\n 1 \r\n : \r\n : ','\r\n()\r\n20205\r\n ','\r\n()\r\n','\r\n()\r\n  WEB  \r\n \r\n ',',','recruiter@gmail.com','post','2020-08-27 00:00:00',NULL,3,'2020-07-28 00:24:46','2021-01-27 18:09:03',''),(22,'00001-0032',1,12,2,'','New Job testing',NULL,'WEB ',',,','\r\n(\r\nWEB  EC  \r\nWEB  EC   ','\r\n()\r\n\r\n 40  30 \r\n\r\n\r\n :WEB  3 \r\n : \r\n\r\n\r\n','\r\n()\r\n\r\n :2,000USDGross\r\n :  2 \r\n :  1 \r\n : \r\n : \r\n\r\n\r\n : \r\n : \r\n\r\n\r\n :9:00  18:00\r\n 1 \r\n : \r\n : ','\r\n()\r\n20205\r\n ','\r\n()\r\n','\r\n()\r\n  WEB  \r\n \r\n ',',,','recruiter@gmail.com','post','2020-08-27 00:00:00',NULL,3,'2020-08-04 20:48:21','2021-01-27 18:09:03',''),(23,'00001-0013',1,12,2,'','Job Title Draft updated Id 1 ed',NULL,'Occupation Description',',','\r\n(\r\nWEB  EC  \r\nWEB  EC   ','\r\n()\r\n\r\n 40  30 \r\n\r\n\r\n :WEB  3 \r\n : \r\n\r\n\r\n','\r\n()\r\n\r\n :2,000USDGross\r\n :  2 \r\n :  1 \r\n : \r\n : \r\n\r\n\r\n : \r\n : \r\n\r\n\r\n :9:00  18:00\r\n 1 \r\n : \r\n : ','\r\n()\r\n20205\r\n ','\r\n()\r\n','\r\n()\r\n  WEB  \r\n \r\n ',',','recruiter@gmail.com','draft','2020-08-27 00:00:00',NULL,3,'2020-07-20 19:27:26','2021-01-27 18:09:03',''),(24,'00001-0020',1,12,2,'','Job Title Id 2','Position id 2','Occupation Description id 2',',','\r\n(\r\nWEB  EC  \r\nWEB  EC   ','\r\n()\r\n\r\n 40  30 \r\n\r\n\r\n :WEB  3 \r\n : \r\n\r\n\r\n','\r\n()\r\n\r\n :2,000USDGross\r\n :  2 \r\n :  1 \r\n : \r\n : \r\n\r\n\r\n : \r\n : \r\n\r\n\r\n :9:00  18:00\r\n 1 \r\n : \r\n : ','\r\n()\r\n20205\r\n ','\r\n()\r\n','\r\n()\r\n  WEB  \r\n \r\n ',',','recruiter@gmail.com','draft','2020-08-27 00:00:00',NULL,3,'2020-07-20 19:27:26','2021-01-27 18:09:03',''),(25,'00001-0013',1,12,2,'','Job Title Draft updated Id 1',NULL,'Occupation Description',',','\r\n(\r\nWEB  EC  \r\nWEB  EC   ','\r\n()\r\n\r\n 40  30 \r\n\r\n\r\n :WEB  3 \r\n : \r\n\r\n\r\n','\r\n()\r\n\r\n :2,000USDGross\r\n :  2 \r\n :  1 \r\n : \r\n : \r\n\r\n\r\n : \r\n : \r\n\r\n\r\n :9:00  18:00\r\n 1 \r\n : \r\n : ','\r\n()\r\n20205\r\n ','\r\n()\r\n','\r\n()\r\n  WEB  \r\n \r\n ',',','recruiter@gmail.com','draft','2020-08-27 00:00:00',NULL,3,'2020-07-20 19:27:26','2021-01-27 18:09:03',''),(26,'00001-0020',1,12,2,'','Job Title Id 2','Position id 2','Occupation Description id 2',',','\r\n(\r\nWEB  EC  \r\nWEB  EC   ','\r\n()\r\n\r\n 40  30 \r\n\r\n\r\n :WEB  3 \r\n : \r\n\r\n\r\n','\r\n()\r\n\r\n :2,000USDGross\r\n :  2 \r\n :  1 \r\n : \r\n : \r\n\r\n\r\n : \r\n : \r\n\r\n\r\n :9:00  18:00\r\n 1 \r\n : \r\n : ','\r\n()\r\n20205\r\n ','\r\n()\r\n','\r\n()\r\n  WEB  \r\n \r\n ',',','recruiter@gmail.com','post','2020-08-27 00:00:00',NULL,3,'2020-07-20 19:27:26','2021-01-27 18:09:03',''),(27,'00001-0031',1,12,2,'','Job Title id 3','Position id 3','Occupation Description id 3',',','\r\n(\r\nWEB  EC  \r\nWEB  EC   ','\r\n()\r\n\r\n 40  30 \r\n\r\n\r\n :WEB  3 \r\n : \r\n\r\n\r\n','\r\n()\r\n\r\n :2,000USDGross\r\n :  2 \r\n :  1 \r\n : \r\n : \r\n\r\n\r\n : \r\n : \r\n\r\n\r\n :9:00  18:00\r\n 1 \r\n : \r\n : ','\r\n()\r\n20205\r\n ','\r\n()\r\n','\r\n()\r\n  WEB  \r\n \r\n ',',','recruiter@gmail.com','post','2020-08-27 00:00:00',NULL,3,'2020-07-20 19:27:26','2021-01-27 18:09:03',''),(28,'00001-0013',1,12,2,'','Job Title Draft updated Id 1',NULL,'Occupation Description',',','\r\n(\r\nWEB  EC  \r\nWEB  EC   ','\r\n()\r\n\r\n 40  30 \r\n\r\n\r\n :WEB  3 \r\n : \r\n\r\n\r\n','\r\n()\r\n\r\n :2,000USDGross\r\n :  2 \r\n :  1 \r\n : \r\n : \r\n\r\n\r\n : \r\n : \r\n\r\n\r\n :9:00  18:00\r\n 1 \r\n : \r\n : ','\r\n()\r\n20205\r\n ','\r\n()\r\n','\r\n()\r\n  WEB  \r\n \r\n ',',','recruiter@gmail.com','post','2020-08-27 00:00:00',NULL,3,'2020-07-20 19:27:26','2021-01-27 18:09:03',''),(29,'00001-0020',1,12,2,'','Job Title Id 2','Position id 2','Occupation Description id 2',',','\r\n(\r\nWEB  EC  \r\nWEB  EC   ','\r\n()\r\n\r\n 40  30 \r\n\r\n\r\n :WEB  3 \r\n : \r\n\r\n\r\n','\r\n()\r\n\r\n :2,000USDGross\r\n :  2 \r\n :  1 \r\n : \r\n : \r\n\r\n\r\n : \r\n : \r\n\r\n\r\n :9:00  18:00\r\n 1 \r\n : \r\n : ','\r\n()\r\n20205\r\n ','\r\n()\r\n','\r\n()\r\n  WEB  \r\n \r\n ',',','recruiter@gmail.com','post','2020-08-27 00:00:00',NULL,3,'2020-07-20 19:27:26','2021-01-27 18:09:03',''),(30,'00001-0031',1,12,2,'','Job Title id 3','Position id 3','Occupation Description id 3',',','\r\n(\r\nWEB  EC  \r\nWEB  EC   ','\r\n()\r\n\r\n 40  30 \r\n\r\n\r\n :WEB  3 \r\n : \r\n\r\n\r\n','\r\n()\r\n\r\n :2,000USDGross\r\n :  2 \r\n :  1 \r\n : \r\n : \r\n\r\n\r\n : \r\n : \r\n\r\n\r\n :9:00  18:00\r\n 1 \r\n : \r\n : ','\r\n()\r\n20205\r\n ','\r\n()\r\n','\r\n()\r\n  WEB  \r\n \r\n ',',','recruiter@gmail.com','post','2020-08-27 00:00:00',NULL,3,'2020-07-20 19:27:26','2021-01-27 18:09:03',''),(31,'00001-0013',1,12,2,'','Job Title Draft updated Id 1',NULL,'Occupation Description',',','\r\n(\r\nWEB  EC  \r\nWEB  EC   ','\r\n()\r\n\r\n 40  30 \r\n\r\n\r\n :WEB  3 \r\n : \r\n\r\n\r\n','\r\n()\r\n\r\n :2,000USDGross\r\n :  2 \r\n :  1 \r\n : \r\n : \r\n\r\n\r\n : \r\n : \r\n\r\n\r\n :9:00  18:00\r\n 1 \r\n : \r\n : ','\r\n()\r\n20205\r\n ','\r\n()\r\n','\r\n()\r\n  WEB  \r\n \r\n ',',','recruiter@gmail.com','post','2020-08-27 00:00:00',NULL,3,'2020-07-20 19:27:26','2021-01-27 18:09:03',''),(32,'00001-0020',1,12,2,'','Job Title Id 2','Position id 2','Occupation Description id 2',',','\r\n(\r\nWEB  EC  \r\nWEB  EC   ','\r\n()\r\n\r\n 40  30 \r\n\r\n\r\n :WEB  3 \r\n : \r\n\r\n\r\n','\r\n()\r\n\r\n :2,000USDGross\r\n :  2 \r\n :  1 \r\n : \r\n : \r\n\r\n\r\n : \r\n : \r\n\r\n\r\n :9:00  18:00\r\n 1 \r\n : \r\n : ','\r\n()\r\n20205\r\n ','\r\n()\r\n','\r\n()\r\n  WEB  \r\n \r\n ',',','recruiter@gmail.com','post','2020-08-27 00:00:00',NULL,3,'2020-07-20 19:27:26','2021-01-27 18:09:03',''),(33,'00001-0031',1,12,2,'','Job Title id 3','Position id 3','Occupation Description id 3',',','\r\n(\r\nWEB  EC  \r\nWEB  EC   ','\r\n()\r\n\r\n 40  30 \r\n\r\n\r\n :WEB  3 \r\n : \r\n\r\n\r\n','\r\n()\r\n\r\n :2,000USDGross\r\n :  2 \r\n :  1 \r\n : \r\n : \r\n\r\n\r\n : \r\n : \r\n\r\n\r\n :9:00  18:00\r\n 1 \r\n : \r\n : ','\r\n()\r\n20205\r\n ','\r\n()\r\n','\r\n()\r\n  WEB  \r\n \r\n ',',','recruiter@gmail.com','post','2020-08-27 00:00:00',NULL,3,'2020-07-20 19:27:26','2021-01-27 18:09:03',''),(34,'00001-0013',1,12,2,'','Job Title Draft updated Id 1',NULL,'Occupation Description',',','\r\n(\r\nWEB  EC  \r\nWEB  EC   ','\r\n()\r\n\r\n 40  30 \r\n\r\n\r\n :WEB  3 \r\n : \r\n\r\n\r\n','\r\n()\r\n\r\n :2,000USDGross\r\n :  2 \r\n :  1 \r\n : \r\n : \r\n\r\n\r\n : \r\n : \r\n\r\n\r\n :9:00  18:00\r\n 1 \r\n : \r\n : ','\r\n()\r\n20205\r\n ','\r\n()\r\n','\r\n()\r\n  WEB  \r\n \r\n ',',','recruiter@gmail.com','post','2020-08-27 00:00:00',NULL,3,'2020-07-20 19:27:26','2021-01-27 18:09:03',''),(35,'00001-0020',1,12,2,'','Job Title Id 2','Position id 2','Occupation Description id 2',',','\r\n(\r\nWEB  EC  \r\nWEB  EC   ','\r\n()\r\n\r\n 40  30 \r\n\r\n\r\n :WEB  3 \r\n : \r\n\r\n\r\n','\r\n()\r\n\r\n :2,000USDGross\r\n :  2 \r\n :  1 \r\n : \r\n : \r\n\r\n\r\n : \r\n : \r\n\r\n\r\n :9:00  18:00\r\n 1 \r\n : \r\n : ','\r\n()\r\n20205\r\n ','\r\n()\r\n','\r\n()\r\n  WEB  \r\n \r\n ',',','recruiter@gmail.com','post','2020-08-27 00:00:00',NULL,3,'2020-07-20 19:27:26','2021-01-27 18:09:03',''),(36,'00001-0031',1,12,2,'','Job Title id 3','Position id 3','Occupation Description id 3',',','\r\n(\r\nWEB  EC  \r\nWEB  EC   ','\r\n()\r\n\r\n 40  30 \r\n\r\n\r\n :WEB  3 \r\n : \r\n\r\n\r\n','\r\n()\r\n\r\n :2,000USDGross\r\n :  2 \r\n :  1 \r\n : \r\n : \r\n\r\n\r\n : \r\n : \r\n\r\n\r\n :9:00  18:00\r\n 1 \r\n : \r\n : ','\r\n()\r\n20205\r\n ','\r\n()\r\n','\r\n()\r\n  WEB  \r\n \r\n ',',','recruiter@gmail.com','post','2020-08-27 00:00:00',NULL,3,'2020-07-20 19:27:26','2021-01-27 18:09:03',''),(37,'00001-0013',1,12,2,'','Job Title Draft updated Id 1',NULL,'Occupation Description',',','\r\n(\r\nWEB  EC  \r\nWEB  EC   ','\r\n()\r\n\r\n 40  30 \r\n\r\n\r\n :WEB  3 \r\n : \r\n\r\n\r\n','\r\n()\r\n\r\n :2,000USDGross\r\n :  2 \r\n :  1 \r\n : \r\n : \r\n\r\n\r\n : \r\n : \r\n\r\n\r\n :9:00  18:00\r\n 1 \r\n : \r\n : ','\r\n()\r\n20205\r\n ','\r\n()\r\n','\r\n()\r\n  WEB  \r\n \r\n ',',','recruiter@gmail.com','post','2020-08-27 00:00:00',NULL,3,'2020-07-20 19:27:26','2021-01-27 18:09:03',''),(38,'00001-0020',1,12,2,'','Job Title Id 2','Position id 2','Occupation Description id 2',',','\r\n(\r\nWEB  EC  \r\nWEB  EC   ','\r\n()\r\n\r\n 40  30 \r\n\r\n\r\n :WEB  3 \r\n : \r\n\r\n\r\n','\r\n()\r\n\r\n :2,000USDGross\r\n :  2 \r\n :  1 \r\n : \r\n : \r\n\r\n\r\n : \r\n : \r\n\r\n\r\n :9:00  18:00\r\n 1 \r\n : \r\n : ','\r\n()\r\n20205\r\n ','\r\n()\r\n','\r\n()\r\n  WEB  \r\n \r\n ',',','recruiter@gmail.com','post','2020-08-27 00:00:00',NULL,3,'2020-07-20 19:27:26','2021-01-27 18:09:03',''),(39,'00001-0031',1,12,2,'','Job Title id 3','Position id 3','Occupation Description id 3',',','\r\n(\r\nWEB  EC  \r\nWEB  EC   ','\r\n()\r\n\r\n 40  30 \r\n\r\n\r\n :WEB  3 \r\n : \r\n\r\n\r\n','\r\n()\r\n\r\n :2,000USDGross\r\n :  2 \r\n :  1 \r\n : \r\n : \r\n\r\n\r\n : \r\n : \r\n\r\n\r\n :9:00  18:00\r\n 1 \r\n : \r\n : ','\r\n()\r\n20205\r\n ','\r\n()\r\n','\r\n()\r\n  WEB  \r\n \r\n ',',','recruiter@gmail.com','post','2020-08-27 00:00:00',NULL,3,'2020-07-20 19:27:26','2021-01-27 18:09:03',''),(40,'00001-0013',1,12,2,'','Job Title Draft updated Id 1',NULL,'Occupation Description',',','\r\n(\r\nWEB  EC  \r\nWEB  EC   ','\r\n()\r\n\r\n 40  30 \r\n\r\n\r\n :WEB  3 \r\n : \r\n\r\n\r\n','\r\n()\r\n\r\n :2,000USDGross\r\n :  2 \r\n :  1 \r\n : \r\n : \r\n\r\n\r\n : \r\n : \r\n\r\n\r\n :9:00  18:00\r\n 1 \r\n : \r\n : ','\r\n()\r\n20205\r\n ','\r\n()\r\n','\r\n()\r\n  WEB  \r\n \r\n ',',','recruiter@gmail.com','post','2020-08-27 00:00:00',NULL,3,'2020-07-20 19:27:26','2021-01-27 18:09:03',''),(41,'00001-0020',1,12,2,'','Job Title Id 2','Position id 2','Occupation Description id 2',',','\r\n(\r\nWEB  EC  \r\nWEB  EC   ','\r\n()\r\n\r\n 40  30 \r\n\r\n\r\n :WEB  3 \r\n : \r\n\r\n\r\n','\r\n()\r\n\r\n :2,000USDGross\r\n :  2 \r\n :  1 \r\n : \r\n : \r\n\r\n\r\n : \r\n : \r\n\r\n\r\n :9:00  18:00\r\n 1 \r\n : \r\n : ','\r\n()\r\n20205\r\n ','\r\n()\r\n','\r\n()\r\n  WEB  \r\n \r\n ',',','recruiter@gmail.com','post','2020-08-27 00:00:00',NULL,3,'2020-07-20 19:27:26','2021-01-27 18:09:03',''),(42,'00001-0031',1,12,2,'','Job Title id 3','Position id 3','Occupation Description id 3',',','\r\n(\r\nWEB  EC  \r\nWEB  EC   ','\r\n()\r\n\r\n 40  30 \r\n\r\n\r\n :WEB  3 \r\n : \r\n\r\n\r\n','\r\n()\r\n\r\n :2,000USDGross\r\n :  2 \r\n :  1 \r\n : \r\n : \r\n\r\n\r\n : \r\n : \r\n\r\n\r\n :9:00  18:00\r\n 1 \r\n : \r\n : ','\r\n()\r\n20205\r\n ','\r\n()\r\n','\r\n()\r\n  WEB  \r\n \r\n ',',','recruiter@gmail.com','post','2020-08-27 00:00:00',NULL,3,'2020-07-20 19:27:26','2021-01-27 18:09:03',''),(43,'00001-0013',1,12,2,'','Job Title Draft updated Id 1',NULL,'Occupation Description',',','\r\n(\r\nWEB  EC  \r\nWEB  EC   ','\r\n()\r\n\r\n 40  30 \r\n\r\n\r\n :WEB  3 \r\n : \r\n\r\n\r\n','\r\n()\r\n\r\n :2,000USDGross\r\n :  2 \r\n :  1 \r\n : \r\n : \r\n\r\n\r\n : \r\n : \r\n\r\n\r\n :9:00  18:00\r\n 1 \r\n : \r\n : ','\r\n()\r\n20205\r\n ','\r\n()\r\n','\r\n()\r\n  WEB  \r\n \r\n ',',','recruiter@gmail.com','post','2020-08-27 00:00:00',NULL,3,'2020-07-20 19:27:26','2021-01-27 18:09:03',''),(44,'00001-0020',1,12,2,'','Job Title Id 2','Position id 2','Occupation Description id 2',',','\r\n(\r\nWEB  EC  \r\nWEB  EC   ','\r\n()\r\n\r\n 40  30 \r\n\r\n\r\n :WEB  3 \r\n : \r\n\r\n\r\n','\r\n()\r\n\r\n :2,000USDGross\r\n :  2 \r\n :  1 \r\n : \r\n : \r\n\r\n\r\n : \r\n : \r\n\r\n\r\n :9:00  18:00\r\n 1 \r\n : \r\n : ','\r\n()\r\n20205\r\n ','\r\n()\r\n','\r\n()\r\n  WEB  \r\n \r\n ',',','recruiter@gmail.com','post','2020-08-27 00:00:00',NULL,3,'2020-07-20 19:27:26','2021-01-27 18:09:03',''),(45,'00001-0031',1,12,2,'','Job Title id 3','Position id 3','Occupation Description id 3',',','\r\n(\r\nWEB  EC  \r\nWEB  EC   ','\r\n()\r\n\r\n 40  30 \r\n\r\n\r\n :WEB  3 \r\n : \r\n\r\n\r\n','\r\n()\r\n\r\n :2,000USDGross\r\n :  2 \r\n :  1 \r\n : \r\n : \r\n\r\n\r\n : \r\n : \r\n\r\n\r\n :9:00  18:00\r\n 1 \r\n : \r\n : ','\r\n()\r\n20205\r\n ','\r\n()\r\n','\r\n()\r\n  WEB  \r\n \r\n ',',','recruiter@gmail.com','post','2020-08-27 00:00:00',NULL,3,'2020-07-20 19:27:26','2021-01-27 18:09:03',''),(46,'00001-0013',1,12,2,'','Job Title Draft updated Id 1',NULL,'Occupation Description',',','\r\n(\r\nWEB  EC  \r\nWEB  EC   ','\r\n()\r\n\r\n 40  30 \r\n\r\n\r\n :WEB  3 \r\n : \r\n\r\n\r\n','\r\n()\r\n\r\n :2,000USDGross\r\n :  2 \r\n :  1 \r\n : \r\n : \r\n\r\n\r\n : \r\n : \r\n\r\n\r\n :9:00  18:00\r\n 1 \r\n : \r\n : ','\r\n()\r\n20205\r\n ','\r\n()\r\n','\r\n()\r\n  WEB  \r\n \r\n ',',','recruiter@gmail.com','post','2020-08-27 00:00:00',NULL,3,'2020-07-20 19:27:26','2021-01-27 18:09:03',''),(47,'00001-0020',1,12,2,'','Job Title Id 2','Position id 2','Occupation Description id 2',',','\r\n(\r\nWEB  EC  \r\nWEB  EC   ','\r\n()\r\n\r\n 40  30 \r\n\r\n\r\n :WEB  3 \r\n : \r\n\r\n\r\n','\r\n()\r\n\r\n :2,000USDGross\r\n :  2 \r\n :  1 \r\n : \r\n : \r\n\r\n\r\n : \r\n : \r\n\r\n\r\n :9:00  18:00\r\n 1 \r\n : \r\n : ','\r\n()\r\n20205\r\n ','\r\n()\r\n','\r\n()\r\n  WEB  \r\n \r\n ',',','recruiter@gmail.com','post','2020-08-27 00:00:00',NULL,3,'2020-07-20 19:27:26','2021-01-27 18:09:03',''),(48,'00001-0031',1,12,2,'','Job Title id 3','Position id 3','Occupation Description id 3',',','\r\n(\r\nWEB  EC  \r\nWEB  EC   ','\r\n()\r\n\r\n 40  30 \r\n\r\n\r\n :WEB  3 \r\n : \r\n\r\n\r\n','\r\n()\r\n\r\n :2,000USDGross\r\n :  2 \r\n :  1 \r\n : \r\n : \r\n\r\n\r\n : \r\n : \r\n\r\n\r\n :9:00  18:00\r\n 1 \r\n : \r\n : ','\r\n()\r\n20205\r\n ','\r\n()\r\n','\r\n()\r\n  WEB  \r\n \r\n ',',','recruiter@gmail.com','post','2020-08-27 00:00:00',NULL,3,'2020-07-20 19:27:26','2021-01-27 18:09:03',''),(49,'00001-0013',1,12,2,'','Job Title Draft updated Id 1',NULL,'Occupation Description',',','\r\n(\r\nWEB  EC  \r\nWEB  EC   ','\r\n()\r\n\r\n 40  30 \r\n\r\n\r\n :WEB  3 \r\n : \r\n\r\n\r\n','\r\n()\r\n\r\n :2,000USDGross\r\n :  2 \r\n :  1 \r\n : \r\n : \r\n\r\n\r\n : \r\n : \r\n\r\n\r\n :9:00  18:00\r\n 1 \r\n : \r\n : ','\r\n()\r\n20205\r\n ','\r\n()\r\n','\r\n()\r\n  WEB  \r\n \r\n ',',','recruiter@gmail.com','post','2020-08-27 00:00:00',NULL,3,'2020-07-20 19:27:26','2021-01-27 18:09:03',''),(50,'00001-0020',1,12,2,'','Job Title Id 2','Position id 2','Occupation Description id 2',',','\r\n(\r\nWEB  EC  \r\nWEB  EC   ','\r\n()\r\n\r\n 40  30 \r\n\r\n\r\n :WEB  3 \r\n : \r\n\r\n\r\n','\r\n()\r\n\r\n :2,000USDGross\r\n :  2 \r\n :  1 \r\n : \r\n : \r\n\r\n\r\n : \r\n : \r\n\r\n\r\n :9:00  18:00\r\n 1 \r\n : \r\n : ','\r\n()\r\n20205\r\n ','\r\n()\r\n','\r\n()\r\n  WEB  \r\n \r\n ',',','recruiter@gmail.com','post','2020-08-27 00:00:00',NULL,3,'2020-07-20 19:27:26','2021-01-27 18:09:03',''),(51,'00001-0031',1,12,2,'','Job Title id 3','Position id 3','Occupation Description id 3',',','\r\n(\r\nWEB  EC  \r\nWEB  EC   ','\r\n()\r\n\r\n 40  30 \r\n\r\n\r\n :WEB  3 \r\n : \r\n\r\n\r\n','\r\n()\r\n\r\n :2,000USDGross\r\n :  2 \r\n :  1 \r\n : \r\n : \r\n\r\n\r\n : \r\n : \r\n\r\n\r\n :9:00  18:00\r\n 1 \r\n : \r\n : ','\r\n()\r\n20205\r\n ','\r\n()\r\n','\r\n()\r\n  WEB  \r\n \r\n ',',','recruiter@gmail.com','post','2020-08-27 00:00:00',NULL,3,'2020-07-20 19:27:26','2021-01-27 18:09:03',''),(52,'00001-0013',1,12,2,'','Job Title Draft updated Id 1',NULL,'Occupation Description',',','\r\n(\r\nWEB  EC  \r\nWEB  EC   ','\r\n()\r\n\r\n 40  30 \r\n\r\n\r\n :WEB  3 \r\n : \r\n\r\n\r\n','\r\n()\r\n\r\n :2,000USDGross\r\n :  2 \r\n :  1 \r\n : \r\n : \r\n\r\n\r\n : \r\n : \r\n\r\n\r\n :9:00  18:00\r\n 1 \r\n : \r\n : ','\r\n()\r\n20205\r\n ','\r\n()\r\n','\r\n()\r\n  WEB  \r\n \r\n ',',','recruiter@gmail.com','post','2020-08-27 00:00:00',NULL,3,'2020-07-20 19:27:26','2021-01-27 18:09:03',''),(53,'00001-0020',1,12,2,'','Job Title Id 2','Position id 2','Occupation Description id 2',',','\r\n(\r\nWEB  EC  \r\nWEB  EC   ','\r\n()\r\n\r\n 40  30 \r\n\r\n\r\n :WEB  3 \r\n : \r\n\r\n\r\n','\r\n()\r\n\r\n :2,000USDGross\r\n :  2 \r\n :  1 \r\n : \r\n : \r\n\r\n\r\n : \r\n : \r\n\r\n\r\n :9:00  18:00\r\n 1 \r\n : \r\n : ','\r\n()\r\n20205\r\n ','\r\n()\r\n','\r\n()\r\n  WEB  \r\n \r\n ',',','recruiter@gmail.com','post','2020-08-27 00:00:00',NULL,3,'2020-07-20 19:27:26','2021-01-27 18:09:03',''),(54,'00001-0031',1,12,2,'','Job Title id 3','Position id 3','Occupation Description id 3',',','\r\n(\r\nWEB  EC  \r\nWEB  EC   ','\r\n()\r\n\r\n 40  30 \r\n\r\n\r\n :WEB  3 \r\n : \r\n\r\n\r\n','\r\n()\r\n\r\n :2,000USDGross\r\n :  2 \r\n :  1 \r\n : \r\n : \r\n\r\n\r\n : \r\n : \r\n\r\n\r\n :9:00  18:00\r\n 1 \r\n : \r\n : ','\r\n()\r\n20205\r\n ','\r\n()\r\n','\r\n()\r\n  WEB  \r\n \r\n ',',','recruiter@gmail.com','post','2020-08-27 00:00:00',NULL,3,'2020-07-20 19:27:26','2021-01-27 18:09:03',''),(55,'00001-0032',1,29,2,'','New Job testing',NULL,'WEB ',',,','\r\n(\r\nWEB  EC  \r\nWEB  EC   ','\r\n()\r\n\r\n 40  30 \r\n\r\n\r\n :WEB  3 \r\n : \r\n\r\n\r\n','\r\n()\r\n\r\n :2,000USDGross\r\n :  2 \r\n :  1 \r\n : \r\n : \r\n\r\n\r\n : \r\n : \r\n\r\n\r\n :9:00  18:00\r\n 1 \r\n : \r\n : ','\r\n()\r\n20205\r\n ','\r\n()\r\n','\r\n()\r\n  WEB  \r\n \r\n ',',,','recruiter@gmail.com','post','2020-08-27 00:00:00',NULL,3,'2020-08-04 20:48:21','2021-01-27 18:09:03',''),(56,'00001-0013',1,12,2,'','Job Title Draft updated Id 1',NULL,'Occupation Description',',','\r\n(\r\nWEB  EC  \r\nWEB  EC   ','\r\n()\r\n\r\n 40  30 \r\n\r\n\r\n :WEB  3 \r\n : \r\n\r\n\r\n','\r\n()\r\n\r\n :2,000USDGross\r\n :  2 \r\n :  1 \r\n : \r\n : \r\n\r\n\r\n : \r\n : \r\n\r\n\r\n :9:00  18:00\r\n 1 \r\n : \r\n : ','\r\n()\r\n20205\r\n ','\r\n()\r\n','\r\n()\r\n  WEB  \r\n \r\n ',',','recruiter@gmail.com','post','2020-08-27 00:00:00',NULL,3,'2020-07-20 19:27:26','2021-01-27 18:09:03',''),(57,'00001-0020',1,12,2,'','Job Title Id 2','Position id 2','Occupation Description id 2',',','\r\n(\r\nWEB  EC  \r\nWEB  EC   ','\r\n()\r\n\r\n 40  30 \r\n\r\n\r\n :WEB  3 \r\n : \r\n\r\n\r\n','\r\n()\r\n\r\n :2,000USDGross\r\n :  2 \r\n :  1 \r\n : \r\n : \r\n\r\n\r\n : \r\n : \r\n\r\n\r\n :9:00  18:00\r\n 1 \r\n : \r\n : ','\r\n()\r\n20205\r\n ','\r\n()\r\n','\r\n()\r\n  WEB  \r\n \r\n ',',','recruiter@gmail.com','post','2020-08-27 00:00:00',NULL,3,'2020-07-20 19:27:26','2021-01-27 18:09:03',''),(58,'00001-0032',1,29,2,'','New Job testing',NULL,'WEB ',',,','\r\n(\r\nWEB  EC  \r\nWEB  EC   ','\r\n()\r\n\r\n 40  30 \r\n\r\n\r\n :WEB  3 \r\n : \r\n\r\n\r\n','\r\n()\r\n\r\n :2,000USDGross\r\n :  2 \r\n :  1 \r\n : \r\n : \r\n\r\n\r\n : \r\n : \r\n\r\n\r\n :9:00  18:00\r\n 1 \r\n : \r\n : ','\r\n()\r\n20205\r\n ','\r\n()\r\n','\r\n()\r\n  WEB  \r\n \r\n ',',,','recruiter@gmail.com','post','2020-08-27 00:00:00',NULL,3,'2020-08-04 20:48:21','2021-01-27 18:09:03',''),(59,'00001-0013',1,12,2,'','Job Title Draft updated Id 1',NULL,'Occupation Description',',','\r\n(\r\nWEB  EC  \r\nWEB  EC   ','\r\n()\r\n\r\n 40  30 \r\n\r\n\r\n :WEB  3 \r\n : \r\n\r\n\r\n','\r\n()\r\n\r\n :2,000USDGross\r\n :  2 \r\n :  1 \r\n : \r\n : \r\n\r\n\r\n : \r\n : \r\n\r\n\r\n :9:00  18:00\r\n 1 \r\n : \r\n : ','\r\n()\r\n20205\r\n ','\r\n()\r\n','\r\n()\r\n  WEB  \r\n \r\n ',',','recruiter@gmail.com','draft','2020-08-27 00:00:00',NULL,3,'2020-07-20 19:27:26','2021-01-27 18:09:03',''),(60,'00001-0020',1,12,2,'','Job Title Id 2','Position id 2','Occupation Description id 2',',','\r\n(\r\nWEB  EC  \r\nWEB  EC   ','\r\n()\r\n\r\n 40  30 \r\n\r\n\r\n :WEB  3 \r\n : \r\n\r\n\r\n','\r\n()\r\n\r\n :2,000USDGross\r\n :  2 \r\n :  1 \r\n : \r\n : \r\n\r\n\r\n : \r\n : \r\n\r\n\r\n :9:00  18:00\r\n 1 \r\n : \r\n : ','\r\n()\r\n20205\r\n ','\r\n()\r\n','\r\n()\r\n  WEB  \r\n \r\n ',',','recruiter@gmail.com','post','2020-08-27 00:00:00',NULL,3,'2020-07-20 19:27:26','2021-01-27 18:09:03',''),(61,'00001-0013',1,12,2,'','Job Title Draft updated Id 1',NULL,'Occupation Description',',','\r\n(\r\nWEB  EC  \r\nWEB  EC   ','\r\n()\r\n\r\n 40  30 \r\n\r\n\r\n :WEB  3 \r\n : \r\n\r\n\r\n','\r\n()\r\n\r\n :2,000USDGross\r\n :  2 \r\n :  1 \r\n : \r\n : \r\n\r\n\r\n : \r\n : \r\n\r\n\r\n :9:00  18:00\r\n 1 \r\n : \r\n : ','\r\n()\r\n20205\r\n ','\r\n()\r\n','\r\n()\r\n  WEB  \r\n \r\n ',',','recruiter@gmail.com','post','2020-08-27 00:00:00',NULL,3,'2020-07-20 19:27:26','2021-01-27 18:09:03',''),(62,'00001-0020',1,12,2,'','Job Title Id 2','Position id 2','Occupation Description id 2',',','\r\n(\r\nWEB  EC  \r\nWEB  EC   ','\r\n()\r\n\r\n 40  30 \r\n\r\n\r\n :WEB  3 \r\n : \r\n\r\n\r\n','\r\n()\r\n\r\n :2,000USDGross\r\n :  2 \r\n :  1 \r\n : \r\n : \r\n\r\n\r\n : \r\n : \r\n\r\n\r\n :9:00  18:00\r\n 1 \r\n : \r\n : ','\r\n()\r\n20205\r\n ','\r\n()\r\n','\r\n()\r\n  WEB  \r\n \r\n ',',','recruiter@gmail.com','post','2020-08-27 00:00:00',NULL,3,'2020-07-20 19:27:26','2021-01-27 18:09:03',''),(63,'00001-0031',1,12,2,'','Job Title id 3','Position id 3','Occupation Description id 3',',','\r\n(\r\nWEB  EC  \r\nWEB  EC   ','\r\n()\r\n\r\n 40  30 \r\n\r\n\r\n :WEB  3 \r\n : \r\n\r\n\r\n','\r\n()\r\n\r\n :2,000USDGross\r\n :  2 \r\n :  1 \r\n : \r\n : \r\n\r\n\r\n : \r\n : \r\n\r\n\r\n :9:00  18:00\r\n 1 \r\n : \r\n : ','\r\n()\r\n20205\r\n ','\r\n()\r\n','\r\n()\r\n  WEB  \r\n \r\n ',',','recruiter@gmail.com','post','2020-08-27 00:00:00',NULL,3,'2020-07-20 19:27:26','2021-01-27 18:09:03',''),(64,'00001-0013',1,12,2,'','Job Title Draft updated Id 1',NULL,'Occupation Description',',','\r\n(\r\nWEB  EC  \r\nWEB  EC   ','\r\n()\r\n\r\n 40  30 \r\n\r\n\r\n :WEB  3 \r\n : \r\n\r\n\r\n','\r\n()\r\n\r\n :2,000USDGross\r\n :  2 \r\n :  1 \r\n : \r\n : \r\n\r\n\r\n : \r\n : \r\n\r\n\r\n :9:00  18:00\r\n 1 \r\n : \r\n : ','\r\n()\r\n20205\r\n ','\r\n()\r\n','\r\n()\r\n  WEB  \r\n \r\n ',',','recruiter@gmail.com','post','2020-08-27 00:00:00',NULL,3,'2020-07-20 19:27:26','2021-01-27 18:09:03',''),(65,'00001-0020',1,12,2,'','Job Title Id 2','Position id 2','Occupation Description id 2',',','\r\n(\r\nWEB  EC  \r\nWEB  EC   ','\r\n()\r\n\r\n 40  30 \r\n\r\n\r\n :WEB  3 \r\n : \r\n\r\n\r\n','\r\n()\r\n\r\n :2,000USDGross\r\n :  2 \r\n :  1 \r\n : \r\n : \r\n\r\n\r\n : \r\n : \r\n\r\n\r\n :9:00  18:00\r\n 1 \r\n : \r\n : ','\r\n()\r\n20205\r\n ','\r\n()\r\n','\r\n()\r\n  WEB  \r\n \r\n ',',','recruiter@gmail.com','post','2020-08-27 00:00:00',NULL,3,'2020-07-20 19:27:26','2021-01-27 18:09:03',''),(66,'00001-0031',1,12,2,'','Job Title id 3','Position id 3','Occupation Description id 3',',','\r\n(\r\nWEB  EC  \r\nWEB  EC   ','\r\n()\r\n\r\n 40  30 \r\n\r\n\r\n :WEB  3 \r\n : \r\n\r\n\r\n','\r\n()\r\n\r\n :2,000USDGross\r\n :  2 \r\n :  1 \r\n : \r\n : \r\n\r\n\r\n : \r\n : \r\n\r\n\r\n :9:00  18:00\r\n 1 \r\n : \r\n : ','\r\n()\r\n20205\r\n ','\r\n()\r\n','\r\n()\r\n  WEB  \r\n \r\n ',',','recruiter@gmail.com','post','2020-08-27 00:00:00',NULL,3,'2020-07-20 19:27:26','2021-01-27 18:09:03',''),(67,'00001-0013',1,12,2,'','Job Title Draft updated Id 1',NULL,'Occupation Description',',','\r\n(\r\nWEB  EC  \r\nWEB  EC   ','\r\n()\r\n\r\n 40  30 \r\n\r\n\r\n :WEB  3 \r\n : \r\n\r\n\r\n','\r\n()\r\n\r\n :2,000USDGross\r\n :  2 \r\n :  1 \r\n : \r\n : \r\n\r\n\r\n : \r\n : \r\n\r\n\r\n :9:00  18:00\r\n 1 \r\n : \r\n : ','\r\n()\r\n20205\r\n ','\r\n()\r\n','\r\n()\r\n  WEB  \r\n \r\n ',',','recruiter@gmail.com','post','2020-08-27 00:00:00',NULL,3,'2020-07-20 19:27:26','2021-01-27 18:09:03',''),(68,'00001-0020',1,12,2,'','Job Title Id 2','Position id 2','Occupation Description id 2',',','\r\n(\r\nWEB  EC  \r\nWEB  EC   ','\r\n()\r\n\r\n 40  30 \r\n\r\n\r\n :WEB  3 \r\n : \r\n\r\n\r\n','\r\n()\r\n\r\n :2,000USDGross\r\n :  2 \r\n :  1 \r\n : \r\n : \r\n\r\n\r\n : \r\n : \r\n\r\n\r\n :9:00  18:00\r\n 1 \r\n : \r\n : ','\r\n()\r\n20205\r\n ','\r\n()\r\n','\r\n()\r\n  WEB  \r\n \r\n ',',','recruiter@gmail.com','draft','2020-08-27 00:00:00',NULL,3,'2020-07-20 19:27:26','2021-01-27 18:09:03',''),(69,'00001-0031',1,12,2,'','Job Title id 3','Position id 3','Occupation Description id 3',',','\r\n(\r\nWEB  EC  \r\nWEB  EC   ','\r\n()\r\n\r\n 40  30 \r\n\r\n\r\n :WEB  3 \r\n : \r\n\r\n\r\n','\r\n()\r\n\r\n :2,000USDGross\r\n :  2 \r\n :  1 \r\n : \r\n : \r\n\r\n\r\n : \r\n : \r\n\r\n\r\n :9:00  18:00\r\n 1 \r\n : \r\n : ','\r\n()\r\n20205\r\n ','\r\n()\r\n','\r\n()\r\n  WEB  \r\n \r\n ',',','recruiter@gmail.com','post','2020-08-27 00:00:00',NULL,3,'2020-07-20 19:27:26','2021-01-27 18:09:03',''),(70,'00001-0036',1,9,3,'','',NULL,'\n()\nWEB \nWEB \n  1 ',',','EC ','\n()\n\n 40  30 \n\n\n :WEB  3 \n : \n\n\n','\n :2,000USDGross\n :  2 \n :  1 \n : \n : \n\n\n : \n : \n\n\n :9:00  18:00\n 1 \n : \n : ','20205\n ','Scout testing\n','\n()\n  WEB  \n \n ',',','recruiter@gmail.com','post','2020-08-27 00:00:00',NULL,3,'2020-08-20 02:47:24','2021-01-27 18:09:03',''),(71,'00001-0037',1,30,142,'','TEST only',NULL,'','',NULL,NULL,NULL,NULL,NULL,NULL,'','recruiter@gmail.com','post','2020-08-27 00:00:00',NULL,3,'2020-08-20 20:29:14','2021-01-27 18:09:03',''),(72,'00001-0038',1,30,142,'','Test only',NULL,'','',NULL,NULL,NULL,NULL,NULL,NULL,'','recruiter@gmail.com','post','2020-08-27 00:00:00',NULL,3,'2020-08-20 20:30:22','2021-01-27 18:09:03',''),(73,'00001-0013',1,12,2,'','Job Title Draft updated Id 1',NULL,'Occupation Description',',','\r\n(\r\nWEB  EC  \r\nWEB  EC   ','\r\n()\r\n\r\n 40  30 \r\n\r\n\r\n :WEB  3 \r\n : \r\n\r\n\r\n','\r\n()\r\n\r\n :2,000USDGross\r\n :  2 \r\n :  1 \r\n : \r\n : \r\n\r\n\r\n : \r\n : \r\n\r\n\r\n :9:00  18:00\r\n 1 \r\n : \r\n : ','\r\n()\r\n20205\r\n ','\r\n()\r\n','\r\n()\r\n  WEB  \r\n \r\n ',',','recruiter@gmail.com','draft','2020-08-27 00:00:00',NULL,3,'2020-07-20 19:27:26','2021-01-27 18:09:03',''),(74,'00001-0020',1,12,2,'','Job Title Id 2','Position id 2','Occupation Description id 2',',','\r\n(\r\nWEB  EC  \r\nWEB  EC   ','\r\n()\r\n\r\n 40  30 \r\n\r\n\r\n :WEB  3 \r\n : \r\n\r\n\r\n','\r\n()\r\n\r\n :2,000USDGross\r\n :  2 \r\n :  1 \r\n : \r\n : \r\n\r\n\r\n : \r\n : \r\n\r\n\r\n :9:00  18:00\r\n 1 \r\n : \r\n : ','\r\n()\r\n20205\r\n ','\r\n()\r\n','\r\n()\r\n  WEB  \r\n \r\n ',',','recruiter@gmail.com','draft','2020-08-27 00:00:00',NULL,3,'2020-07-20 19:27:26','2021-01-27 18:09:03',''),(75,'00001-0013',1,12,2,'','Job Title Draft updated Id 1',NULL,'Occupation Description',',','\r\n(\r\nWEB  EC  \r\nWEB  EC   ','\r\n()\r\n\r\n 40  30 \r\n\r\n\r\n :WEB  3 \r\n : \r\n\r\n\r\n','\r\n()\r\n\r\n :2,000USDGross\r\n :  2 \r\n :  1 \r\n : \r\n : \r\n\r\n\r\n : \r\n : \r\n\r\n\r\n :9:00  18:00\r\n 1 \r\n : \r\n : ','\r\n()\r\n20205\r\n ','\r\n()\r\n','\r\n()\r\n  WEB  \r\n \r\n ',',','recruiter@gmail.com','draft','2020-08-27 00:00:00',NULL,3,'2020-07-20 19:27:26','2021-01-27 18:09:03',''),(76,'00001-0013',1,12,2,'','Job Title Draft updated Id 1',NULL,'Occupation Description',',','\r\n(\r\nWEB  EC  \r\nWEB  EC   ','\r\n()\r\n\r\n 40  30 \r\n\r\n\r\n :WEB  3 \r\n : \r\n\r\n\r\n','\r\n()\r\n\r\n :2,000USDGross\r\n :  2 \r\n :  1 \r\n : \r\n : \r\n\r\n\r\n : \r\n : \r\n\r\n\r\n :9:00  18:00\r\n 1 \r\n : \r\n : ','\r\n()\r\n20205\r\n ','\r\n()\r\n','\r\n()\r\n  WEB  \r\n \r\n ',',','recruiter@gmail.com','draft','2020-08-27 00:00:00',NULL,3,'2020-07-20 19:27:26','2021-01-27 18:09:03',''),(77,'00001-0020',1,12,2,'','Job Title Id 2','Position id 2','Occupation Description id 2',',','\r\n(\r\nWEB  EC  \r\nWEB  EC   ','\r\n()\r\n\r\n 40  30 \r\n\r\n\r\n :WEB  3 \r\n : \r\n\r\n\r\n','\r\n()\r\n\r\n :2,000USDGross\r\n :  2 \r\n :  1 \r\n : \r\n : \r\n\r\n\r\n : \r\n : \r\n\r\n\r\n :9:00  18:00\r\n 1 \r\n : \r\n : ','\r\n()\r\n20205\r\n ','\r\n()\r\n','\r\n()\r\n  WEB  \r\n \r\n ',',','recruiter@gmail.com','draft','2020-08-27 00:00:00',NULL,3,'2020-07-20 19:27:26','2021-01-27 18:09:03',''),(78,'00001-0013',1,12,2,'','Job Title Draft updated Id 1',NULL,'Occupation Description',',','\r\n(\r\nWEB  EC  \r\nWEB  EC   ','\r\n()\r\n\r\n 40  30 \r\n\r\n\r\n :WEB  3 \r\n : \r\n\r\n\r\n','\r\n()\r\n\r\n :2,000USDGross\r\n :  2 \r\n :  1 \r\n : \r\n : \r\n\r\n\r\n : \r\n : \r\n\r\n\r\n :9:00  18:00\r\n 1 \r\n : \r\n : ','\r\n()\r\n20205\r\n ','\r\n()\r\n','\r\n()\r\n  WEB  \r\n \r\n ',',','recruiter@gmail.com','draft','2020-08-27 00:00:00',NULL,3,'2020-07-20 19:27:26','2021-01-27 18:09:03',''),(79,'00002-0001',2,1,202,'','Myatwoon',NULL,'Myatwoon',',','Myatwoon','Myatwoon',NULL,NULL,NULL,NULL,',','myatwoon.sky@gmail.com','post','2020-09-03 00:00:00',NULL,3,'2020-09-03 04:00:07','2021-01-27 18:09:03',''),(80,'00001-0039',1,9,207,'','Testing',NULL,'new','',NULL,NULL,NULL,NULL,NULL,'Testing',',','thuzar.ts92@gmail.com','post','2020-09-09 08:16:38',NULL,3,'2020-09-08 19:17:16','2021-01-27 18:09:03',''),(81,'00001-0040',1,9,208,'','Test',NULL,'Test',',',NULL,NULL,NULL,NULL,NULL,NULL,',','thuzar.ts92@gmail.com','post','2020-09-01 05:20:00',NULL,3,'2020-09-08 22:22:51','2021-01-27 18:09:03',''),(82,'00001-0041',1,9,208,'','aaa',NULL,'aaa',',',NULL,NULL,NULL,NULL,NULL,NULL,',','thuzar.ts92@gmail.com','post','2020-09-09 14:23:10',NULL,3,'2020-09-09 01:23:37','2021-01-27 18:09:03',''),(83,'00001-0042',1,9,208,'','Thuzar',NULL,'Testing scout',',',NULL,NULL,NULL,NULL,'scout testing',NULL,'','thuzar.ts92@gmail.com','post','2020-09-09 14:30:06',NULL,3,'2020-09-09 01:30:36','2021-01-27 18:09:03',''),(84,'00001-0043',1,16,166,'','TEsting job',NULL,'TEsting job','',NULL,NULL,NULL,NULL,NULL,NULL,',','myatwoon.sky@gmail.com','post','2020-09-25 12:45:13',NULL,3,'2020-09-24 21:15:55','2021-01-27 18:09:03',''),(85,'00001-0044',1,6,161,'','1. 2.',NULL,'1. 2.','','1.\n\n\nWeb/PHP/node.js/Java/.NET\niPhone/iPad/Android/\n/C++/Unity)\n\nSE\nSE\n\n\n\n2.\n\n\n2D3DWeb/iOS/Android\n\n2D3DUI/UX\n\n','\n2030\n\n\n1.\n<>\nWebPM3\n\n<>\n\nPhp/node.js\nSwift/Objective C/Java/Unity\n\n2.\n<>\n3D32D\n\n<>\n\nUI\n\n\n = \n\n = ',NULL,NULL,'',NULL,',','myatwoon.sky@gmail.com','post','2020-09-25 17:49:30',NULL,3,'2020-09-25 02:22:14','2021-01-27 18:09:03',''),(86,'00008-0001',8,4,163,'','game_developer',NULL,'Developer','','WEB  EC  ','40  30 ',NULL,'20205','Yangon','  WEB  \n ','','crzycrzy55@gmail.com','post','2020-10-07 14:17:10',NULL,3,'2020-10-06 22:51:07','2021-01-27 18:09:03',''),(87,'00001-0045',1,6,195,'','Testing job for apply',NULL,'Testing job for apply',',,',NULL,NULL,NULL,NULL,NULL,NULL,',','myatwoon.sky@gmail.com','post','2020-10-08 11:45:08',NULL,3,'2020-10-07 20:15:35','2021-01-27 18:09:03',''),(88,'00010-0001',10,2,155,'','',NULL,'',',','','','','','','\n()','','h_nishimura@management-partners.co.jp','post','2020-10-11 15:54:42',NULL,3,'2020-10-11 00:28:09','2021-01-27 18:09:03',''),(89,'00010-0002',10,28,160,'','',NULL,'','/','','','\n :2,000USDGross\n :  2 \n :  1 \n : \n : \n\n\n : \n : \n\n\n :9:00  18:00\n 1 \n : \n : \n\n\n :2,000USDGross\n :  2 \n :  1 \n : \n : \n\n\n : \n : \n\n\n :9:00  18:00\n 1 \n : \n : ','20205\n ','','  WEB  \n \n \n  WEB  \n \n \n  WEB  \n \n \n  WEB  \n \n ','','h_nishimura@management-partners.co.jp','post','2020-10-13 08:49:31',NULL,3,'2020-10-12 17:23:43','2021-01-27 18:09:03',''),(90,'00011-0001',11,25,16,'','',NULL,'','','','','\n :2,000USDGross\n :  2 \n :  1 \n : \n : \n\n\n : \n : \n\n\n :9:00  18:00\n 1 \n : \n : ','20205','','',',','mpm_fifth@outlook.jp','post','2020-10-14 13:12:17',NULL,3,'2020-10-13 21:47:43','2021-01-27 18:09:03',''),(91,'00011-0002',11,24,155,'','',NULL,'','','','',' :2,000USDGross','20205','',' ',',','mpm_fifth@outlook.jp','post','2020-10-14 15:54:35',NULL,3,'2020-10-14 00:26:13','2021-01-27 18:09:03',''),(92,'00014-0001',14,2,208,'','IT',NULL,'1100\n\n2(20206)\n\n','','1\n\n\n\n\n\n\n\n\n2\n\n\n\n\n\n\n','\n\n\n\n\n\n\nPC\n\n\n = \n\n = \n\n=\n\n = 1. 20209 2. 20209 ','\n6,0007,000\n\n\n1618.51267\n21','20205','',' 2\n\n\n\n\n\n()\n\n','','crzycrzy66@gmail.com','post','2020-10-16 10:52:17',NULL,3,'2020-10-15 19:29:17','2021-01-27 18:09:03',''),(93,'00014-0002',14,2,157,'','IT',NULL,'IT/\n\nJob No.\n500003\n\n\nIT ','','1\n2\n3\n4','1) \n2) \n3) \n4) \n\n\n = \n\n = ','\nUp to S$5,000 ()\n\n\nVB96',NULL,'','\n\n\n',',','crzycrzy66@gmail.com','post','2020-10-16 11:14:29',NULL,3,'2020-10-15 20:00:04','2021-01-27 18:09:03',''),(94,'00014-0003',14,9,157,'','',NULL,'_S$3,500SG/\n\nJob No.\n502850\n\n\n','','1) \n2)\n3)\n4)','1)2\n2)\n3)\n\n = ,\n\n = ','3,500SGD','202012','','\n\n\n\n\n',',,','crzycrzy66@gmail.com','post','2020-10-16 11:57:31',NULL,3,'2020-10-15 21:45:55','2021-01-27 18:09:03',''),(95,'00014-0004',14,4,208,'','',NULL,'\n\n35\n','',' /  Alibaba Cloud / Tencent Cloud\nWeb /  /\n /  ','\n2030\n\n\n\n\n\n\n\nLinux / Windows2\n\n\n = \n\n = ','2530\n2 2019 2.6\nSE2530\n1()\n\n\n\n\n\n\n\n\n\n\n\n\n9001800\n(12001800\n9:0018:0014:0023:0023:009:00\n2(121/)',NULL,'','AWS  GCPAlibaba CloudIDCF Cloud MSP24365API\n\n\n12OJT\n\n\n1. \n2. \n3. 4',',,','crzycrzy66@gmail.com','post','2020-10-16 13:42:50',NULL,3,'2020-10-15 22:22:59','2021-01-27 18:09:03',''),(96,'00014-0005',14,3,208,'',' 2. 3. 4.',NULL,'1.\n2.\n3.\n4.\n\n33',',/','1.\n\n\n\nPDCA\n\n\n2.\n\n\nPDCA\n\n\n\n\n3.\n\nPDCA\n\n\n4.\n\n\n\n','1. 2040\n\nPR2\n\nMicrosoft OfficeExcel\nPC\n\n\n\n\n\n\n1\n2\n\n\n2. 2030\n\n1\n1\n2PC\nPDCA \nPC\n\n\n\n\n\n\n\n\nCS\n\n\n\n3. 2030\n\n2After AffectsPremierePhotoshopIllustrator\n1  \n\nPC\n\n\n\n\n\nMMDMAD\n\n\n\n\n\n\n4. 2030\n\n1\nPC\n\n\n\nPDCA \n\n\n\n = ','\n1.380700\n2.360660\n3.360600\n4.300480\n\n\n\n4\n\n\n\n\n\n\n10:0019:00 8\n\n','202012','','  WEB  \n \n ',',,,','crzycrzy66@gmail.com','post','2020-10-16 14:31:21',NULL,3,'2020-10-15 23:10:14','2021-01-27 18:09:03',''),(97,'00011-0003',11,1,155,'','2020/10/18',NULL,'2020/10/18',',','2020/10/18','2020/10/18','2020/10/18','2020/10/18','2020/10/18','2020/10/18',',','mpm_fifth@outlook.jp','post','2020-10-18 07:57:57',NULL,3,'2020-10-17 16:31:14','2021-01-27 18:09:03',''),(98,'00011-0004',11,17,37,'','',NULL,'WEB \nWEB \n  1 ','','WEB  EC  \nWEB  EC   ',NULL,NULL,NULL,NULL,NULL,'','mpm_fifth@outlook.jp','post','2020-10-18 14:14:50',NULL,3,'2020-10-17 23:02:15','2021-01-27 18:09:03',''),(99,'00011-0005',11,27,110,'','',NULL,'\n',',/','','','kg/',' ','','',',,,','mpm_fifth@outlook.jp','post','2020-10-18 14:38:42',NULL,3,'2020-10-17 23:09:36','2021-01-27 18:09:03',''),(100,'00001-0046',1,2,40,'','',NULL,'','','','\n 40  30 ','22\n\n3\n \n350600\n\n8:5017:401750\n2\n(6)\n\n\n\n (10 6)\n \n115','202012','\n\n\n9-10DaiwaA\nJR\n6\n\nA25\n\n\n2-7-7277\nJR\n4\n\nA11\n\n\n2-23-1\n1\nJR15','55JASDAQ\nOK\n5\n\n\n11530','','thuzar.ts92@gmail.com','post','2020-10-18 16:07:59',NULL,3,'2020-10-18 00:44:00','2021-01-27 18:09:03',''),(101,'00009-0001',9,16,96,'','web developer',NULL,NULL,'',NULL,NULL,NULL,NULL,NULL,NULL,'','waizin@management-partners.co.jp','post','2020-10-19 15:30:43',NULL,3,'2020-10-19 00:01:04','2021-01-27 18:09:03',''),(103,'00009-0002',9,14,127,'','marketing staff',NULL,NULL,'',NULL,NULL,NULL,NULL,NULL,NULL,'','waizin@management-partners.co.jp','post','2020-10-20 22:32:14',NULL,3,'2020-10-20 07:03:07','2021-01-27 18:09:03',''),(104,'00001-0047',1,6,200,'','mtdo testing 2110',NULL,'WEB ','','WEB ',NULL,NULL,NULL,NULL,NULL,'','thuzar.ts92@gmail.com','post','2020-10-21 10:13:12',NULL,3,'2020-10-20 18:44:04','2021-01-27 18:09:03',''),(105,'00001-0048',1,6,200,'','Testing',NULL,'Testing','',NULL,NULL,NULL,NULL,NULL,NULL,'','thuzar.ts92@gmail.com','post','2020-10-21 10:14:18',NULL,3,'2020-10-20 18:44:35','2021-01-27 18:09:03',''),(106,'00001-0049',1,5,96,'','Payment test',NULL,'Payment test','/',NULL,NULL,NULL,NULL,NULL,NULL,'','thuzar.ts92@gmail.com','post','2020-10-21 13:23:54',NULL,3,'2020-10-20 21:54:32','2021-01-27 18:09:03',''),(108,'00001-0051',1,1,37,'',NULL,NULL,'IT Engineer','',NULL,NULL,NULL,NULL,'',NULL,'','thuzar.ts92@gmail.com','post','2020-10-21 15:42:36',NULL,3,'2020-10-21 00:13:07','2021-01-27 18:09:03',''),(109,'00001-0052',1,3,96,'','Testing order number',NULL,'Testing order number','',NULL,NULL,NULL,NULL,NULL,NULL,'','thuzar.ts92@gmail.com','post','2020-10-22 09:20:48',NULL,3,'2020-10-21 17:51:30','2021-01-27 18:09:03',''),(110,'00001-0053',1,2,200,'','',NULL,NULL,'','\nAICS\n\n\n\n2016\n16\n25','\n PythonC++\n\n\n/\n\n\n\nROS\nOSS\n\n\n','\n\n\n\n','20201023','',NULL,'','thuzar.ts92@gmail.com','post','2020-10-23 11:05:50',NULL,3,'2020-10-22 19:39:32','2021-01-27 18:09:03',''),(111,'00018-0001',18,2,208,'','',NULL,'\n\n','','\n\n\n\n\n\n\n','2040\n\n\nIT\n\n\n\n\n\n\n\n\n\n\n = ','\n10,00030,000)\n2\n\n\n\n\n\n\n\n\n\n\n\n\n\n\n9:001800\n115','2021/10/23','\n','13\n',',,,,','kyawmya1958@gmail.com','post','2020-10-23 11:20:03',NULL,3,'2020-10-22 19:52:58','2021-01-27 18:09:03',''),(112,'00015-0001',15,2,200,'','maytesting',NULL,'maytesting','','WEB  EC  ','\n 40  30 \n\n\n :WEB  3 \n : \n\n\n','\n :2,000USDGross\n :  2 \n :  1 \n : \n : \n\n\n : \n : \n\n\n :9:00  18:00\n 1 \n : \n : ',NULL,'',NULL,'','zinwahwahhtun85@gmail.com','post','2020-10-23 13:19:11',NULL,3,'2020-10-22 21:50:06','2021-01-27 18:09:03',''),(113,'00011-0006',11,3,129,'','2020/10/23',NULL,NULL,',',NULL,NULL,NULL,NULL,NULL,NULL,'','mpm_fifth@outlook.jp','post','2020-10-23 16:00:06',NULL,3,'2020-10-23 00:31:21','2021-01-27 18:09:03',''),(114,'00011-0007',11,14,97,'','',NULL,NULL,'',NULL,NULL,NULL,NULL,NULL,NULL,'','mpm_fifth@outlook.jp','draft','2020-10-23 16:15:30',NULL,3,'2020-10-23 00:45:47','2021-01-27 18:09:03',''),(115,'00011-0008',11,14,201,'','dadsa',NULL,NULL,'',NULL,NULL,NULL,NULL,NULL,NULL,'','mpm_fifth@outlook.jp','draft','2020-10-23 16:19:48',NULL,3,'2020-10-23 00:50:00','2021-01-27 18:09:03',''),(116,'00011-0009',11,10,187,'','2020/10/24',NULL,'2020/12/24','',NULL,NULL,NULL,NULL,'2020/12/24',NULL,'','mpm_fifth@outlook.jp','post','2020-10-24 08:52:33',NULL,3,'2020-10-23 17:23:11','2021-01-27 18:09:03',''),(117,'00011-0010',11,6,155,'','2020/10/26',NULL,'WEB \nWEB \n  1 ','/','WEB  EC  ','\n 40  30 \n\n\n :WEB  3 \n : \n\n\n','\n :2,000USDGross\n :  2 \n :  1 \n : \n : \n\n\n : \n : \n\n\n :9:00  18:00\n 1 \n : \n : ','20205\n ','','  WEB  ','','mpm_fifth@outlook.jp','post','2020-10-26 11:06:53',NULL,3,'2020-10-25 19:56:47','2021-01-27 18:09:03',''),(118,'00011-0011',11,15,207,'','2020/10/26',NULL,'','',NULL,NULL,NULL,NULL,'',NULL,',','mpm_fifth@outlook.jp','post','2020-10-26 11:27:04',NULL,3,'2020-10-25 20:00:00','2021-01-27 18:09:03',''),(119,'00009-0003',9,3,127,'','designer abcdesigner abcdesigner abcdesigner abcdesigner abcdesigner abcdesigner abcdesigner abcdesigner abcdesigner abcdesigner abcdesigner abcdesigner abcdesigner abcdesigner abcdesigner abcdesigner abcdesigner abc',NULL,NULL,'',NULL,NULL,NULL,NULL,NULL,NULL,'','waizin@management-partners.co.jp','draft','2020-10-27 13:09:40',NULL,3,'2020-10-26 21:40:03','2021-01-27 18:09:03',''),(120,'00001-0054',1,4,158,'','\n\nSNS\nSNSSNS',NULL,'','','\n\nSNS\nSNSYouTube\n\nCSSNS','\n\n\n\n\n\nSNS(Instagram, Facebook)\n\nSEO\n\n\n = \n\n = ','\n50,000Gross)\n\n\n\n\n\n9:0018:00','','',NULL,',,,,','thuzar.ts92@gmail.com','post','2020-10-27 16:05:17',NULL,3,'2020-10-27 00:37:33','2021-01-27 18:09:03',''),(121,'00007-0001',7,6,208,'','1.PM2.SE1.PM2.SE1.PM2.SE1.PM2.SE1.PM2.SE1.PM2.SE1.PM2.SE1.PM2.SE1.PM2.SE1.PM2.SE1.PM2.SE1.PM2.SE1.PM2.SE1.PM2.SE1.PM2.SE1.PM2.SE1.PM2.SE1.PM2.SE1.PM2.SE1.PM2.SE1.PM2.SE1.PM2.SE1.PM2.SE1.PM2.SE1.PM2.SE1.PM2.SE1.PM2.SE1.PM2.SE1.PM2.SE1.PM2.SE1.PM2.SE1.PM2.SE1.PM2.SE1.PM2.SE1.PM2.SE1.PM2.SE1.PM2.SE1.PM2.SE1.PM2.SE1.PM2.SE1.PM2.SE1.PM2.SE1.PM2.SE1.PM2.SE1.PM2.SE1.PM2.SE1.PM2.SE1.PM2.SE1.PM2.SE1.PM2.SE1.PM2.SE1.PM2.SE1.PM2.SE1.PM2.SE1.PM2.SE1.PM2.SE1.PM2.SE1.PM2.SE1.PM2.SE1.PM2.SE1.PM2.SE1.PM2.SE1.PM2.SE1.PM2.SE1.PM2.SE',NULL,'1.PM\n\n\n2.SE\n\n\n508','','1.PM\n\n\n\n2.SE\n\n\n','\n3040\n\n<>\n\n\n\n<>\nITIT\n\n\n = ,\n\n = ','\n600\n2\n1\n\n\n\n\n\n\n\n9:0018:00\n\n2\n\n','020/10/27 ','','\n\n2001\n\n\nPMSESEBATESADBAPLPMPM',',,,','maythandaroo@management-partners.co.jp','post','2020-10-27 16:11:39',NULL,3,'2020-10-27 00:43:54','2021-01-27 18:09:03',''),(122,'00027-0001',27,12,127,'','New',NULL,'New scout for chatting','/',NULL,NULL,NULL,NULL,NULL,NULL,'','christhan1990@gmail.com','post','2020-10-27 23:08:44',NULL,3,'2020-10-27 07:39:05','2021-01-27 18:09:03',''),(123,'00001-0055',1,5,96,'','Scout',NULL,'Scout','',NULL,NULL,NULL,NULL,NULL,NULL,'','thuzar.ts92@gmail.com','post','2020-10-27 23:27:10',NULL,3,'2020-10-27 07:57:25','2021-01-27 18:09:03',''),(124,'00027-0002',27,4,127,'','May',NULL,'May','',NULL,NULL,NULL,NULL,NULL,NULL,'','christhan1990@gmail.com','post','2020-10-28 11:16:25',NULL,3,'2020-10-27 19:46:45','2021-01-27 18:09:03',''),(125,'00027-0003',27,5,96,'','For scout',NULL,'For scout','',NULL,NULL,NULL,NULL,NULL,NULL,'','christhan1990@gmail.com','post','2020-10-28 11:48:50',NULL,3,'2020-10-27 20:19:04','2021-01-27 18:09:03',''),(126,'00017-0001',17,9,96,'','Testing mpm',NULL,'Testing mpm','',NULL,NULL,NULL,NULL,NULL,NULL,'','thuzar@management-partners.co.jp','post','2020-10-28 11:54:48',NULL,3,'2020-10-27 20:25:04','2021-01-27 18:09:03',''),(127,'00011-0012',11,11,96,'','New job testing',NULL,'New job testing','',NULL,NULL,NULL,NULL,NULL,NULL,'','mpm_fifth@outlook.jp','post','2020-10-28 14:58:44',NULL,3,'2020-10-27 23:29:00','2021-01-27 18:09:03',''),(128,'00010-0003',10,2,96,'','New job testing for chatting from jobseeker chat.',NULL,'New job testing for chatting from jobseeker chat.','/,',NULL,NULL,NULL,NULL,NULL,NULL,'','h_nishimura@management-partners.co.jp','post','2020-10-28 15:42:00',NULL,3,'2020-10-28 00:12:29','2021-01-27 18:09:03',''),(129,'00017-0002',17,1,96,'','test',NULL,'test','',NULL,NULL,NULL,NULL,NULL,NULL,'','thuzar@management-partners.co.jp','post','2020-10-28 16:26:10',NULL,3,'2020-10-28 00:56:24','2021-01-27 18:09:03',''),(130,'00009-0004',9,8,37,'','officer',NULL,'accounting officer','/,',NULL,NULL,NULL,NULL,'yangon , kamaryut',NULL,'','waizin@management-partners.co.jp','post','2020-11-01 21:36:08',NULL,3,'2020-11-01 06:06:58','2021-01-27 18:09:03',''),(131,'00011-0013',11,11,208,'','',NULL,'',',','WEB  EC  \n    WEB  EC   \n     WEB  EC  \n    WEB  EC   \n     WEB  EC  \n    WEB  EC   \n     WEB  EC  \n    WEB  EC   \n     WEB  EC  \n    WEB  EC        WEB  EC  \n    WEB  EC   \n     WEB  EC  \n    WEB  EC   ','\n 40  30 \n\n\n :WEB  3 \n : \n\n\n \n \n 40  30 \n\n\n :WEB  3 \n : \n\n\n \n \n 40  30 \n\n\n :WEB  3 \n : \n\n\n  \n 40  30 \n\n\n :WEB  3 \n : \n\n\n \n \n 40  30 \n\n\n :WEB  3 \n : \n\n\n \n','\n :2,000USDGross\n :  2 \n :  1 \n : \n : \n\n\n : \n : \n\n\n :9:00  18:00\n 1 \n : \n :  \n \n :2,000USDGross\n :  2 \n :  1 \n : \n : \n\n\n : \n : \n\n\n :9:00  18:00\n 1 \n : \n :  \n \n :2,000USDGross\n :  2 \n :  1 \n : \n : \n\n\n : \n : \n\n\n :9:00  18:00\n 1 \n : \n :  \n \n :2,000USDGross\n :  2 \n :  1 \n : \n : \n\n\n : \n : \n\n\n :9:00  18:00\n 1 \n : \n :  \n \n :2,000USDGross\n :  2 \n :  1 \n : \n : \n\n\n : \n : \n\n\n :9:00  18:00\n 1 \n : \n : ','20205\n 20205\n 20205\n 20205\n 20205\n 20205\n 20205\n 20205\n 20205\n 20205\n 20205\n 20205\n 20205\n 20205\n 20205\n 20205\n 20205\n 20205\n 20205\n 20205\n 20205\n 20205\n 20205\n 20205\n 20205\n 20205\n 20205\n 20205\n 20205\n 20205\n 20205\n 20205\n 20205\n 20205\n 20205\n 20205\n 20205\n 20205\n 20205\n 20205\n 20205\n 20205\n 20205\n 20205\n ','','  WEB  \n \n    WEB  \n \n    WEB  \n \n    WEB  \n \n    WEB  \n \n    WEB  \n \n    WEB  \n \n    WEB  \n \n    WEB  \n \n    WEB  \n \n    WEB  \n \n    WEB  \n \n    WEB  \n \n    WEB  \n \n    WEB  \n \n    WEB  \n \n    WEB  \n \n    WEB  \n \n    WEB  \n \n    WEB  \n \n    WEB  \n \n    WEB  \n \n    WEB  \n \n    WEB  \n \n    WEB  \n \n    WEB  \n \n    WEB  \n \n    WEB  \n \n    WEB  \n \n    WEB  \n \n    WEB  \n \n    WEB  \n \n    WEB  \n \n    WEB  \n \n  ',',,,','h_nishimura@management-partners.co.jp','post','2020-11-03 18:18:52',NULL,3,'2020-11-03 02:50:26','2021-01-27 18:09:03',''),(132,'00011-0014',11,1,37,'','2020/11/3',NULL,NULL,'',NULL,NULL,NULL,NULL,NULL,NULL,'','h_nishimura@management-partners.co.jp','post','2020-11-03 19:27:11',NULL,3,'2020-11-03 03:57:47','2021-01-27 18:09:03',''),(133,'00011-0015',11,11,127,'','ssasd',NULL,NULL,'',NULL,NULL,NULL,NULL,NULL,NULL,'','mpm_fifth@outlook.jp','draft','2020-11-03 19:39:49',NULL,3,'2020-11-03 04:10:04','2021-01-27 18:09:03',''),(134,'00011-0016',11,4,200,'','2020/11/3 part2',NULL,NULL,'',NULL,NULL,NULL,NULL,NULL,NULL,'','mpm_fifth@outlook.jp','post','2020-11-03 21:10:58',NULL,3,'2020-11-03 05:41:23','2021-01-27 18:09:03',''),(135,'00007-0002',7,2,155,'','11/21/2020 ',NULL,'WEB ','','WEB  EC  \nWEB  EC   ','\n 40  30 \n\n\n :WEB  3 \n : \n\n\n','\n :2,000USDGross\n :  2 \n :  1 \n : \n : \n\n\n : \n : \n\n\n :9:00  18:00\n 1 \n : \n : ','20215\n ','','  WEB  \n \n ',',,,,','maythandaroo@management-partners.co.jp','post','2020-11-03 21:56:50',NULL,3,'2020-11-03 06:28:04','2021-01-27 18:09:03',''),(136,'00017-0003',17,2,128,'','Test invoice',NULL,'Test invoice','',NULL,NULL,NULL,NULL,NULL,NULL,'','thuzar@management-partners.co.jp','post','2020-11-03 22:11:20',NULL,3,'2020-11-03 06:41:36','2021-01-27 18:09:03',''),(137,'00011-0017',11,6,97,'','2020/11/5',NULL,'WEB \n    WEB \n      1 ',',','WEB  EC  \n    WEB  EC   ','\n 40  30 \n\n\n :WEB  3 \n : \n\n\n','\n :2,000USDGross\n :  2 \n :  1 \n : \n : \n\n\n : \n : \n\n\n :9:00  18:00\n 1 \n : \n : ','20205\n ','','  WEB  \n \n ','','mpm_fifth@outlook.jp','post','2020-11-05 11:49:19',NULL,3,'2020-11-04 20:21:06','2021-01-27 18:09:03',''),(138,'00031-0001',31,6,97,'','2020/11/5Part2',NULL,'','','WEB  EC  \n    WEB  EC   ',' :WEB  3 \n : \n\n\n',NULL,NULL,NULL,NULL,'','n27w525@gmail.com','post','2020-11-05 12:52:56',NULL,3,'2020-11-04 21:23:53','2021-01-27 18:09:03',''),(139,'00032-0001',32,6,183,'','',NULL,'WEB \n    WEB \n      1 ','','WEB  EC  \n    WEB  EC   ','\n 40  30 \n\n\n :WEB  3 \n : \n\n\n',' : \n : ','20205\n ',NULL,' ','','mpm.second@gmail.com','post','2020-11-05 13:52:53',NULL,3,'2020-11-04 22:23:37','2021-01-27 18:09:03',''),(140,'00001-0056',1,2,37,'','Credit card testing',NULL,'Credit card testing','',NULL,NULL,NULL,NULL,NULL,NULL,'','thuzar.ts92@gmail.com','post','2020-11-05 15:39:04',NULL,3,'2020-11-05 00:09:19','2021-01-27 18:09:03',''),(141,'00011-0018',11,11,200,'','2020/11/5 part5',NULL,NULL,'',NULL,NULL,NULL,NULL,NULL,NULL,'','mpm_fifth@outlook.jp','draft','2020-11-05 19:03:03',NULL,3,'2020-11-05 03:33:23','2021-01-27 18:09:03',''),(142,'00009-0005',9,12,96,'','net workengineer',NULL,NULL,'',NULL,NULL,NULL,NULL,NULL,NULL,'','waizin@management-partners.co.jp','post','2020-11-05 23:30:26',NULL,3,'2020-11-05 08:01:03','2021-01-27 18:09:03',''),(143,'00009-0006',9,6,96,'','testing engineer',NULL,'WEB ',',,,/,,,','WEB  EC  ','WEB  3 ','\n :2,000USDGross\n :  2 \n :  1 \n : \n : ','20205','','WEB\n\n',',,','waizin@management-partners.co.jp','post','2020-11-06 01:09:51',NULL,3,'2020-11-05 09:40:09','2021-01-27 18:09:03',''),(144,'00001-0057',1,8,127,'','Testing time',NULL,'Testing time','',NULL,NULL,NULL,NULL,NULL,NULL,'','thuzar.ts92@gmail.com','post','2020-11-06 09:06:33',NULL,3,'2020-11-05 17:37:00','2021-01-27 18:09:03',''),(145,'00033-0001',33,2,208,'','FANCY_IT',NULL,'\n\n\n4\n\n3\n\n\n4\n\n\n','','\n\n\n\n\n\n\n\n\n\n\n\n\n\n\n\n\n\n\n\n\n\n\nbrother','\n\n2/\n1\n2','\n37,500,00075,000,000VND\n25,500,00045,000,000VND\n1\n\n\n\n\n\n\n9:0018:0068\n\n',NULL,' ',NULL,',,','crzycrzy12@gmail.com','post','2020-11-06 10:25:41',NULL,3,'2020-11-05 19:03:49','2021-01-27 18:09:03',''),(146,'00033-0002',33,2,52,'','IVCS',NULL,'\n\n\n4\n\n3\n\n\n4\n\n\n','/,,','\n\n\n\n\n\n\n\n\n\n\n\n\n\n\n\n\n\n\n\n\n\n\nbrother','\n2030\n\n\n\n\n\n\n\n\n\nor\nOA\n\n\n = ,\n\n = \n\n = ','\n37,500,00075,000,000VND\n25,500,00045,000,000VND\n1\n\n\n\n\n\n\n9:0018:0068\n\n',NULL,'','  WEB  \n ',',,','crzycrzy12@gmail.com','post','2020-11-06 10:37:34',NULL,3,'2020-11-05 19:11:24','2021-01-27 18:09:03',''),(147,'00026-0001',26,3,128,'','2020/11/06',NULL,NULL,'',NULL,NULL,NULL,NULL,NULL,NULL,'','mpm_fourth@outlook.jp','post','2020-11-06 19:51:27',NULL,3,'2020-11-06 04:21:51','2021-01-27 18:09:03',''),(148,'00001-0058',1,3,127,'','Thuzar Testing Job',NULL,'Thuzar Testing Job','',NULL,NULL,NULL,NULL,NULL,NULL,'','thuzar.ts92@gmail.com','post','2020-11-06 20:49:32',NULL,3,'2020-11-06 05:19:53','2021-01-27 18:09:03',''),(149,'00001-0059',1,6,200,'','Thuzar Testing Job 2',NULL,'Thuzar Testing Job 2','',NULL,NULL,NULL,NULL,NULL,NULL,'','thuzar.ts92@gmail.com','post','2020-11-06 20:50:01',NULL,3,'2020-11-06 05:20:16','2021-01-27 18:09:03',''),(150,'00031-0002',31,6,200,'','2020/11/7',NULL,NULL,'',NULL,NULL,NULL,NULL,NULL,NULL,',','n27w525@gmail.com','post','2020-11-07 13:17:21',NULL,3,'2020-11-06 21:47:49','2021-01-27 18:09:03',''),(151,'00021-0001',21,6,200,'','2020/11/7mpm_second',NULL,NULL,'',NULL,NULL,NULL,NULL,NULL,NULL,'','mpm_second@outlook.jp','post','2020-11-07 13:27:59',NULL,3,'2020-11-06 21:58:41','2021-01-27 18:09:03',''),(152,'00021-0002',21,4,200,'','2020/11/7 mpm_second ',NULL,NULL,'',NULL,NULL,NULL,NULL,NULL,NULL,'','mpm_second@outlook.jp','post','2020-11-07 13:32:37',NULL,3,'2020-11-06 22:03:05','2021-01-27 18:09:03',''),(153,'00021-0003',21,6,200,'','2020/11/7mpm_second ',NULL,NULL,'',NULL,NULL,NULL,NULL,NULL,NULL,'','mpm_second@outlook.jp','post','2020-11-07 13:36:46',NULL,3,'2020-11-06 22:08:14','2021-01-27 18:09:03',''),(154,'00021-0004',21,3,127,'','sadad',NULL,NULL,'',NULL,NULL,NULL,NULL,NULL,NULL,'','mpm_second@outlook.jp','draft','2020-11-07 13:38:17',NULL,3,'2020-11-06 22:08:27','2021-01-27 18:09:03',''),(155,'00021-0005',21,6,200,'','2020/11/7 mpmS_econd',NULL,NULL,'',NULL,NULL,NULL,NULL,NULL,NULL,'','mpm_second@outlook.jp','post','2020-11-07 13:45:37',NULL,3,'2020-11-06 22:16:11','2021-01-27 18:09:03',''),(156,'00021-0006',21,4,200,'','2020/11/7 mpm_Second',NULL,NULL,'',NULL,NULL,NULL,NULL,NULL,NULL,'','mpm_second@outlook.jp','post','2020-11-07 14:18:21',NULL,3,'2020-11-06 22:48:50','2021-01-27 18:09:03',''),(157,'00021-0007',21,6,200,'','2020/11/8 mpm_Second',NULL,NULL,'',NULL,NULL,NULL,NULL,NULL,NULL,'','mpm_second@outlook.jp','post','2020-11-08 09:41:08',NULL,3,'2020-11-07 18:11:32','2021-01-27 18:09:03',''),(158,'00026-0002',26,6,129,'','2020/11/8 mpm_fourth',NULL,NULL,'',NULL,NULL,NULL,NULL,NULL,NULL,'','mpm_fourth@outlook.jp','post','2020-11-08 09:46:51',NULL,3,'2020-11-07 18:17:13','2021-01-27 18:09:03',''),(159,'00031-0003',31,5,96,'','2020/11/8 n27w525@gmail.com',NULL,NULL,'',NULL,NULL,NULL,NULL,NULL,NULL,'','n27w525@gmail.com','post','2020-11-08 09:50:28',NULL,3,'2020-11-07 18:22:03','2021-01-27 18:09:03',''),(160,'00031-0004',31,3,96,'','2020/11/8 n27w525@gmail',NULL,NULL,'',NULL,NULL,NULL,NULL,NULL,NULL,'','n27w525@gmail.com','post','2020-11-08 09:52:10',NULL,3,'2020-11-07 18:22:39','2021-01-27 18:09:03',''),(161,'00033-0003',33,2,37,'','Globee Services Sdn Bhd',NULL,'',',/','\n\n\n\n\n\n\n11012035','\n','\n RM 7,200~8,000 (18~202 ()\n/2\n126\n1/2~1/3',NULL,' ',NULL,',,','crzycrzy15@gmail.com','post','2020-11-09 09:24:58',NULL,3,'2020-11-08 17:58:11','2021-01-27 18:09:03',''),(162,'00033-0004',33,2,37,'','Globee Services',NULL,'','','\n\n\n\n\n\n\n11012035','\n1\n()','\n RM 7,200~8,000 (18~202 ()\n/2\n126\n1/2~1/3',NULL,'',NULL,'','crzycrzy15@gmail.com','post','2020-11-09 09:45:59',NULL,3,'2020-11-08 18:17:44','2021-01-27 18:09:03',''),(163,'00033-0005',33,2,37,'','Globee Services TS',NULL,'','','\n\n\n\n\n\n\n11012035','\n1\n()','\n RM 7,200~8,000 (18~202 ()\n/2\n126\n1/2~1/3',NULL,'',NULL,'','crzycrzy15@gmail.com','post','2020-11-09 09:45:59',NULL,3,'2020-11-08 18:17:44','2021-01-27 18:09:03',''),(164,'00033-0006',33,2,37,'','CMAX',NULL,'','','\n\n\n\n\n\n\n11012035','2050\n\nGlobee\n1\n()','\n RM 7,200~8,000 (18~202 ()\n/2\n126\n1/2~1/3','20205','','',',,,','crzycrzy15@gmail.com','post','2020-11-09 10:56:43',NULL,3,'2020-11-08 19:26:53','2021-01-27 18:09:03',''),(166,'00026-0003',26,5,195,'','2020/11/9',NULL,NULL,'',NULL,NULL,NULL,NULL,NULL,NULL,'','mpm_fourth@outlook.jp','post','2020-11-09 17:44:13',NULL,3,'2020-11-09 02:14:32','2021-01-27 18:09:03',''),(167,'00001-0060',1,3,200,'','Testing nick name',NULL,'Testing nick name',',','WEB  EC  \nWEB  EC   ','\n 40  30 \n\n\n :WEB  3 \n : \n\n\n','\n :2,000USDGross\n :  2 \n :  1 \n : \n : \n\n\n : \n : \n\n\n :9:00  18:00\n 1 \n : \n : ','20215\n ','','  WEB  \n \n ',',,,,,','maythandaroo@management-partners.co.jp','post','2020-11-10 09:30:52',NULL,3,'2020-11-09 18:01:06','2021-01-27 18:09:03',''),(171,'00011-0019',11,4,97,'','2020/11/10 ',NULL,NULL,'',NULL,NULL,NULL,NULL,NULL,NULL,'','mpm_fifth@outlook.jp','post','2020-11-10 17:42:11',NULL,3,'2020-11-10 02:12:33','2021-01-27 18:09:03',''),(172,'00011-0020',11,4,97,'','2020/11/10 part3',NULL,NULL,'',NULL,NULL,NULL,NULL,NULL,NULL,'','mpm_fifth@outlook.jp','post','2020-11-10 20:07:11',NULL,3,'2020-11-10 04:37:31','2021-01-27 18:09:03',''),(173,'00001-0061',1,3,37,'','Testing',NULL,NULL,'',NULL,NULL,NULL,NULL,NULL,NULL,'','thuzar.ts92@gmail.com','post','2020-11-11 15:20:42',NULL,3,'2020-11-10 23:51:00','2021-01-27 18:09:03',''),(174,'00026-0004',26,3,127,'','dasdad',NULL,NULL,'',NULL,NULL,NULL,NULL,NULL,NULL,'','mpm_fourth@outlook.jp','post','2020-11-11 15:56:09',NULL,3,'2020-11-11 00:26:18','2021-01-27 18:09:03',''),(175,'00026-0005',26,3,127,'','dasdad',NULL,NULL,'',NULL,NULL,NULL,NULL,NULL,NULL,'','mpm_fourth@outlook.jp','post','2020-11-11 15:56:26',NULL,3,'2020-11-11 00:26:36','2021-01-27 18:09:03',''),(176,'00011-0021',11,5,200,'','2020/11/11',NULL,'','','','','','','','',',','mpm_fifth@outlook.jp','post','2020-11-11 16:17:14',NULL,3,'2020-11-11 00:48:20','2021-01-27 18:09:03',''),(177,'00035-0001',35,4,37,'','Chatting test by ( Yan Lynn Aung) job title',NULL,'add',',/,,,,','add','ads','add','ads','asdf','add','','yan.lynn1991@gmail.com','post','2020-11-12 13:20:59',NULL,3,'2020-11-11 21:51:46','2021-01-27 18:09:03',''),(180,'00033-0009',33,2,37,'','IMCS',NULL,' , ','','Web','1200$',NULL,NULL,NULL,NULL,',,','crzycrzy15@gmail.com','post','2020-11-12 13:41:54',NULL,3,'2020-11-11 22:15:35','2021-01-27 18:09:03',''),(189,'00033-0010',33,2,127,'','Marooned',NULL,'developer','','WEB  EC  ','40  30 ','2300$',NULL,NULL,NULL,'','crzycrzy15@gmail.com','post','2020-11-12 15:05:02',NULL,3,'2020-11-11 23:37:23','2021-01-27 18:09:03',''),(191,'00033-0011',33,2,37,'','MMA',NULL,NULL,'',NULL,NULL,NULL,NULL,NULL,NULL,',','crzycrzy15@gmail.com','post','2020-11-12 16:21:13',NULL,3,'2020-11-12 00:51:33','2021-01-27 18:09:03',''),(192,'00033-0012',33,3,127,'','aaaaaaaa',NULL,NULL,'',NULL,NULL,NULL,NULL,NULL,NULL,'','crzycrzy15@gmail.com','post','2020-11-12 16:26:39',NULL,3,'2020-11-12 00:57:00','2021-01-27 18:09:03',''),(194,'00001-0062',1,4,127,'','Testing',NULL,'Testing','/,','Testing','Testing','Testing','Testing','Testing','Testing','','thuzar.ts92@gmail.com','post','2020-11-12 23:19:29',NULL,3,'2020-11-12 07:50:12','2021-01-27 18:09:03',''),(195,'00001-0063',1,4,37,'','Btn testing',NULL,'Btn testing','',NULL,NULL,NULL,NULL,NULL,NULL,'','thuzar.ts92@gmail.com','post','2020-11-12 23:21:10',NULL,3,'2020-11-12 07:51:26','2021-01-27 18:09:03',''),(196,'00001-0064',1,3,127,'','Testin',NULL,'Testin','',NULL,NULL,NULL,NULL,NULL,NULL,'','thuzar.ts92@gmail.com','post','2020-11-12 23:27:51',NULL,3,'2020-11-12 07:58:07','2021-01-27 18:09:03',''),(197,'00001-0065',1,3,127,'','aaa',NULL,NULL,'',NULL,NULL,NULL,NULL,NULL,NULL,'','thuzar.ts92@gmail.com','post','2020-11-12 23:28:28',NULL,3,'2020-11-12 07:58:38','2021-01-27 18:09:03',''),(198,'00031-0005',31,4,48,'','2020/11/13',NULL,'2020/11/13','','2020/11/13','2020/11/13','2020/11/13','2020/11/13','',' ','','n27w525@gmail.com','post','2020-11-13 12:38:22',NULL,3,'2020-11-12 21:09:30','2021-01-27 18:09:03',''),(199,'00024-0001',24,6,196,'','2020/11/13 mpm_third',NULL,NULL,'',NULL,NULL,NULL,NULL,NULL,NULL,'','mpm_third@outlook.jp','post','2020-11-13 13:12:35',NULL,3,'2020-11-12 21:43:11','2021-01-27 18:09:03',''),(200,'00031-0006',31,3,96,'','2020/11/13 ',NULL,NULL,'',NULL,NULL,NULL,NULL,NULL,NULL,'','n27w525@gmail.com','post','2020-11-13 13:54:40',NULL,3,'2020-11-12 22:25:00','2021-01-27 18:09:03',''),(201,'00038-0001',38,4,128,'','2020/11/13',NULL,NULL,'',NULL,NULL,NULL,NULL,NULL,NULL,'','mpm_first@outlook.jp','post','2020-11-13 14:08:39',NULL,3,'2020-11-12 22:38:57','2021-01-27 18:09:03',''),(202,'00031-0007',31,4,127,'','2020/11/14 n27w252',NULL,NULL,'/',NULL,NULL,NULL,NULL,NULL,NULL,'','n27w525@gmail.com','post','2020-11-14 13:46:51',NULL,3,'2020-11-13 22:17:23','2021-01-27 18:09:03',''),(203,'00026-0006',26,5,128,'','2020/11/25mpm_fourth',NULL,NULL,'/',NULL,NULL,NULL,NULL,NULL,NULL,'','mpm_fourth@outlook.jp','post','2020-11-14 13:47:33',NULL,3,'2020-11-13 22:18:03','2021-01-27 18:09:03',''),(204,'00001-0066',1,30,37,'','Testing',NULL,NULL,'',NULL,NULL,NULL,NULL,NULL,NULL,'','thuzar.ts92@gmail.com','post','2020-11-14 21:13:45',NULL,3,'2020-11-14 05:44:05','2021-01-27 18:09:03',''),(205,'00009-0008',9,3,127,'','content creator',NULL,NULL,'',NULL,NULL,NULL,NULL,NULL,NULL,',','waizin@management-partners.co.jp','post','2021-01-29 23:39:01',NULL,3,'2020-11-14 08:09:41','2021-01-05 00:09:42',''),(206,'00001-0067',1,2,163,'','20201115',NULL,'WEB ',',','WEB  EC  ','\n 40  30 \n\n\n :WEB  3 \n : \n\n\n','\n :2,000USDGross\n :  2 \n :  1 \n : \n : \n\n\n : \n : \n\n\n :9:00  18:00\n 1 \n : \n : ','20205\n ','',' WEB \n\n',',','thuzar.ts92@gmail.com','post','2020-11-15 12:31:57',NULL,3,'2020-11-14 21:05:00','2021-01-27 18:09:03',''),(207,'00007-0003',7,2,163,'','2020111520201115202011152020111520201115202011152020111520201115202011152020111520201115202011152020111520201115202011152020111520201115202011152020111520201115202011152020111520201115202011152020111520201115202011152020111520201115202011152020111520201115202011152020111520201115202011152020111520201115202011152020111520201115202011152020111520201115202011152020111520201115202011152020111520201115202011152020111520201115202011152020111520201115202011152020111520201115',NULL,'WEB WEB WEB WEB WEB WEB WEB WEB WEB WEB WEB WEB WEB WEB WEB WEB WEB WEB WEB WEB WEB WEB WEB WEB WEB WEB WEB WEB WEB WEB WEB WEB WEB WEB WEB WEB WEB WEB WEB WEB WEB WEB WEB WEB WEB WEB WEB WEB WEB WEB WEB WEB WEB WEB ','','WEB  EC  \nWEB  EC   \nWEB  EC  \nWEB  EC   WEB  EC  \nWEB  EC   WEB  EC  \nWEB  EC   WEB  EC  \nWEB  EC   WEB  EC  \nWEB  EC   WEB  EC  \nWEB  EC   WEB  EC  \nWEB  EC   WEB  EC  \nWEB  EC   WEB  EC  \nWEB  EC   WEB  EC  \nWEB  EC   WEB  EC  \nWEB  EC   WEB  EC  \nWEB  EC   WEB  EC  \nWEB  EC   WEB  EC  \nWEB  EC   WEB  EC  \nWEB  EC   WEB  EC  \nWEB  EC   WEB  EC  \nWEB  EC   WEB  EC  \nWEB  EC   WEB  EC  \nWEB  EC   WEB  EC  \nWEB  EC   WEB  EC  \nWEB  EC   WEB  EC  \nWEB  EC   WEB  EC  \nWEB  EC   WEB  EC  \nWEB  EC   WEB  EC  \nWEB  EC   WEB  EC  \nWEB  EC   WEB  EC  \nWEB  EC   WEB  EC  \nWEB  EC   WEB  EC  \nWEB  EC   WEB  EC  \nWEB  EC   WEB  EC  \nWEB  EC   WEB  EC  \nWEB  EC   WEB  EC  \nWEB  EC   WEB  EC  \nWEB  EC   WEB  EC  \nWEB  EC   WEB  EC  \nWEB  EC   WEB  EC  \nWEB  EC   WEB  EC  \nWEB  EC   WEB  EC  \nWEB  EC   WEB  EC  \nWEB  EC   WEB  EC  \nWEB  EC   WEB  EC  \nWEB  EC   WEB  EC  \nWEB  EC   WEB  EC  \nWEB  EC   WEB  EC  \nWEB  EC   WEB  EC  \nWEB  EC   WEB  EC  \nWEB  EC   ','\n 40  30 \n\n\n :WEB  3 \n : \n\n\n','\n :2,000USDGross\n :  2 \n :  1 \n : \n : \n\n\n : \n : \n\n\n :9:00  18:00\n 1 \n : \n : ','20215\n ','',' WEB \n\n ',',,,,','maythandaroo@management-partners.co.jp','post','2020-11-15 17:12:29',NULL,3,'2020-11-15 01:45:34','2021-01-27 18:09:03',''),(208,'00038-0002',38,2,128,'','2020/11/16',NULL,'WEB WEB WEB WEB WEB WEB WEB WEB WEB WEB WEB WEB WEB WEB WEB WEB ','/','WEB  EC  WEB  EC  WEB  EC  WEB  EC  WEB  EC  WEB  EC  WEB  EC  WEB  EC  WEB  EC  WEB  EC  WEB  EC  WEB  EC  WEB  EC  WEB  EC  WEB  EC  WEB  EC  ','\n 40  30 \n 40  30 \n 40  30 \n 40  30 \n 40  30 \n 40  30 \n 40  30 \n 40  30 \n 40  30 \n 40  30 \n 40  30 ',' :2,000USDGross\n :  2 \n :  1 \n : \n :  :2,000USDGross\n :  2 \n :  1 \n : \n :  :2,000USDGross\n :  2 \n :  1 \n : \n :  :2,000USDGross\n :  2 \n :  1 \n : \n :  :2,000USDGross\n :  2 \n :  1 \n : \n :  :2,000USDGross\n :  2 \n :  1 \n : \n :  :2,000USDGross\n :  2 \n :  1 \n : \n :  :2,000USDGross\n :  2 \n :  1 \n : \n :  :2,000USDGross\n :  2 \n :  1 \n : \n :  :2,000USDGross\n :  2 \n :  1 \n : \n :  :2,000USDGross\n :  2 \n :  1 \n : \n :  :2,000USDGross\n :  2 \n :  1 \n : \n :  :2,000USDGross\n :  2 \n :  1 \n : \n :  :2,000USDGross\n :  2 \n :  1 \n : \n :  :2,000USDGross\n :  2 \n :  1 \n : \n :  :2,000USDGross\n :  2 \n :  1 \n : \n :  :2,000USDGross\n :  2 \n :  1 \n : \n :  :2,000USDGross\n :  2 \n :  1 \n : \n :  :2,000USDGross\n :  2 \n :  1 \n : \n : ','20205\n 20205\n 20205\n 20205\n 20205\n 20205\n 20205\n 20205\n 20205\n 20205\n 20205\n ','','  WEB  \n \n    WEB  \n \n    WEB  \n \n    WEB  \n \n    WEB  \n \n    WEB  \n \n    WEB  \n \n    WEB  \n \n    WEB  \n \n    WEB  \n \n    WEB  \n \n    WEB  \n \n    WEB  \n \n    WEB  \n \n    WEB  \n \n    WEB  \n \n    WEB  \n \n    WEB  \n \n    WEB  \n \n    WEB  \n \n    WEB  \n \n    WEB  \n \n    WEB  \n \n ','','mpm_first@outlook.jp','post','2020-11-16 16:30:06',NULL,3,'2020-11-16 01:01:09','2021-01-27 18:09:03',''),(209,'00026-0007',26,4,96,'','2020/11/16 mpm_fourth ',NULL,'WEB \nWEB  WEB \nWEB  WEB \nWEB  WEB \nWEB  WEB \nWEB  WEB \nWEB  WEB \nWEB  WEB \nWEB  WEB \nWEB ','/','WEB  EC  \n    WEB  EC        WEB  EC  \n    WEB  EC        WEB  EC  \n    WEB  EC        WEB  EC  \n    WEB  EC        WEB  EC  \n    WEB  EC        WEB  EC  \n    WEB  EC        WEB  EC  \n    WEB  EC        WEB  EC  \n    WEB  EC        WEB  EC  \n    WEB  EC        WEB  EC  \n    WEB  EC        WEB  EC  \n    WEB  EC        WEB  EC  \n    WEB  EC        WEB  EC  \n    WEB  EC        WEB  EC  \n    WEB  EC        WEB  EC  \n    WEB  EC        WEB  EC  \n    WEB  EC        WEB  EC  \n    WEB  EC        WEB  EC  \n    WEB  EC        WEB  EC  \n    WEB  EC        WEB  EC  \n    WEB  EC        WEB  EC  \n    WEB  EC        WEB  EC  \n    WEB  EC        WEB  EC  \n    WEB  EC   ','()\n\n\n 40  30 \n\n\n :WEB  3 \n : \n\n\n ()\n\n\n 40  30 \n\n\n :WEB  3 \n : \n\n\n ()\n\n\n 40  30 \n\n\n :WEB  3 \n : \n\n\n ()\n\n\n 40  30 \n\n\n :WEB  3 \n : \n\n\n ()\n\n\n 40  30 \n\n\n :WEB  3 \n : \n\n\n ()\n\n\n 40  30 \n\n\n :WEB  3 \n : \n\n\n ()\n\n\n 40  30 \n\n\n :WEB  3 \n : \n\n\n ()\n\n\n 40  30 \n\n\n :WEB  3 \n : \n\n\n ()\n\n\n 40  30 \n\n\n :WEB  3 \n : \n\n\n ()\n\n\n 40  30 \n\n\n :WEB  3 \n : \n\n\n ()\n\n\n 40  30 \n\n\n :WEB  3 \n : \n\n\n ()\n\n\n 40  30 \n\n\n :WEB  3 \n : \n\n\n ()\n\n\n 40  30 \n\n\n :WEB  3 \n : \n\n\n ()\n\n\n 40  30 \n\n\n :WEB  3 \n : \n\n\n ()\n\n\n 40  30 \n\n\n :WEB  3 \n : \n\n\n','\n :2,000USDGross\n :  2 \n :  1 \n : \n : \n :2,000USDGross\n :  2 \n :  1 \n : \n : \n :2,000USDGross\n :  2 \n :  1 \n : \n : \n :2,000USDGross\n :  2 \n :  1 \n : \n : \n :2,000USDGross\n :  2 \n :  1 \n : \n : \n :2,000USDGross\n :  2 \n :  1 \n : \n : \n :2,000USDGross\n :  2 \n :  1 \n : \n : \n :2,000USDGross\n :  2 \n :  1 \n : \n : \n :2,000USDGross\n :  2 \n :  1 \n : \n : \n :2,000USDGross\n :  2 \n :  1 \n : \n : \n :2,000USDGross\n :  2 \n :  1 \n : \n : \n :2,000USDGross\n :  2 \n :  1 \n : \n : \n :2,000USDGross\n :  2 \n :  1 \n : \n : \n :2,000USDGross\n :  2 \n :  1 \n : \n : \n :2,000USDGross\n :  2 \n :  1 \n : \n : \n :2,000USDGross\n :  2 \n :  1 \n : \n : \n :2,000USDGross\n :  2 \n :  1 \n : \n : \n :2,000USDGross\n :  2 \n :  1 \n : \n : \n :2,000USDGross\n :  2 \n :  1 \n : \n : \n :2,000USDGross\n :  2 \n :  1 \n : \n : \n :2,000USDGross\n :  2 \n :  1 \n : \n : \n :2,000USDGross\n :  2 \n :  1 \n : \n : \n :2,000USDGross\n :  2 \n :  1 \n : \n : ','20205\n 20205\n 20205\n 20205\n 20205\n 20205\n 20205\n 20205\n 20205\n 20205\n 20205\n 20205\n 20205\n 20205\n 20205\n 20205\n 20205\n 20205\n ','','                                     ','','mpm_fourth@outlook.jp','post','2020-11-16 16:54:33',NULL,3,'2020-11-16 01:25:46','2021-01-27 18:09:03',''),(210,'00026-0008',26,7,96,'','2020/11/16',NULL,'WEB ','','WEB  EC  ','\n 40  30 ',' :2,000USDGross\n :  2 \n :  1 \n : \n : ',NULL,NULL,'  WEB  \n \n ','','mpm_fourth@outlook.jp','post','2020-11-16 18:36:08',NULL,3,'2020-11-16 03:06:43','2021-01-27 18:09:03',''),(211,'00026-0009',26,5,24,'','2020/11/16',NULL,'dasdsada',',',NULL,NULL,NULL,NULL,'gafsdg',NULL,'','mpm_fourth@outlook.jp','post','2020-11-16 18:36:49',NULL,3,'2020-11-16 03:07:09','2021-01-27 18:09:03',''),(212,'00039-0001',39,6,37,'','',NULL,'\n()\nWEB \nWEB \n  1 ',',,',' \n(\nWEB  EC  \nWEB  EC   ',' \n()\n\n 40  30 \n\n\n :WEB  3 \n : \n\n\n','\n()\n\n :2,000USDGross\n :  2 \n :  1 \n : \n : \n\n\n : \n : \n\n\n :9:00  18:00\n 1 \n : \n : ','\n()\n20205 \n ',' \n()\n',' \n()\n  WEB  \n \n ',',','myatwoon.sky@gmail.com','post','2020-11-16 20:19:27',NULL,3,'2020-11-16 04:50:56','2021-01-27 18:09:03',''),(213,'00033-0013',33,2,37,'','IMCA_AS',NULL,'\n\n\n4\n',',,/','\n\n\n\n\n\n\n11012035','WEB  3 ','\n :2,000USDGross\n :  2 \n :  1 \n : \n : \n\n\n : \n : \n\n\n :9:00  18:00\n 1 \n : \n : ','20205','','  WEB  ',',,','crzycrzy15@gmail.com','post','2020-11-17 13:31:50',NULL,3,'2020-11-16 22:02:16','2021-01-27 18:09:03',''),(214,'00007-0004',7,2,162,'','Operations Manager',NULL,'\nOperations Manager','','\n\n\n\n\n\nKPI\n\n\n\n\n\n\n\n\n\n\n\n\n\n\n*\n*','\n\n43BPO\n7\n\n\n\n\n = \n\n = \n\n = 202011 ','12,00015,000\n2/\n\n\n \nVISA\n\n:3,000PC \n:1\n\n\n15\n15\n3\n\n\n',NULL,'Gtower, Majorel Malaysia Sdn.Bhd.','\n\n\n',',,,,','maythandaroo@management-partners.co.jp','post','2020-11-18 10:07:28',NULL,3,'2020-11-17 18:40:35','2021-01-27 18:09:03',''),(215,'00026-0010',26,2,37,'','2020/11/18mpm_fourth',NULL,'WEB ','','WEB  EC   ','\n 40  30 ',' :2,000USDGross','20205\n ','','\n','','mpm_fourth@outlook.jp','post','2020-11-18 18:18:29',NULL,3,'2020-11-18 02:49:19','2021-01-27 18:09:03',''),(216,'00026-0011',26,3,202,'','2020/11/19 mpm_fourth',NULL,'WEB ','/,','WEB  EC  ','\n 40  30 ',' :2,000USDGross\n :  2 \n :  1 \n : ','20205\n ','','','','mpm_fourth@outlook.jp','post','2020-11-19 09:23:40',NULL,3,'2020-11-18 17:54:28','2021-01-27 18:09:03',''),(218,'00041-0001',41,6,96,'','2020/11/19mpm_third@outlook.jp',NULL,NULL,'',NULL,NULL,NULL,NULL,NULL,NULL,'','mpm_third@outlook.jp','post','2020-11-19 19:24:40',NULL,3,'2020-11-19 03:55:01','2021-01-27 18:09:03',''),(219,'00001-0068',1,29,97,'','',NULL,'','','1)\n2)\n3) \n4) \n5)\n6)','1)\n2)\n3)\n4)\n\n\n\n = ,\n\n = ','\nUp to S$3,500\n\n\n\n','202012','\n\n\n\n\n','WEB\n\n',',','thuzar.ts92@gmail.com','post','2020-11-19 20:50:40',NULL,3,'2020-11-19 05:25:43','2021-01-27 18:09:03',''),(220,'00001-0069',1,6,192,'','',NULL,'IT','','1\n2\n3\n4','1) \n2) \n3) \n4) \n\n\n\n\n\n = ,\n\n = ','\nUp to S$5,000 ()\n\n\nVB96',NULL,'','\n\n\n\n\n','','thuzar.ts92@gmail.com','post','2020-11-19 20:56:07',NULL,3,'2020-11-19 05:28:55','2021-01-27 18:09:03',''),(221,'00040-0001',40,3,129,'','',NULL,'','','1)\n2)\n3)\n4)\n5)','1)\n2)\n3)\n\n = ,\n\n = ','\nUp to S$3,000/ monthly\nUp to S$35/hour\n\n\n',NULL,'','\n\n\n\n\n','','myatwoon.sky@gmail.com','post','2020-11-19 21:21:53',NULL,3,'2020-11-19 05:53:47','2021-01-27 18:09:03',''),(222,'00026-0013',26,4,128,'','2020/11/20mpm_fourth@outlook.jp',NULL,NULL,'',NULL,NULL,NULL,NULL,NULL,'','','mpm_fourth@outlook.jp','post','2020-11-20 08:46:56',NULL,3,'2020-11-19 17:17:39','2021-01-27 18:09:03',''),(223,'00026-0014',26,3,127,'','2020/11/20mpm_fourth',NULL,'',',','','','','','','',',','mpm_fourth@outlook.jp','post','2020-11-20 08:48:59',NULL,3,'2020-11-19 17:19:26','2021-01-27 18:09:03',''),(224,'00001-0070',1,5,127,'','Chatting testing apply',NULL,'Chatting testing apply','',NULL,NULL,NULL,NULL,NULL,NULL,'','thuzar.ts92@gmail.com','post','2020-11-20 13:17:26',NULL,3,'2020-11-19 21:47:41','2021-01-27 18:09:03',''),(225,'00001-0071',1,4,127,'','Chatting testing scout',NULL,'Chatting testing scout','',NULL,NULL,NULL,NULL,NULL,NULL,'','thuzar.ts92@gmail.com','post','2020-11-20 13:17:56',NULL,3,'2020-11-19 21:48:17','2021-01-27 18:09:03',''),(226,'00007-0005',7,2,208,'','2020/11/21 ',NULL,'WEB \nWEB ',',,/,,,','WEB  EC  \nWEB  EC   ','\n 40  30 \n\n\n :WEB  3 \n : \n\n\n',' :2,000USDGross\n :  2 \n :  1 \n : \n : ','20205','','WEB',',,,,','maythandaroo@management-partners.co.jp','post','2020-11-21 12:49:42',NULL,3,'2020-11-20 21:21:13','2021-01-27 18:09:03',''),(228,'00038-0003',38,2,202,'','2020/11/21 mpm_first@outlook.jp',NULL,NULL,'',NULL,NULL,NULL,NULL,NULL,NULL,'','mpm_first@outlook.jp','post','2020-11-21 16:28:19',NULL,3,'2020-11-21 00:58:39','2021-01-27 18:09:03',''),(229,'00038-0004',38,2,37,'','2020/11/23mpm_first@outlook.jp',NULL,NULL,'',NULL,NULL,NULL,NULL,NULL,NULL,'','mpm_first@outlook.jp','post','2020-11-23 08:29:20',NULL,3,'2020-11-22 16:59:42','2021-01-27 18:09:03',''),(232,'00031-0008',31,2,156,'','2020/11/24n27w525@gmail.com',NULL,'','','','','','2021/1','','1600','','h_nishimura@management-partners.co.jp','post','2020-11-24 06:49:01',NULL,3,'2020-11-23 15:22:15','2021-01-27 18:09:03',''),(233,'00031-0009',31,2,200,'','2020/11/24 n27w525@gmail.com',NULL,'WEB ',',,','WEB  EC  ',' : ',' :2,000USDGross',' ','','WEB','','h_nishimura@management-partners.co.jp','post','2020-11-24 07:35:26',NULL,3,'2020-11-23 16:06:38','2021-01-27 18:09:03',''),(234,'00021-0008',21,20,208,'','2020/11/24 mpm_Second',NULL,'WEB \n  1 ','','WEB  EC   ','\n 40  30 ',' : \n : ','20205\n ','','','','mpm_second@outlook.jp','post','2020-11-24 07:49:11',NULL,3,'2020-11-23 16:20:16','2021-01-27 18:09:03',''),(235,'00021-0009',21,21,39,'','2020/11/24 mpm_Second',NULL,'WEB ',',',NULL,NULL,NULL,NULL,'',NULL,'','mpm_second@outlook.jp','post','2020-11-24 08:04:35',NULL,3,'2020-11-23 16:34:58','2021-01-27 18:09:03',''),(236,'00001-0072',1,4,37,'','test 57',NULL,NULL,'',NULL,NULL,NULL,NULL,NULL,NULL,'','thuzar.ts92@gmail.com','post','2020-11-24 14:57:39',NULL,3,'2020-11-23 23:28:02','2021-01-27 18:09:03',''),(237,'00001-0073',1,6,127,'','11/24 3:02 Job',NULL,'Testing chat time zone','',NULL,NULL,NULL,NULL,NULL,NULL,'','thuzar.ts92@gmail.com','post','2020-11-24 15:02:39',NULL,3,'2020-11-23 23:32:55','2021-01-27 18:09:03',''),(238,'00009-0009',9,5,96,'','',NULL,'WEB ','/,,,','\n(','\n()','\n :2,000USDGross\n :  2 \n :  1 \n : \n : ','\n()','\n()','\n()',',','waizinhtun.mdy@gmail.com','post','2020-11-24 21:04:05',NULL,3,'2020-11-24 05:34:52','2021-01-27 18:09:03',''),(239,'00043-0001',43,5,96,'','Manager mpm_fifth',NULL,NULL,'',NULL,NULL,NULL,NULL,NULL,NULL,'','mpm.third@gmail.com','post','2020-11-25 13:26:29',NULL,3,'2020-11-24 21:56:51','2021-01-27 18:09:03',''),(240,'00001-0074',1,3,37,'','Credit card duplicate test',NULL,'Credit card duplicate test','',NULL,NULL,NULL,NULL,NULL,NULL,'','thuzar.ts92@gmail.com','post','2020-11-25 16:21:56',NULL,3,'2020-11-25 00:52:16','2021-01-27 18:09:03',''),(241,'00001-0075',1,4,128,'','11_26 job',NULL,'11_26 job','',NULL,NULL,NULL,NULL,NULL,NULL,'','thuzar.ts92@gmail.com','post','2020-11-26 09:10:40',NULL,3,'2020-11-25 17:40:58','2021-01-27 18:09:03',''),(242,'00009-0010',9,6,128,'','11/26',NULL,'WEB ',',,/,','WEB  EC  ','\n :WEB  3 \n : ','\n :2,000USDGross\n :  2 \n :  1 \n : \n : ','20205','','WEB\n\n',',,,,','waizinhtun.mdy@gmail.com','post','2020-11-26 12:46:20',NULL,3,'2020-11-25 21:17:15','2021-01-27 18:09:03',''),(243,'00031-0010',31,5,37,'','2020/11/26 ',NULL,NULL,'',NULL,NULL,NULL,NULL,NULL,NULL,'','h_nishimura@management-partners.co.jp','post','2020-11-26 14:42:24',NULL,3,'2020-11-25 23:12:41','2021-01-27 18:09:03',''),(244,'00026-0015',26,3,127,'','',NULL,NULL,'',NULL,NULL,NULL,NULL,NULL,NULL,'','mpm_fourth@outlook.jp','post','2020-11-26 14:44:27',NULL,3,'2020-11-25 23:14:49','2021-01-27 18:09:03',''),(245,'00035-0002',35,4,37,'',' (send mail)',NULL,'\n()',',/,,','\n(','','','','\n()\n\n','\n()\n\nWEB\n\n',',,','yan.lynn1991@gmail.com','post','2020-12-01 12:23:06',NULL,3,'2020-11-30 20:54:06','2021-01-27 18:09:03',''),(246,'00035-0003',35,5,96,'',' send mail job',NULL,'\n()\n\n    WEB \n    WEB \n      1 ',',/,','\n(\n\n    WEB  EC  \n    WEB  EC   ','\n()\n\n\n 40  30 ','\n()\n\n\n :2,000USDGross','\n()','\n()','\n()',',','yan.lynn1991@gmail.com','post','2020-12-01 12:40:01',NULL,3,'2020-11-30 21:11:04','2021-01-27 18:09:03',''),(247,'00001-0076',1,6,97,'','Job decline from apply',NULL,' (Job decline from apply)','','  (Job decline from apply)',' (Job decline from apply)',' (Job decline from apply)',' (2020-12-31)',' (Job decline from apply)',' (Job decline from apply)',',','thuzar.ts92@gmail.com','post','2020-12-01 15:17:23',NULL,3,'2020-11-30 23:49:45','2021-01-27 18:09:03',''),(248,'00001-0077',1,5,127,'','Testing Application Address',NULL,'Testing Application Address','',NULL,NULL,NULL,NULL,NULL,NULL,'','myatwoon.sky@gmail.com','post','2020-12-02 09:19:31',NULL,3,'2020-12-01 17:49:58','2021-01-27 18:09:03',''),(249,'00031-0011',31,6,128,'','2020/12/3 ',NULL,NULL,'',NULL,NULL,NULL,NULL,NULL,NULL,'','mpm_first@outlook.jp','post','2020-12-03 14:22:37',NULL,3,'2020-12-02 22:53:31','2021-01-27 18:09:03',''),(250,'00001-0078',1,3,96,'','WEB  EC   WEB  EC    WEB  EC  \nWEB  EC    WEB  EC  \nWEB  EC   ',NULL,'WEB  EC   WEB  EC    WEB  EC  \nWEB  EC    WEB  EC  \nWEB  EC   ','',NULL,NULL,NULL,NULL,NULL,NULL,'','thuzar.ts92@gmail.com','post','2020-12-04 14:57:46',NULL,3,'2020-12-03 23:28:14','2021-01-27 18:09:03',''),(251,'00026-0016',26,2,202,'','2020/12/5',NULL,NULL,'',NULL,NULL,NULL,NULL,NULL,NULL,'','mpm_fourth@outlook.jp','post','2020-12-05 10:52:50',NULL,3,'2020-12-04 19:23:08','2021-01-27 18:09:03',''),(252,'00001-0079',1,3,37,'','Scout Decline Email Job',NULL,'Scout Decline Email Job','','WEB  EC  ','\n 40  30 ',' :2,000USDGross\n :  2 \n :  1 \n : \n : ','20205','','WEB',',','thuzar.ts92@gmail.com','post','2020-12-07 15:25:43',NULL,3,'2020-12-06 23:56:53','2021-01-27 18:09:03',''),(253,'00026-0017',26,2,37,'','2020/12/7 00026',NULL,NULL,'',NULL,NULL,NULL,NULL,NULL,NULL,'','mpm_fourth@outlook.jp','post','2020-12-07 16:26:48',NULL,3,'2020-12-07 00:57:10','2021-01-27 18:09:03',''),(254,'00026-0018',26,4,96,'','2020/12/7 00026',NULL,'',',',NULL,NULL,NULL,NULL,'',NULL,'','mpm_fourth@outlook.jp','post','2020-12-07 16:27:14',NULL,3,'2020-12-07 00:57:34','2021-01-27 18:09:03',''),(255,'00001-0080',1,4,96,'','Testing Message',NULL,'Testing Message','',NULL,NULL,NULL,NULL,NULL,NULL,'','thuzar.ts92@gmail.com','post','2020-12-08 09:33:59',NULL,3,'2020-12-07 18:04:16','2021-01-27 18:09:03',''),(256,'00001-0081',1,4,127,'','Scout message',NULL,'Scout message','',NULL,NULL,NULL,NULL,NULL,NULL,'','thuzar.ts92@gmail.com','post','2020-12-08 09:34:59',NULL,3,'2020-12-07 18:05:12','2021-01-27 18:09:03',''),(257,'00009-0011',9,6,200,'','12/8',NULL,NULL,'',NULL,NULL,NULL,NULL,NULL,NULL,'','waizinhtun.mdy@gmail.com','post','2020-12-08 15:19:39',NULL,3,'2020-12-07 23:50:02','2021-01-27 18:09:03',''),(258,'00009-0012',9,9,200,'','12/8 1',NULL,NULL,'',NULL,NULL,NULL,NULL,NULL,NULL,'','waizinhtun.mdy@gmail.com','post','2020-12-08 15:20:43',NULL,3,'2020-12-07 23:51:02','2021-01-27 18:09:03',''),(259,'00009-0013',9,9,37,'','12/10 payment',NULL,NULL,'',NULL,NULL,NULL,NULL,NULL,NULL,'','waizinhtun.mdy@gmail.com','post','2020-12-10 09:29:42',NULL,3,'2020-12-09 17:59:55','2021-01-27 18:09:03',''),(260,'00009-0014',9,5,200,'','12/10 1',NULL,NULL,'',NULL,NULL,NULL,NULL,NULL,NULL,'','waizinhtun.mdy@gmail.com','post','2020-12-10 09:50:42',NULL,3,'2020-12-09 18:20:57','2021-01-27 18:09:03',''),(261,'00001-0082',1,3,127,'','Thuzar Testing',NULL,'Thuzar Testing',',',NULL,NULL,NULL,NULL,NULL,NULL,'','thuzar.ts92@gmail.com','post','2020-12-10 10:42:03',NULL,3,'2020-12-09 19:12:27','2021-01-27 18:09:03',''),(262,'00001-0083',1,3,37,'','Tokyo Time',NULL,'Tokyo Time',',,/',NULL,NULL,NULL,NULL,NULL,NULL,'','thuzar.ts92@gmail.com','post','2020-12-11 05:11:57',NULL,3,'2020-12-10 20:12:30','2021-01-27 18:09:03',''),(264,'00001-0085',1,6,96,'','Scout testing',NULL,'Scout testing',',,/',NULL,NULL,NULL,NULL,NULL,NULL,',,','thuzar.ts92@gmail.com','post','2020-12-11 07:37:39',NULL,3,'2020-12-10 22:39:37','2021-01-27 18:09:03',''),(265,'00001-0086',1,4,128,'','Apply testing (time testing)',NULL,'Apply testing (time testing)','/,,,',NULL,NULL,NULL,NULL,NULL,NULL,',,','thuzar.ts92@gmail.com','post','2020-12-12 13:01:01',NULL,3,'2020-12-10 22:43:33','2021-01-27 18:09:03',''),(266,'00021-0010',21,5,127,'','2020/12/15 AM',NULL,NULL,'',NULL,NULL,NULL,NULL,NULL,NULL,'','mpm_second@outlook.jp','post','2020-12-15 03:43:56',NULL,3,'2020-12-14 18:44:12','2021-01-27 18:09:03',''),(267,'00001-0087',1,5,127,'','Testing scout payment',NULL,'Testing scout payment',',',NULL,NULL,NULL,NULL,NULL,NULL,',','thuzar.ts92@gmail.com','post','2020-12-15 03:55:12',NULL,3,'2020-12-14 18:55:31','2021-01-27 18:09:03',''),(268,'00026-0019',26,5,128,'','2020/12/22 09:25',NULL,NULL,'',NULL,NULL,NULL,NULL,NULL,NULL,'','mpm_fourth@outlook.jp','post','2020-12-22 02:53:53',NULL,3,'2020-12-21 17:54:11','2021-01-27 18:09:03',''),(269,'00031-0012',31,8,96,'','2020/12/22 09:50',NULL,NULL,'',NULL,NULL,NULL,NULL,NULL,NULL,'','h_nishimura@management-partners.co.jp','post','2020-12-22 03:18:53',NULL,3,'2020-12-21 18:19:11','2021-01-27 18:09:03',''),(270,'00001-0088',1,7,127,'','Test 12-22-20',NULL,'Test 12-22-20','',NULL,NULL,NULL,NULL,NULL,NULL,'','thuzar.ts92@gmail.com','post','2020-12-22 05:42:32',NULL,3,'2020-12-21 20:42:56','2021-01-27 18:09:03',''),(271,'00001-0089',1,6,37,'','Apply test 12-22-2020',NULL,'Apply test 12-22-2020','',NULL,NULL,NULL,NULL,NULL,NULL,',','thuzar.ts92@gmail.com','post','2020-12-22 05:45:28',NULL,3,'2020-12-21 20:45:48','2021-01-27 18:09:03',''),(272,'00001-0090',1,6,96,'','New apply',NULL,'New apply','',NULL,NULL,NULL,NULL,NULL,NULL,',','thuzar.ts92@gmail.com','post','2020-12-22 05:48:47',NULL,3,'2020-12-21 20:49:05','2021-01-27 18:09:03',''),(273,'00053-0001',53,2,37,'','New Job testing',NULL,NULL,'',NULL,NULL,NULL,NULL,NULL,NULL,'','myatwoon.sky@gmail.com','post','2020-12-30 05:09:12',NULL,1,'2020-12-29 20:09:40','2020-12-30 01:41:39',''),(274,'00062-0001',62,3,200,'','Job Create',NULL,'testingtestingtestingtesting testingtesting',',,/,','testingtestingtestingtesting testingtesting','testingtestingtestingtesting testingtesting','testingtestingtestingtesting testingtesting','testingtestingtestingtesting testingtesting','testingtestingtestingtesting testingtesting','testingtestingtestingtesting testingtesting',',,','yanlynn2021@gmail.com','post','2020-12-30 07:21:24',NULL,1,'2020-12-29 22:22:46','2021-01-05 01:17:22',''),(279,'00053-0004',53,2,37,'','New Job testing (admin edit)',NULL,NULL,'',NULL,NULL,NULL,NULL,NULL,NULL,'','myatwoon.sky@gmail.com','post','2020-12-30 05:09:12',NULL,1,'2021-01-05 01:16:38','2021-01-05 01:16:38',''),(280,'00001-0091',1,6,96,'','New apply testing title New apply testing title New apply testing title New apply testing title',NULL,'New apply testing title New apply testing title New apply testing title New apply testing title','',NULL,NULL,NULL,NULL,NULL,NULL,',','thuzar.ts92@gmail.com','post','2020-12-22 05:48:47',NULL,3,'2021-01-06 23:13:33','2021-01-27 18:09:03',''),(281,'00007-0006',7,2,1,'','2021/01/07 WEB ',NULL,'WEB ',',','WEB  EC  ','\n 40  30 ','\n :2,000USDGross\n :  2 \n :  1 \n : \n : \n\n\n : \n : \n\n\n :9:00  18:00\n 1 \n : \n : ','20205\n ','','WEB\n\n','','maythandaroo@management-partners.co.jp','post','2021-01-07 10:18:29',NULL,1,'2021-01-07 01:20:23','2021-01-07 01:20:23',''),(283,'00026-0020',26,7,130,'','202001102',NULL,'','','','','','','','','','mpm_fourth@outlook.jp','post','2021-01-10 07:16:29',NULL,1,'2021-01-09 22:18:45','2021-01-09 22:21:27',''),(284,'00026-0021',26,4,96,'','20200110 13:13',NULL,NULL,'','WEB  EC  \nWEB  EC   ','\n 40  30 \n\n\n :WEB  3 \n : \n\n\n','\n :2,000USDGross\n :  2 \n :  1 \n : \n : \n\n\n : \n : \n\n\n :9:00  18:00\n 1 \n : \n : ',')\n20205 \n ','','WEB\n\n',',','mpm_fourth@outlook.jp','post','2021-01-10 08:43:37',NULL,1,'2021-01-09 23:45:50','2021-01-09 23:45:50',''),(285,'00031-0013',31,3,127,'','20200110 16:15',NULL,NULL,'',NULL,NULL,NULL,NULL,NULL,NULL,'','h_nishimura@management-partners.co.jp','post','2021-01-10 09:46:56',NULL,1,'2021-01-10 00:47:34','2021-01-10 00:47:34',''),(286,'00031-0014',31,11,97,'','20200110 16:30',NULL,'','',NULL,NULL,NULL,NULL,'',NULL,'','h_nishimura@management-partners.co.jp','post','2021-01-10 10:02:35',NULL,1,'2021-01-10 01:03:11','2021-01-10 01:04:28',''),(287,'00031-0015',31,12,172,'','20200110 16:45',NULL,'','','EB  EC  \nWEB  EC   ','\n 40  30 \n\n\n :WEB  3 \n : \n\n\n','\n :2,000USDGross\n :  2 \n :  1 \n : \n : \n\n\n : \n : \n\n\n :9:00  18:00\n 1 \n : \n : ','20205 \n ','','WEB\n\n','','h_nishimura@management-partners.co.jp','post','2021-01-10 10:13:35',NULL,1,'2021-01-10 01:15:25','2021-01-10 01:16:21',''),(288,'00026-0022',26,22,119,'','20200110 1710',NULL,'WEB ','',NULL,NULL,NULL,NULL,'innfo',NULL,'','mpm_fourth@outlook.jp','post','2021-01-10 10:40:53',NULL,1,'2021-01-10 01:42:05','2021-01-10 01:42:05',''),(289,'00026-0023',26,23,98,'','20210110 1712',NULL,'','',NULL,NULL,NULL,NULL,'dokoka',NULL,'','mpm_fourth@outlook.jp','post','2021-01-10 10:42:19',NULL,1,'2021-01-10 01:43:16','2021-01-10 01:43:16',''),(290,'00031-0016',31,5,96,'','20200110 17:25',NULL,'WEB ','','WEB  EC  ','\n 40  30 ','\n :2,000USDGross\n :  2 \n :  1 \n : \n : ','20205\n ','','','','h_nishimura@management-partners.co.jp','post','2021-01-10 10:53:32',NULL,1,'2021-01-10 01:54:34','2021-01-10 01:54:34',''),(291,'00026-0024',26,6,97,'','20210110 1730',NULL,'','',NULL,NULL,NULL,NULL,'',NULL,'','mpm_fourth@outlook.jp','post','2021-01-10 10:57:21',NULL,1,'2021-01-10 01:58:24','2021-01-22 22:02:51',''),(292,'00031-0017',31,24,129,'','20210110 1735',NULL,'hhh','',NULL,NULL,NULL,NULL,'ikkkkji',NULL,'','h_nishimura@management-partners.co.jp','post','2021-01-10 11:04:05',NULL,1,'2021-01-10 02:04:48','2021-01-10 02:04:48',''),(293,'00026-0025',26,8,195,'','20210121 1355',NULL,'Gggg','','Rrr',NULL,NULL,NULL,'Uuuu',NULL,'','mpm_fourth@outlook.jp','post','2021-01-11 07:25:27',NULL,1,'2021-01-10 22:26:08','2021-01-10 22:26:36',''),(294,'00026-0026',26,11,98,'','20210111 1430',NULL,'Bosh position','','',NULL,NULL,NULL,'Kinmuchi shosai','','','mpm_fourth@outlook.jp','post','2021-01-11 07:59:59',NULL,1,'2021-01-10 23:02:18','2021-01-10 23:21:44',''),(295,'00065-0001',65,8,97,'','2021011 1500 a',NULL,'','',NULL,NULL,NULL,NULL,'',NULL,'','mpm.third@gmail.com','post','2021-01-11 08:32:52',NULL,1,'2021-01-10 23:33:45','2021-01-10 23:33:45',''),(296,'00065-0002',65,5,97,'','20210111 1500 b',NULL,'','',NULL,NULL,NULL,NULL,'',NULL,'','mpm.third@gmail.com','post','2021-01-11 08:33:53',NULL,1,'2021-01-10 23:34:52','2021-01-10 23:34:52',''),(297,'00031-0018',31,7,195,'','20210111 1505',NULL,'','',NULL,NULL,NULL,NULL,'',NULL,',','h_nishimura@management-partners.co.jp','post','2021-01-11 08:37:54',NULL,1,'2021-01-10 23:42:11','2021-01-10 23:42:39',''),(298,'00043-0002',43,6,200,'','20210111 1550',NULL,'WEB ','',NULL,NULL,NULL,NULL,'',NULL,'','mpm.third@gmail.com','post','2021-01-11 09:18:43',NULL,1,'2021-01-11 00:19:19','2021-01-11 00:22:03',''),(299,'00001-0092',1,2,200,'','2021/11/1 ',NULL,'WEB ','','WEB  EC  ','\n 40  30 \n\n\n :WEB  3 \n : \n\n\n','\n :2,000USDGross\n :  2 \n :  1 \n : \n : \n\n\n : \n : \n\n\n :9:00  18:00\n 1 \n : \n : ','20205\n ','','WEB\n','','thuzar.ts92@gmail.com','post','2021-01-11 09:21:34',NULL,1,'2021-01-11 00:23:05','2021-01-11 00:23:38',''),(300,'00026-0027',26,4,96,'','20210111 15:55',NULL,'WEB ','',NULL,NULL,NULL,NULL,'',NULL,'','mpm_fourth@outlook.jp','post','2021-01-11 09:23:25',NULL,1,'2021-01-11 00:23:52','2021-01-11 00:23:52',''),(301,'00053-0005',53,4,127,'','Test',NULL,'Test','/,',NULL,NULL,NULL,NULL,'Test address',NULL,',','myatwoon.sky@gmail.com','post','2021-01-12 09:03:06',NULL,1,'2021-01-12 00:03:24','2021-01-12 00:04:19',''),(302,'00001-0093',1,5,37,'','Payment testing',NULL,'Payment testing','/,',NULL,NULL,NULL,NULL,NULL,NULL,'','thuzar.ts92@gmail.com','post','2021-01-12 09:11:05',NULL,1,'2021-01-12 00:11:20','2021-01-12 00:11:20',''),(303,'00001-0094',1,3,37,'','Test scout',NULL,'Test scout',',,/,,,',NULL,NULL,NULL,NULL,NULL,NULL,'','thuzar.ts92@gmail.com','post','2021-01-14 03:46:39',NULL,1,'2021-01-13 18:46:47','2021-01-15 00:31:19',''),(304,'00001-0095',1,4,127,'','Test apply ',NULL,'Test apply',',',NULL,NULL,NULL,NULL,NULL,NULL,',','thuzar.ts92@gmail.com','post','2021-01-14 07:14:30',NULL,1,'2021-01-13 22:14:55','2021-01-13 22:14:55',''),(305,'00001-0096',1,3,127,'','New test',NULL,'New test','',NULL,NULL,NULL,NULL,NULL,NULL,'','thuzar.ts92@gmail.com','post','2021-01-14 07:37:59',NULL,1,'2021-01-13 22:38:10','2021-01-13 22:38:10',''),(306,'00009-0015',9,6,128,'',' 114 1',NULL,NULL,'',NULL,NULL,NULL,NULL,NULL,NULL,'','waizinhtun.mdy@gmail.com','post','2021-01-14 08:13:50','2021-01-25 04:00:46',1,'2021-01-13 23:14:18','2021-01-24 19:00:46',''),(307,'00007-0007',7,2,127,'','20210115WEB  (edit)',NULL,'WEB \nWEB \n  1 ','','WEB  EC  \nWEB  EC   ','\n 40  30 \n\n\n :WEB  3 \n : \n\n\n','\n :2,000USDGross\n :  2 \n :  1 \n : \n : \n\n\n : \n : \n\n\n :9:00  18:00\n 1 \n : \n : ','20205\n ','','WEB\n\n','','maythandaroo@management-partners.co.jp','post','2021-01-15 04:24:32',NULL,1,'2021-01-14 19:26:11','2021-01-15 00:07:24',''),(308,'00001-0097',1,4,37,'','Testing',NULL,NULL,',,/,,,',NULL,NULL,NULL,NULL,NULL,NULL,'','thuzar.ts92@gmail.com','post','2021-01-15 09:31:32',NULL,1,'2021-01-15 00:31:46','2021-01-15 00:54:03',''),(309,'00009-0016',9,6,128,'',' 115',NULL,NULL,'',NULL,NULL,NULL,NULL,NULL,NULL,'','waizinhtun.mdy@gmail.com','draft','2021-01-15 11:01:16',NULL,1,'2021-01-15 02:01:29','2021-01-15 02:01:37',''),(310,'00001-0098',1,2,37,'','Job title (18-01-2021)',NULL,'Job occupation (18-01-2021)',',','WEB  EC  ','\n 40  30 \n :WEB  3 \n : ',' :2,000USDGross\n :  2 \n :  1 \n : \n : ','20215',' (18-01-2021)','WEB\n','','thuzar.ts92@gmail.com','post','2021-01-18 03:45:08',NULL,1,'2021-01-17 18:46:58','2021-01-17 18:46:58',''),(311,'00001-0099',1,8,195,'','Job to scout (18-01-2021)',NULL,'Job to scout occupation (18-01-2021)',',','WEB  EC   ','',' : \n : ','20213','','\n','','thuzar.ts92@gmail.com','post','2021-01-18 03:47:02',NULL,1,'2021-01-17 18:48:13','2021-01-17 18:48:13',''),(312,'00001-0100',1,6,128,'','Job Apply (18-01-2021)',NULL,'Job Apply occupation (18-01-2021)',',','WEB  EC  ',' :WEB  3 \n : ',' :  1 \n : \n : ','20215','','WEB\n\n','','thuzar.ts92@gmail.com','post','2021-01-18 04:16:46',NULL,2,'2021-01-17 19:17:49','2021-01-18 17:27:57',''),(313,'00001-0101',1,5,127,'','To test Scout Decline 18-01-2021',NULL,'To test Scout Decline occupation 18-01-2021','/,','WEB  EC  ',' :WEB  3 \n : ',' :  1 ','20215','','WEB','','thuzar.ts92@gmail.com','post','2021-01-18 04:42:58',NULL,3,'2021-01-17 19:44:04','2021-01-18 17:26:17',''),(314,'00026-0028',26,6,96,'','2021/1/19 0545',NULL,'','','',NULL,NULL,NULL,'',NULL,'','mpm_fourth@outlook.jp','post','2021-01-18 23:17:36',NULL,1,'2021-01-18 14:18:43','2021-01-18 14:18:43',''),(315,'00026-0029',26,2,37,'','2021/1/19 0550',NULL,'','','',NULL,NULL,NULL,'',NULL,'','mpm_fourth@outlook.jp','post','2021-01-18 23:18:50',NULL,1,'2021-01-18 14:19:45','2021-01-18 14:19:45',''),(316,'00026-0030',26,4,127,'','Yu test',NULL,NULL,'',NULL,NULL,NULL,NULL,NULL,NULL,'','mpm_fourth@outlook.jp','post','2021-01-18 23:53:05',NULL,1,'2021-01-18 14:53:25','2021-01-18 14:53:25',''),(317,'00001-0102',1,3,127,'','New jobs (20-01-2021)',NULL,'testing',',','aaaaa','aaa','aaa','aaa','aaa','aaa',',','thuzar.ts92@gmail.com','post','2021-01-20 09:45:14',NULL,1,'2021-01-20 01:01:22','2021-01-20 01:01:22',''),(318,'00001-0103',1,4,127,'','aaaaa edit',NULL,'aaaaa','/,','aaaa','aaaa','aaaa','aaa','aaa','aaa','','thuzar.ts92@gmail.com','post','2021-01-20 10:03:37','2021-01-22 11:12:35',1,'2021-01-20 01:03:53','2021-01-22 02:12:35',''),(319,'00066-0001',66,3,37,'','WEB ',NULL,'WEB \nWEB \n  1 ','','WEB  EC  \nWEB  EC   ','\n 40  30 \n\n\n :WEB  3 \n : \n\n\n','\n :2,000USDGross\n :  2 \n :  1 \n : \n : \n\n\n : \n : \n\n\n :9:00  18:00\n 1 \n : \n : ','20215','','WEB\n\n',',','mayforever2006@gmail.com','post','2021-01-20 10:02:58',NULL,1,'2021-01-20 01:03:58','2021-01-20 01:03:58',''),(320,'00066-0002',66,2,37,'','WEB ',NULL,'WEB \nWEB \n  1 ',',','WEB  EC  \nWEB  EC   ',NULL,NULL,NULL,NULL,NULL,',','mayforever2006@gmail.com','post','2021-01-20 10:19:38',NULL,1,'2021-01-20 01:20:00','2021-01-20 01:20:00',''),(321,'00001-0104',1,8,97,'','Job offer for Flutter (edit 22-01-2021)',NULL,'Flutter Developer','/,,,,,','Flutter ','Flutter ','Flutter ','Flutter ','Flutter ','Flutter ','','thuzar.ts92@gmail.com','post','2021-01-21 03:10:30','2021-01-22 09:28:14',3,'2021-01-20 18:12:20','2021-01-23 01:12:29',''),(322,'00012-0001',12,4,75,'','Frontend developer',NULL,NULL,'/,,,,,',NULL,NULL,NULL,NULL,NULL,NULL,',','monelay.flower@gmail.com','post','2021-01-22 02:28:13',NULL,3,'2021-01-21 17:28:48','2021-01-21 17:28:57',''),(324,'00026-0031',26,5,97,'','',NULL,NULL,'',NULL,NULL,NULL,NULL,NULL,NULL,'','mpm_fourth@outlook.jp','post','2021-01-23 07:09:19',NULL,1,'2021-01-22 22:09:34','2021-01-22 22:09:34',''),(325,'00001-0105',1,2,37,'','PHP Developer (Title)',NULL,'PHP Developer','','WEB  EC  ','\n 40  30 ',' :2,000USDGross','20205\n ','','WEB','','thuzar.ts92@gmail.com','post','2021-01-25 03:06:28',NULL,1,'2021-01-24 18:07:59','2021-01-24 18:07:59',''),(326,'00001-0106',1,2,37,'','Flutter Developer (Title)',NULL,'Flutter Developer','/,','WEB  EC  ','\n 40  30 ',' : \n : ','20205\n ','','WEB','','thuzar.ts92@gmail.com','post','2021-01-25 03:08:04',NULL,1,'2021-01-24 18:09:13','2021-01-24 18:09:13','');
/*!40000 ALTER TABLE `jobs` ENABLE KEYS */;
UNLOCK TABLES;

--
-- Table structure for table `jobseeker_languages`
--

DROP TABLE IF EXISTS `jobseeker_languages`;
/*!40101 SET @saved_cs_client     = @@character_set_client */;
/*!40101 SET character_set_client = utf8 */;
CREATE TABLE `jobseeker_languages` (
  `id` bigint(20) unsigned NOT NULL AUTO_INCREMENT,
  `jobseeker_id` bigint(20) unsigned NOT NULL,
  `language_id` varchar(191) COLLATE utf8mb4_unicode_ci DEFAULT NULL,
  `language_level` varchar(191) COLLATE utf8mb4_unicode_ci DEFAULT NULL,
  `created_at` timestamp NULL DEFAULT NULL,
  `updated_at` timestamp NULL DEFAULT NULL,
  PRIMARY KEY (`id`)
) ENGINE=InnoDB AUTO_INCREMENT=35 DEFAULT CHARSET=utf8mb4 COLLATE=utf8mb4_unicode_ci;
/*!40101 SET character_set_client = @saved_cs_client */;

--
-- Dumping data for table `jobseeker_languages`
--

LOCK TABLES `jobseeker_languages` WRITE;
/*!40000 ALTER TABLE `jobseeker_languages` DISABLE KEYS */;
INSERT INTO `jobseeker_languages` VALUES (2,20,'7','','2020-09-22 00:47:18','2020-09-22 00:50:26'),(3,20,'2','','2020-09-22 00:52:46','2020-09-22 00:52:46'),(4,22,'2','','2020-10-01 22:28:33','2020-10-04 17:37:24'),(5,21,'2','','2020-10-03 01:16:39','2020-10-03 01:16:39'),(6,23,'1','','2020-10-04 23:56:20','2020-10-26 01:19:09'),(8,1,'12','','2020-10-08 18:36:07','2020-12-17 19:39:28'),(9,1,'21','','2020-10-08 18:36:07','2020-12-18 00:48:42'),(10,1,'16','','2020-10-08 18:36:07','2020-12-18 00:48:42'),(11,21,'7','','2020-10-08 18:54:05','2020-10-08 18:54:05'),(12,3,'2','','2020-10-08 19:00:11','2020-10-21 23:53:39'),(13,3,'2','','2020-10-08 19:00:11','2020-10-21 23:53:39'),(14,23,'2','','2020-10-14 20:19:45','2020-10-26 01:15:29'),(15,24,'26','','2020-10-26 21:51:06','2020-12-25 02:24:37'),(19,38,'2','','2020-11-05 18:14:16','2020-11-16 22:05:19'),(20,38,'2','','2020-11-05 18:14:16','2020-11-16 22:05:19'),(22,44,'12',NULL,'2020-12-17 17:36:27','2020-12-23 18:07:11'),(23,44,'12','','2020-12-17 17:42:30','2020-12-23 18:07:11'),(24,53,'2','','2020-12-18 00:44:44','2020-12-18 00:46:14'),(25,53,'7',NULL,'2020-12-18 00:45:08','2020-12-18 00:46:14'),(28,49,'8','','2021-01-10 21:45:54','2021-01-23 23:16:04'),(30,74,'20','','2021-01-22 00:16:40','2021-01-22 00:16:40'),(31,78,'18','','2021-01-26 22:10:57','2021-01-26 22:11:27');
/*!40000 ALTER TABLE `jobseeker_languages` ENABLE KEYS */;
UNLOCK TABLES;

--
-- Table structure for table `jobseekers`
--

DROP TABLE IF EXISTS `jobseekers`;
/*!40101 SET @saved_cs_client     = @@character_set_client */;
/*!40101 SET character_set_client = utf8 */;
CREATE TABLE `jobseekers` (
  `id` int(10) unsigned NOT NULL AUTO_INCREMENT,
  `user_id` bigint(20) unsigned NOT NULL,
  `jobseeker_number` varchar(10) COLLATE utf8mb4_unicode_ci DEFAULT NULL,
  `country_id` bigint(20) unsigned DEFAULT NULL,
  `jobseeker_name` varchar(191) COLLATE utf8mb4_unicode_ci NOT NULL,
  `jobseeker_furigana_name` varchar(191) COLLATE utf8mb4_unicode_ci NOT NULL,
  `jobseeker_nick_name` varchar(191) COLLATE utf8mb4_unicode_ci DEFAULT NULL,
  `face_image` varchar(191) COLLATE utf8mb4_unicode_ci DEFAULT NULL,
  `face_image_private_status` tinyint(1) DEFAULT NULL,
  `dob` varchar(191) COLLATE utf8mb4_unicode_ci DEFAULT NULL,
  `address` text COLLATE utf8mb4_unicode_ci,
  `phone` varchar(50) COLLATE utf8mb4_unicode_ci NOT NULL,
  `email` varchar(50) COLLATE utf8mb4_unicode_ci NOT NULL,
  `gender` varchar(20) COLLATE utf8mb4_unicode_ci DEFAULT NULL,
  `skype_account` varchar(100) COLLATE utf8mb4_unicode_ci DEFAULT NULL,
  `video` varchar(100) COLLATE utf8mb4_unicode_ci DEFAULT NULL,
  `final_education` varchar(255) COLLATE utf8mb4_unicode_ci DEFAULT NULL,
  `current_situation` varchar(255) COLLATE utf8mb4_unicode_ci DEFAULT NULL,
  `num_of_experienced_companies` int(11) DEFAULT '0',
  `last_currency` varchar(100) COLLATE utf8mb4_unicode_ci DEFAULT NULL,
  `last_annual_income` varchar(255) COLLATE utf8mb4_unicode_ci DEFAULT NULL,
  `self_pr` text COLLATE utf8mb4_unicode_ci,
  `job_change_reason` varchar(255) COLLATE utf8mb4_unicode_ci DEFAULT NULL,
  `job_search_activity` varchar(255) COLLATE utf8mb4_unicode_ci DEFAULT NULL,
  `main_fact_when_change` varchar(255) COLLATE utf8mb4_unicode_ci DEFAULT NULL,
  `desired_change_period` varchar(255) COLLATE utf8mb4_unicode_ci DEFAULT NULL,
  `desired_location_1` int(11) DEFAULT '0',
  `desired_location_2` int(11) DEFAULT '0',
  `desired_location_3` int(11) DEFAULT '0',
  `desired_industry_status` tinyint(1) DEFAULT NULL,
  `desired_industry_id` int(11) DEFAULT '0',
  `desired_occupation_status` tinyint(1) DEFAULT NULL,
  `desired_occupation_id` int(11) DEFAULT '0',
  `desired_salary_status` tinyint(1) DEFAULT NULL,
  `desired_currency` varchar(191) COLLATE utf8mb4_unicode_ci DEFAULT NULL,
  `desired_min_annual_income` varchar(191) COLLATE utf8mb4_unicode_ci DEFAULT NULL,
  `desired_max_annual_income` varchar(191) COLLATE utf8mb4_unicode_ci DEFAULT NULL,
  `scout_setting_status` tinyint(1) NOT NULL DEFAULT '0',
  `visa_status` tinyint(1) DEFAULT NULL,
  `visa_country` varchar(50) COLLATE utf8mb4_unicode_ci DEFAULT NULL,
  `toeic_score` varchar(50) COLLATE utf8mb4_unicode_ci DEFAULT NULL,
  `other_language_certificate` text COLLATE utf8mb4_unicode_ci,
  `other_certificate` text COLLATE utf8mb4_unicode_ci,
  `favourite_job_ids` varchar(191) COLLATE utf8mb4_unicode_ci DEFAULT NULL,
  `recently_job_ids` varchar(191) COLLATE utf8mb4_unicode_ci DEFAULT NULL,
  `record_status` int(11) NOT NULL DEFAULT '1',
  `created_at` timestamp NULL DEFAULT NULL,
  `updated_at` timestamp NULL DEFAULT NULL,
  `jobseeker_furigana_name_status` tinyint(1) NOT NULL DEFAULT '1',
  `gender_status` tinyint(1) NOT NULL DEFAULT '1',
  `dob_status` tinyint(1) NOT NULL DEFAULT '1',
  `current_address_status` tinyint(1) NOT NULL DEFAULT '1',
  `only_country` tinyint(1) DEFAULT '0',
  PRIMARY KEY (`id`)
) ENGINE=InnoDB AUTO_INCREMENT=79 DEFAULT CHARSET=utf8mb4 COLLATE=utf8mb4_unicode_ci;
/*!40101 SET character_set_client = @saved_cs_client */;

--
-- Dumping data for table `jobseekers`
--

LOCK TABLES `jobseekers` WRITE;
/*!40000 ALTER TABLE `jobseekers` DISABLE KEYS */;
INSERT INTO `jobseekers` VALUES (1,3,'0000001',254,'Jobseeker TestingJobseeker TestingJobseeker TestingJobseeker TestingJobseeker TestingJobseeker TestingJobseeker TestingJobseeker Testing','','Thuzar','52c1f17648ba514f451031a828d584e9.jpg',1,'1992-01-17','Yangon Testing','09123456789','jobseeker@gmail.com','','Skype Testing','https://www.youtube.com/watch?v=o02ddq5_yMA','','',0,'EUR','100000','Testing PR\nPR\n\nSusandy\n\n\nThuzar','','','','202106(8)',1,208,73,0,14,0,9,0,'RUB','1500','2000',1,0,NULL,NULL,NULL,NULL,'','324,320,326,321,316,319',1,'2020-07-17 02:42:59','2021-01-26 17:07:54',1,1,1,1,0),(2,5,'0000002',138,'Jobseeker new','','','',0,NULL,NULL,'09999999999999','myatwoon.sky@gmail.com','','','','','',0,'','','','','','','',1,0,0,0,0,0,2,0,'','','',0,0,'','','','',NULL,NULL,3,'2020-07-20 22:09:18','2020-11-17 18:59:00',1,1,1,1,0),(3,6,'0000003',138,'Thuzar Testing','','Su San','554f65542d9aab018c8c80930ff9110a.png',1,'2020-07-29',NULL,'09999999999999','susandiaung565@gmail.com','','I',NULL,'','',0,NULL,NULL,NULL,NULL,NULL,NULL,NULL,54,200,172,0,11,0,3,0,NULL,'500000',NULL,1,0,NULL,NULL,NULL,NULL,'101,116','212,112,116,103,',1,'2020-07-27 02:44:14','2020-11-16 21:32:20',1,1,1,1,0),(4,7,'0000004',1,'Zinko','','','',0,'2020-07-30','','09999999999999','hero2012.zk@gmail.com','','','','','',0,'','','','','','','',1,0,0,0,0,0,4,0,'','','',0,0,'','','','',NULL,NULL,1,'2020-07-27 21:55:42','2020-07-28 02:52:07',1,1,1,1,0),(5,9,'0000005',1,'Zinko','','','',0,'2020-08-03','','09999999999999','hero2012.zk@gmail.com','','','','','',0,'','','','','','','',1,0,0,0,0,0,5,0,'','','',0,0,'','','','',NULL,NULL,1,'2020-08-06 00:56:57','2020-08-11 02:39:50',1,1,1,1,0),(9,13,'0000009',30,'Thuzar','','','',0,'2020-08-07','','09999999999999','customer3@gmail.com','','','','','',0,'','','','','','','',1,0,0,0,0,0,0,0,'','','',0,0,'','','','',NULL,NULL,1,'2020-08-12 00:28:12','2020-08-12 00:28:12',1,1,1,1,0),(10,14,'0000010',32,'Thuzar TS','',NULL,'7b7efe967b2136c11112209f13bb0492.png',0,'2020-08-19','','09999999999999','thuzar.ts92@gmail.com','','',NULL,'','',0,'','',NULL,NULL,NULL,NULL,NULL,NULL,NULL,NULL,0,0,0,0,0,NULL,NULL,NULL,0,0,'','','','',NULL,NULL,1,'2020-08-12 03:54:04','2020-12-14 18:12:17',1,1,1,1,0),(11,15,'0000011',1,'Job Seeker','','Thuzar','52c1f17648ba514f451031a828d584e9.jpg',1,'0000-00-00','Yangon','09123456789','jobseeker@gmail.com','','Skype','https://www.youtube.com/watch?v=ktnOsnWut4o&list=RDktnOsnWut4o&start_radio=1','','',5,'$','','Testing PR\r\nPR','','','','',1,0,0,0,0,0,1,0,'','','',0,0,'','','','',',6,7,4,3,8',NULL,1,'2020-07-17 02:42:59','2020-08-13 00:50:11',1,1,1,1,0),(12,16,'0000012',1,'Job Seeker','','Thuzar','52c1f17648ba514f451031a828d584e9.jpg',1,'0000-00-00','Yangon','09123456789','jobseeker@gmail.com','','Skype','https://www.youtube.com/watch?v=ktnOsnWut4o&list=RDktnOsnWut4o&start_radio=1','','',5,'$','','Testing PR\r\nPR','','','','',1,0,0,0,0,0,1,0,'','','',0,0,'','','','',',6,7,4,3,8',NULL,1,'2020-07-17 02:42:59','2020-08-13 00:50:11',1,1,1,1,0),(13,17,'0000013',1,'Job Seeker','','Thuzar','52c1f17648ba514f451031a828d584e9.jpg',1,'0000-00-00','Yangon','09123456789','jobseeker@gmail.com','','Skype','https://www.youtube.com/watch?v=ktnOsnWut4o&list=RDktnOsnWut4o&start_radio=1','','',5,'$','','Testing PR\r\nPR','','','','',1,0,0,0,0,0,1,0,'','','',0,0,'','','','',',6,7,4,3,8',NULL,1,'2020-07-17 02:42:59','2020-08-13 00:50:11',1,1,1,1,0),(14,18,'0000014',141,'Thuzar','','','',0,'2020-08-06','','09999999999999','jobseeker5@gmail.com','','','','','',0,'','','','','','','',1,0,0,0,0,0,0,0,'','','',0,0,'','','','',NULL,NULL,1,'2020-08-16 21:23:21','2020-08-16 21:23:21',1,1,1,1,0),(15,19,'0000015',121,'Jobseeker Test','',NULL,'',0,'2020-08-20','','09999999999999','myatwoon.sky@gmail.com','','','https://www.youtube.com/watch?v=wdHeiVf0mds','','',0,'','',NULL,'','','','',1,0,0,0,0,0,0,0,'','','',0,0,'','','','',NULL,NULL,1,'2020-08-20 01:46:28','2020-12-14 18:10:30',1,1,1,1,0),(16,21,'0000016',125,'Myo Ko','','MKK','d77ee1da910be5bdae9c72b961d41741.jpg',0,'1994-01-01','','080525255555','myokoko@management-partners.co.jp','','',NULL,'','',0,'','',NULL,'','','','',1,0,0,0,0,0,0,0,'','','',0,0,'','','','',NULL,NULL,3,'2020-08-21 03:09:46','2020-10-08 19:58:40',1,1,1,1,0),(17,22,'0000017',30,'Waizin','','','',0,'2020-08-05','','09999999999999','myatwoon.sky@gmail.com','','','','','',0,'','','','','','','',1,0,0,0,0,0,0,0,'','','',0,0,'','','','',NULL,NULL,0,'2020-08-24 21:26:14','2020-08-31 21:43:33',1,1,1,1,0),(18,23,'0000018',39,'Lucky7','','','',0,'2020-08-24','','09999999999999','lucky7@gmail.com','','','','','',0,'','','','','','','',1,0,0,0,0,0,0,0,'','','',0,0,'','','','',NULL,NULL,1,'2020-08-30 19:39:20','2020-09-09 22:15:27',1,1,1,1,0),(19,24,'0000019',202,'yan','',NULL,NULL,0,'2020-09-23',NULL,'123123123123','yan.lynn1991@gmail.com',NULL,NULL,NULL,NULL,NULL,0,NULL,NULL,NULL,NULL,NULL,NULL,NULL,1,0,0,0,0,0,0,0,NULL,NULL,NULL,1,0,NULL,NULL,NULL,NULL,NULL,NULL,3,'2020-09-20 23:23:11','2020-11-11 21:39:33',1,1,1,1,0),(20,25,'0000020',163,'zinkomyint','',NULL,NULL,0,'1994-01-11',NULL,'0944445555','hero2012.zk@gmail.com','','kozin',NULL,'','',120,'US','10,000',NULL,'','',NULL,NULL,1,0,0,0,8,0,2,0,'US','10,000','25,000',1,0,NULL,NULL,NULL,NULL,'70,81,82,17',NULL,1,'2020-09-21 01:10:09','2020-09-22 01:16:10',1,1,1,1,0),(21,26,'0000021',166,'','','mtdo','53ffdf7d26825510f9983857920925e7.jpg',1,'2020-09-16',NULL,'0749423246','maythandaroo@management-partners.co.jp',NULL,NULL,'https://www.youtube.com/watch?v=hOOOs9BwH68',NULL,NULL,2,'US','2000','SE5SESE333','','','','202012(1)',201,200,208,1,8,1,2,0,'','300','600',1,1,'208',NULL,NULL,NULL,'','307,206,121,80,100,',1,'2020-09-22 18:35:00','2021-01-26 19:21:23',1,1,1,1,0),(22,27,'0000022',163,'zinkomyint','','zkm nickname','7dd8d79715d0f35c1b831ebaec308591.jpg',0,'1994-01-11','','097777777777','crzycrzy13@gmail.com','','kozin','https://www.youtube.com/watch?v=ktnOsnWut4o&list=RDktnOsnWut4o&start_radio=1','','',120,'US','20,000','my pr','','','','202107(9)',1,0,0,0,1,0,2,0,'US','20,000','20,000',1,0,NULL,NULL,NULL,NULL,'',NULL,1,'2020-09-22 18:35:52','2020-11-05 22:59:58',1,1,1,1,0),(23,31,'0000023',163,'zinko','','ANA','20496c16e778edb5f3f6d16ba5455174.JPG',0,'1994-01-11',NULL,'+95888-888-88','zinko@management-partners.co.jp','','zk_skype','https://www.youtube.com/watch?v=bjFvcFjJpE0','','',139,'US','12,020',NULL,'','','','202105(7)',208,163,117,0,1,0,2,0,'US','20,000','20,000',1,1,'208',NULL,NULL,NULL,'','112,87,96,116,93,94',1,'2020-10-04 20:21:39','2020-10-27 19:57:21',1,1,1,1,0),(24,35,'0000024',38,'1','','','56592520f8d2d7c5ddedccfec8c4340c.jpg',1,'33111','dasda','0906003604811113333','mpm_fourth@outlook.jp','','likedasda','https://www.youtube.com/watch?v=pV4rcDt8L2g','','',12011111,'USD','','1',NULL,'','','202112(12)',202,37,127,0,0,0,0,0,'RUB','111','11111',1,0,NULL,'1200','ewq','eqw','281','325,281,270,292,290,289',1,'2020-10-12 00:51:03','2021-01-26 17:10:55',0,0,0,0,0),(25,36,'0000025',NULL,'waizin mpm','','Grace Htun','',1,'date of birth',NULL,'232323','waizinmpm@outlook.com',NULL,NULL,'https://www.youtube.com/watch?v=CrCSro0D3VY',NULL,NULL,0,'EUR',NULL,'waizinmpm',NULL,NULL,NULL,NULL,96,40,57,0,0,0,0,0,'RUB','ssss',NULL,1,0,NULL,NULL,NULL,NULL,'','320,306,287,294,260,259',1,'2020-10-13 09:15:17','2021-01-22 01:31:36',1,1,1,1,1),(26,41,'0000026',37,'Yan Lynn Aung','',NULL,NULL,0,'2020-10-08',NULL,'123123123123','yanlynn@management-partners.co.jp',NULL,NULL,NULL,NULL,NULL,0,NULL,NULL,NULL,NULL,NULL,NULL,NULL,NULL,NULL,NULL,0,0,0,0,0,NULL,NULL,NULL,1,0,NULL,NULL,NULL,NULL,NULL,NULL,3,'2020-10-19 18:46:35','2020-10-23 00:12:45',1,1,1,1,0),(27,42,'0000027',0,'myatwoon.sky','','Thuzar Test Photo','fe892fb5d1cc4b9275cf4657196411d1.png',1,'1923-05-05',NULL,'22222222222222','myatwoon.sky@gmail.com',NULL,NULL,NULL,NULL,NULL,0,NULL,NULL,NULL,NULL,NULL,NULL,NULL,NULL,NULL,NULL,0,0,0,0,0,NULL,NULL,NULL,1,0,NULL,NULL,NULL,NULL,'','104,85,100,',3,'2020-10-20 21:56:43','2020-10-23 00:19:08',1,1,1,1,0),(28,46,'0000028',0,'Su Sandy','',NULL,NULL,0,NULL,NULL,'3333333333','susan@gmail.com',NULL,NULL,NULL,NULL,NULL,0,NULL,NULL,NULL,NULL,NULL,NULL,NULL,NULL,NULL,NULL,0,0,0,0,0,NULL,NULL,NULL,1,0,NULL,NULL,NULL,NULL,NULL,NULL,3,'2020-10-22 17:03:52','2020-10-23 00:12:32',1,1,1,1,0),(29,47,'0000029',0,'Su San','',NULL,NULL,0,NULL,NULL,'1111111111','yan.lynn1991@gmal.com',NULL,NULL,NULL,NULL,NULL,0,NULL,NULL,NULL,NULL,NULL,NULL,NULL,NULL,NULL,NULL,0,0,0,0,0,NULL,NULL,NULL,1,0,NULL,NULL,NULL,NULL,NULL,NULL,3,'2020-10-22 17:08:45','2020-10-22 18:14:40',1,1,1,1,0),(30,48,'0000030',202,'test','',NULL,NULL,0,'2020-10-13',NULL,'12342342342','yan.yla@gmail.com',NULL,NULL,NULL,NULL,NULL,0,NULL,NULL,NULL,NULL,NULL,NULL,NULL,NULL,NULL,NULL,0,0,0,0,0,NULL,NULL,NULL,1,0,NULL,NULL,NULL,NULL,NULL,NULL,3,'2020-10-22 17:55:03','2020-11-11 21:46:17',1,1,1,1,0),(31,49,'0000031',0,'Thuzar','',NULL,NULL,0,NULL,NULL,'22222222222222','thuzar@gmail.com',NULL,NULL,NULL,NULL,NULL,0,NULL,NULL,NULL,NULL,NULL,NULL,NULL,NULL,NULL,NULL,0,0,0,0,0,NULL,NULL,NULL,1,0,NULL,NULL,NULL,NULL,NULL,NULL,3,'2020-10-22 18:11:39','2020-11-17 19:19:31',1,1,1,1,0),(32,53,'0000032',128,'test','',NULL,NULL,0,'2020-10-21',NULL,'234234234243','yan.lynn1991@gmail.com',NULL,NULL,NULL,NULL,NULL,0,NULL,NULL,NULL,NULL,NULL,NULL,NULL,NULL,NULL,NULL,0,0,0,0,0,NULL,NULL,NULL,1,0,NULL,NULL,NULL,NULL,NULL,NULL,3,'2020-10-22 23:47:47','2020-10-23 00:13:31',1,1,1,1,0),(33,55,'0000033',127,'yan','',NULL,NULL,0,'2020-10-28',NULL,'4564623243','yan.lynn1991@gmail.com',NULL,NULL,NULL,NULL,NULL,0,NULL,NULL,NULL,NULL,NULL,NULL,NULL,NULL,NULL,NULL,0,0,0,0,0,NULL,NULL,NULL,1,0,NULL,NULL,NULL,NULL,NULL,NULL,1,'2020-10-23 00:17:10','2020-10-23 00:17:10',1,1,1,1,0),(34,57,'0000034',166,'Yan','',NULL,NULL,0,'2020-10-27',NULL,'345455545445','yanlynn@management-partners.co.jp',NULL,NULL,NULL,NULL,NULL,0,NULL,NULL,NULL,NULL,NULL,NULL,NULL,NULL,NULL,NULL,0,0,0,0,0,NULL,NULL,NULL,1,0,NULL,NULL,NULL,NULL,NULL,NULL,1,'2020-10-23 00:21:37','2020-10-23 00:21:37',1,1,1,1,0),(35,63,'0000035T',97,'mpm_fifth','',NULL,'b91309d3ce9d04af602d0c1abeee402f.png',0,'2020-11-12',NULL,'+810000000','mp.mp.devl@gmail.com',NULL,NULL,NULL,NULL,NULL,0,NULL,NULL,'',NULL,NULL,NULL,NULL,NULL,NULL,NULL,0,0,0,0,0,NULL,NULL,NULL,1,0,NULL,NULL,NULL,NULL,NULL,NULL,3,'2020-11-03 05:57:42','2021-01-09 21:04:55',1,1,1,1,0),(36,66,'0000036',NULL,'Email myatwoon.sky','',NULL,'7ddadf0a6a72d531b3625e13acbea9ca.png',1,NULL,NULL,'+811111111','myatwoon.sky@gmail.com',NULL,'2ig6MT97jZhj4l8g','https://youtu.be/207X6DTY4LY',NULL,NULL,0,NULL,NULL,NULL,NULL,NULL,NULL,NULL,NULL,NULL,NULL,0,0,1,0,0,NULL,NULL,NULL,1,1,NULL,NULL,NULL,NULL,'','321,318,317,316,311,313',1,'2020-11-04 01:41:32','2021-01-27 16:32:40',1,1,1,1,1),(37,70,'0000037',163,'kozinko','',NULL,NULL,0,NULL,NULL,'+95 420-111-555','crzycrzy88@gmail.com',NULL,NULL,NULL,NULL,NULL,0,NULL,NULL,NULL,NULL,NULL,NULL,NULL,NULL,NULL,NULL,0,0,0,0,0,NULL,NULL,NULL,1,0,NULL,NULL,NULL,NULL,NULL,NULL,1,'2020-11-05 17:31:49','2020-11-05 17:31:49',1,1,1,1,0),(38,71,'0000038',163,'zinkomyint_JS','','ZKM','fba49d644b51c009ce62e3d65f936757.JPG',1,NULL,NULL,'+95 454-449-888','crzycrzy99@gmail.com','',NULL,NULL,NULL,NULL,3,'EUR','4,000$',NULL,'','','','202111(12)',163,208,113,0,0,0,0,0,NULL,'2000$','4000$',1,0,NULL,NULL,NULL,NULL,'','212,210,192,191,189,180',1,'2020-11-05 18:00:13','2020-11-16 21:42:37',1,1,1,1,0),(39,76,'0000039',0,'Nishimura','',NULL,NULL,0,NULL,NULL,'09999999999999','h_nishimura@management-partners.co.jp',NULL,NULL,NULL,NULL,NULL,0,NULL,NULL,NULL,NULL,NULL,NULL,NULL,NULL,NULL,NULL,0,0,0,0,0,NULL,NULL,NULL,1,0,NULL,NULL,NULL,NULL,NULL,NULL,1,'2020-11-09 16:56:07','2020-11-09 16:56:07',1,1,1,1,0),(40,77,'0000040',0,'Kyi Kyi Win','',NULL,NULL,0,NULL,NULL,'09999999999999','kyikyiwin1963@gmail.com',NULL,NULL,NULL,NULL,NULL,0,NULL,NULL,NULL,NULL,NULL,NULL,NULL,NULL,NULL,NULL,0,0,0,0,0,NULL,NULL,NULL,1,0,NULL,NULL,NULL,NULL,NULL,NULL,3,'2020-11-09 23:23:53','2020-11-10 01:01:10',1,1,1,1,0),(41,78,'0000041',0,'Kyi Kyi Win','',NULL,'825b73f05c3f8b556b2c71503336f799.jpg',0,NULL,NULL,'09999999999999','kyikyiwin1963@gmail.com','',NULL,'https://www.youtube.com/watch?v=a0ZOUi0oCNw',')','',10,'JPY','500','\n\n\n\n\n\n120','','','','202111(12)',200,201,208,0,0,0,0,0,'JPY','500','700',1,0,NULL,NULL,NULL,NULL,'','320,319,316,206,',1,'2020-11-10 01:01:41','2021-01-20 01:20:24',1,1,1,1,0),(42,79,'0000042',0,'Thuzar','',NULL,'443f3e09093866777b7b817f29ba521a.png',1,NULL,NULL,'09999999999999','kyikyiwin@gmail.com',NULL,NULL,'https://www.youtube.com/watch?v=SWd5b5_aYEc',NULL,NULL,10,'EUR','3000','PRPRPRPRPRPRPRPRPR',NULL,NULL,NULL,NULL,NULL,NULL,NULL,0,0,0,0,0,NULL,NULL,NULL,0,0,NULL,NULL,NULL,NULL,'214','204,215,213,206,',1,'2020-11-10 01:06:24','2020-11-18 22:30:57',1,1,1,1,0),(43,81,'0000043T',0,'Thuzar','',NULL,NULL,0,NULL,NULL,'09999999999999','testingthandar@gmail.com',NULL,NULL,NULL,NULL,NULL,0,NULL,NULL,NULL,NULL,NULL,NULL,NULL,NULL,NULL,NULL,0,0,0,0,0,NULL,NULL,NULL,0,0,NULL,NULL,NULL,NULL,NULL,NULL,3,'2020-11-11 00:15:05','2020-11-17 19:34:00',1,1,1,1,0),(44,82,'0000044T',52,'Thuzar JS','',NULL,'50c9769dc580c8fa1783c5592b334dec.jpg',1,'1992-01-17',NULL,'09999999999999','thuzar.ts92@gmail.com',NULL,NULL,'https://www.youtube.com/watch?v=ktnOsnWut4o&list=RDktnOsnWut4o&start_radio=1',NULL,NULL,0,'EUR','500','Testing PR','','','','202109(10)',66,NULL,77,0,0,0,0,0,NULL,NULL,NULL,1,0,NULL,NULL,NULL,NULL,NULL,NULL,3,'2020-11-11 17:34:10','2021-01-26 17:44:23',1,1,1,1,1),(45,83,'0000045',37,'Jobseeker Yan.yla','',NULL,NULL,0,'2020',NULL,'2342342424432424','yan.yla@gmail.com',NULL,NULL,NULL,NULL,NULL,0,NULL,NULL,NULL,NULL,NULL,NULL,NULL,NULL,NULL,NULL,0,0,0,0,0,NULL,NULL,NULL,0,0,NULL,NULL,NULL,NULL,'','177,176,',1,'2020-11-11 21:48:13','2020-11-11 22:05:00',1,1,1,1,0),(46,84,'0000046',0,'Christ','',NULL,'52ed88c15550d6a11b6759d528d764a4.jpg',1,NULL,NULL,'09999999999999','christhan1990@gmail.com',NULL,NULL,NULL,NULL,NULL,0,NULL,NULL,NULL,NULL,NULL,NULL,NULL,NULL,NULL,NULL,0,0,0,0,0,NULL,NULL,NULL,1,0,NULL,NULL,NULL,NULL,'',NULL,3,'2020-11-11 22:12:41','2020-11-17 18:56:41',1,1,1,1,0),(47,85,'0000047',0,'zinkomyint ( jobseeker )','',NULL,NULL,0,NULL,NULL,'+95 333+3333-32','crzycrzy16@gmail.com',NULL,NULL,NULL,NULL,NULL,0,NULL,NULL,NULL,NULL,NULL,NULL,NULL,NULL,NULL,NULL,0,0,0,0,0,NULL,NULL,NULL,0,0,NULL,NULL,NULL,NULL,NULL,NULL,1,'2020-11-12 00:12:19','2020-11-12 00:12:19',1,1,1,1,0),(48,86,'0000048',129,'zinkomyint','',NULL,'d68793016215922f2c6549e8a2707ffd.jpg',1,NULL,NULL,'+95 44-449-888','crzycrzy17@gmail.com','',NULL,NULL,'','',0,NULL,NULL,NULL,NULL,NULL,NULL,NULL,NULL,NULL,NULL,0,0,0,0,0,NULL,NULL,NULL,1,0,NULL,NULL,NULL,NULL,'','177,',1,'2020-11-12 01:11:56','2020-11-19 18:15:23',1,1,1,1,0),(49,87,'0000049',NULL,'mpm_fifth@outlook.jp','',NULL,'6ec5527722a361b1586ba2b731430c69.jpg',1,'Ffff','Fffff','09060036048','mpm_first@outlook.jp','',NULL,'https://www.youtube.com/watch?v=SdB_VZOXE9U','','',NULL,'RUB',NULL,'PR','','','','202109(8)',96,127,195,0,0,0,0,0,'AFN','dasda','dasda',1,1,'183','Ggg','Fff','Ddd','286,285','324,300,297,296,295,291',1,'2020-11-12 22:31:49','2021-01-26 16:31:42',1,0,0,1,1),(50,89,'0000050',127,'mp.mp.dev@gmail.com','',NULL,NULL,0,NULL,NULL,'09000000000','mp.mp.dev@gmail.com',NULL,NULL,NULL,NULL,NULL,NULL,NULL,NULL,NULL,NULL,NULL,NULL,NULL,NULL,NULL,NULL,0,0,0,0,0,NULL,NULL,NULL,0,0,NULL,NULL,NULL,NULL,NULL,NULL,1,'2020-11-13 21:29:23','2020-11-13 21:29:23',1,1,1,1,0),(51,90,'0000051T',0,'mpm.zero@gmail.com','',NULL,NULL,0,NULL,NULL,'+81369113025','mpm.zero@gmail.com',NULL,NULL,NULL,NULL,NULL,NULL,NULL,NULL,NULL,NULL,NULL,NULL,NULL,NULL,NULL,NULL,0,0,0,0,0,NULL,NULL,NULL,0,0,NULL,NULL,NULL,NULL,NULL,NULL,3,'2020-11-13 21:49:55','2021-01-09 21:10:04',1,1,1,1,0),(52,94,'0000052',38,'mpm_second@outlook.jp','',NULL,NULL,0,'33',NULL,'+819060036049','mpm_second@outlook.jp',NULL,NULL,NULL,NULL,NULL,NULL,'AZN','123',NULL,NULL,NULL,NULL,NULL,NULL,NULL,NULL,0,0,0,0,0,'RUB','12321','312313',0,0,NULL,NULL,NULL,NULL,'','175,',1,'2020-11-19 03:16:48','2020-12-25 03:41:35',1,1,1,1,0),(53,97,'0000053',208,'send mail jobseeker','',NULL,'3a72bd36346faccc24705aacb5235f5e.jpg',0,'2020',NULL,'123123123','yanlynn2021@gmail.com',NULL,NULL,NULL,NULL,NULL,NULL,NULL,NULL,NULL,NULL,NULL,NULL,NULL,NULL,200,207,0,0,0,0,0,NULL,NULL,NULL,1,0,NULL,NULL,NULL,NULL,'','245,',1,'2020-11-30 20:51:10','2020-12-18 00:46:34',1,1,1,1,1),(54,98,'0000054',0,'eimohmohaung.ei@gmail.com','',NULL,NULL,0,'213123',NULL,'+959423709078','eimohmohaung.ei@gmail.com',NULL,NULL,NULL,NULL,NULL,NULL,NULL,NULL,NULL,NULL,NULL,NULL,NULL,NULL,NULL,NULL,0,0,0,0,0,NULL,NULL,NULL,0,0,NULL,NULL,NULL,NULL,NULL,NULL,1,'2020-12-01 18:31:34','2020-12-01 18:31:34',1,1,1,1,0),(55,100,'0000055',0,'Gg','',NULL,NULL,0,NULL,NULL,'11111111','dd@gmail.com',NULL,NULL,NULL,NULL,NULL,NULL,NULL,NULL,NULL,NULL,NULL,NULL,NULL,NULL,NULL,NULL,0,0,0,0,0,NULL,NULL,NULL,0,0,NULL,NULL,NULL,NULL,NULL,NULL,1,'2020-12-03 23:26:49','2020-12-03 23:26:49',1,1,1,1,0),(56,101,'0000056',NULL,'zinko','',NULL,'6f58cb366a5b6dbd708704da9328ffbd.jpg',1,'1994/01/01',NULL,'+9544449888','crzycrzy15@gmail.com',NULL,NULL,'https://www.youtube.com/watch?v=vLgdmMekdIE',NULL,NULL,NULL,NULL,NULL,NULL,NULL,NULL,NULL,NULL,NULL,NULL,NULL,0,0,0,0,0,NULL,NULL,NULL,0,0,NULL,NULL,NULL,NULL,NULL,NULL,1,'2020-12-06 23:48:42','2021-01-22 00:08:43',1,1,1,1,1),(58,104,'0000058',0,'mpm_fifth@outlook.jp','',NULL,NULL,0,NULL,NULL,'090890077','mpm_fifth@outlook.jp',NULL,NULL,NULL,NULL,NULL,NULL,NULL,NULL,NULL,NULL,NULL,NULL,NULL,NULL,NULL,NULL,0,0,0,0,0,NULL,NULL,NULL,0,0,NULL,NULL,NULL,NULL,NULL,NULL,1,'2020-12-07 19:55:36','2020-12-07 19:55:36',1,1,1,1,0),(59,105,'0000059',128,'mpm.third@gmail.com','',NULL,NULL,0,'',NULL,'+81369113025','mpm.third@gmail.com',NULL,NULL,NULL,NULL,NULL,NULL,NULL,NULL,NULL,NULL,NULL,NULL,NULL,NULL,NULL,NULL,0,0,0,0,0,NULL,NULL,NULL,0,0,NULL,NULL,NULL,NULL,NULL,NULL,1,'2020-12-07 20:08:08','2020-12-07 20:08:08',1,1,1,1,0),(60,113,NULL,0,'mpm.second@gmail.com','',NULL,NULL,0,NULL,NULL,'09060036048','mpm.second@gmail.com',NULL,NULL,NULL,NULL,NULL,NULL,NULL,NULL,NULL,NULL,NULL,NULL,NULL,NULL,NULL,NULL,0,0,0,0,0,NULL,NULL,NULL,0,0,NULL,NULL,NULL,NULL,NULL,NULL,1,'2020-12-11 01:39:56','2020-12-11 01:39:56',1,1,1,1,0),(61,114,'0000057',NULL,'waizin conquerorpts.mdy@gmail.com','',NULL,'1d0d57d7e7461e638982be90a764c05b.jpg',0,NULL,NULL,'05099889998','conquerorpts.mdy@gmail.com',NULL,NULL,NULL,NULL,NULL,NULL,NULL,NULL,'grace',NULL,NULL,NULL,NULL,202,127,128,0,0,0,0,0,NULL,NULL,NULL,0,0,NULL,NULL,NULL,NULL,NULL,'320,',1,'2020-12-14 23:51:43','2021-01-22 01:30:56',1,1,1,1,1),(62,116,NULL,163,'Thuzar only country','',NULL,NULL,0,NULL,NULL,'09999999999999','onlycountry@gmail.com',NULL,NULL,NULL,NULL,NULL,NULL,NULL,NULL,NULL,NULL,NULL,NULL,NULL,NULL,NULL,NULL,0,0,0,0,0,NULL,NULL,NULL,0,0,NULL,NULL,NULL,NULL,NULL,NULL,1,'2020-12-20 22:47:31','2020-12-20 22:47:31',1,1,1,1,0),(63,117,NULL,26,'Only Country','',NULL,NULL,0,NULL,NULL,'09999999999999','countryonly@gmail.com',NULL,NULL,NULL,NULL,NULL,NULL,NULL,NULL,NULL,NULL,NULL,NULL,NULL,NULL,NULL,NULL,0,0,0,0,0,NULL,NULL,NULL,0,0,NULL,NULL,NULL,NULL,NULL,NULL,1,'2020-12-20 22:54:24','2020-12-20 22:54:24',1,1,1,1,1),(64,119,NULL,202,'','',NULL,NULL,0,NULL,NULL,'09950866470','management-partner@gmail.com',NULL,NULL,NULL,NULL,NULL,NULL,NULL,NULL,NULL,NULL,NULL,NULL,NULL,NULL,NULL,NULL,0,0,0,0,0,NULL,NULL,NULL,0,0,NULL,NULL,NULL,NULL,NULL,NULL,1,'2020-12-20 23:27:11','2020-12-20 23:27:11',1,1,1,1,0),(65,120,NULL,202,'','',NULL,NULL,0,NULL,NULL,'09950866470','ssda@gmail.com',NULL,NULL,NULL,NULL,NULL,NULL,NULL,NULL,NULL,NULL,NULL,NULL,NULL,NULL,NULL,NULL,0,0,0,0,0,NULL,NULL,NULL,0,0,NULL,NULL,NULL,NULL,NULL,NULL,1,'2020-12-21 00:53:33','2020-12-21 00:53:33',1,1,1,1,0),(66,121,NULL,97,'Su Sandy','',NULL,NULL,0,NULL,NULL,'09950866470','ssda565@gmail.com',NULL,NULL,NULL,NULL,NULL,NULL,NULL,NULL,NULL,NULL,NULL,NULL,NULL,NULL,NULL,NULL,0,0,0,0,0,NULL,NULL,NULL,0,0,NULL,NULL,NULL,NULL,NULL,NULL,1,'2020-12-21 01:11:55','2020-12-21 01:11:55',1,1,1,1,0),(67,130,'0000058',128,'Yan Lynn Aung (jobseeker)','',NULL,'e58baa92cd2280c7ad5cd75a92b12e0d.jpg',1,'2020',NULL,'12312313123','yan.lynn1991@gmail.com',NULL,NULL,'https://www.youtube.com/watch?v=FA8tl0fsYdI&pbjreload=101',NULL,NULL,NULL,NULL,NULL,'testing',NULL,NULL,NULL,NULL,NULL,NULL,NULL,0,0,0,0,0,NULL,NULL,NULL,1,0,NULL,NULL,NULL,NULL,'274,274,274','272,274,',1,'2020-12-29 22:33:20','2020-12-30 01:17:08',1,1,1,1,0),(68,131,'0000059',202,'mp.mp.devl','',NULL,NULL,0,'',NULL,'09087654567','mp.mp.devl@gmail.com',NULL,NULL,NULL,NULL,NULL,NULL,NULL,NULL,NULL,NULL,NULL,NULL,NULL,NULL,NULL,NULL,0,0,0,0,0,NULL,NULL,NULL,0,0,NULL,NULL,NULL,NULL,NULL,NULL,1,'2021-01-09 21:15:54','2021-01-09 21:16:26',1,1,1,1,0),(69,132,'0000060T',96,'mpm.zero','',NULL,NULL,0,'',NULL,'09056789','mpm.zero@gmail.com',NULL,NULL,NULL,NULL,NULL,NULL,NULL,NULL,NULL,NULL,NULL,NULL,NULL,NULL,NULL,NULL,0,0,0,0,0,NULL,NULL,NULL,0,0,NULL,NULL,NULL,NULL,NULL,NULL,3,'2021-01-09 21:18:29','2021-01-10 22:11:42',1,1,1,1,0),(70,133,'0000061T',75,'mpm_first@outlook.jp','',NULL,NULL,0,'k',NULL,'090888','mpm_first@outlook.jp',NULL,NULL,NULL,NULL,NULL,NULL,NULL,NULL,NULL,NULL,NULL,NULL,NULL,NULL,NULL,NULL,0,0,0,0,0,NULL,NULL,NULL,0,0,NULL,NULL,NULL,NULL,NULL,NULL,3,'2021-01-09 21:40:33','2021-01-09 21:46:32',1,1,1,1,1),(71,135,'0000062',97,'mpm_first@outlook.jp','',NULL,NULL,0,'gv',NULL,'00000000000','mpm.zero@gmail.com',NULL,NULL,NULL,NULL,NULL,NULL,NULL,NULL,NULL,NULL,NULL,NULL,NULL,NULL,NULL,NULL,0,0,0,0,0,NULL,NULL,NULL,0,0,NULL,NULL,NULL,NULL,NULL,NULL,1,'2021-01-10 22:09:05','2021-01-10 22:16:18',1,1,1,1,0),(72,140,NULL,83,'wutmone','',NULL,NULL,0,'1221988',NULL,'11111111111','monelay.flower@gmail.com',NULL,NULL,NULL,NULL,NULL,NULL,NULL,NULL,NULL,NULL,NULL,NULL,NULL,NULL,NULL,NULL,0,0,0,0,0,NULL,NULL,NULL,0,0,NULL,NULL,NULL,NULL,NULL,NULL,1,'2021-01-21 17:38:14','2021-01-21 17:38:14',1,1,1,1,0),(73,141,NULL,0,'eimohmohaung.ei@gmail.com','',NULL,NULL,0,NULL,NULL,'+959423709078','eimohmohaung.ei@gmail.com',NULL,NULL,NULL,NULL,NULL,NULL,NULL,NULL,NULL,NULL,NULL,NULL,NULL,NULL,NULL,NULL,0,0,0,0,0,NULL,NULL,NULL,0,0,NULL,NULL,NULL,NULL,NULL,NULL,1,'2021-01-21 21:46:33','2021-01-21 21:46:33',1,1,1,1,0),(74,142,'0000063',200,'Thuzar MPM','',NULL,'ee5b2e23a361d60e99a6d19639df22fa.jpeg',1,'1992',NULL,'09974568554','thuzar@management-partners.co.jp',NULL,NULL,'https://m.youtube.com/watch?v=aQG2lxFb14w',NULL,NULL,10,NULL,NULL,NULL,'','','','202201(12)',83,83,NULL,1,0,0,0,0,NULL,NULL,NULL,1,1,'83',NULL,NULL,NULL,'320,319,321','315,321,',1,'2021-01-21 22:27:57','2021-01-22 00:18:21',1,1,1,1,1),(75,145,'0000064T',0,'ThuzarThaungSein','',NULL,NULL,0,NULL,NULL,'1231234566','thuzarthaungsein@gmail.com',NULL,NULL,NULL,NULL,NULL,NULL,NULL,NULL,NULL,NULL,NULL,NULL,NULL,NULL,NULL,NULL,0,0,0,0,0,NULL,NULL,NULL,0,0,NULL,NULL,NULL,NULL,NULL,NULL,3,'2021-01-26 00:48:50','2021-01-26 00:51:31',1,1,1,1,0),(77,147,'0000065',0,'Thuzar Thaung Sein','',NULL,NULL,0,NULL,NULL,'1231234566','thuzarthaungsein@gmail.com',NULL,NULL,NULL,NULL,NULL,NULL,NULL,NULL,NULL,NULL,NULL,NULL,NULL,NULL,NULL,NULL,0,0,0,0,0,NULL,NULL,NULL,0,1,NULL,NULL,NULL,NULL,NULL,NULL,1,'2021-01-26 00:52:30','2021-01-27 16:31:58',1,1,1,1,0),(78,153,'0000066',25,'Beatae in libero con','',NULL,'daa3fcf668150636673274815185d543.jpg',0,'Impedit non aliqua','Saepe nisi sunt mole','0918628368144','zayarpn7@gmail.com',NULL,'Sit error reprehende',NULL,'','',0,NULL,'Consectetur est con','Quisquam consequuntu','','','','202102(1)',45,88,146,1,0,1,0,0,NULL,'Est aut aut ab volup','Dolore et praesentiu',0,0,NULL,'Asperiores nihil sin','Excepteur commodi si','Est voluptates ut do',NULL,NULL,1,'2021-01-26 22:08:30','2021-01-27 17:04:10',1,1,1,0,1);
/*!40000 ALTER TABLE `jobseekers` ENABLE KEYS */;
UNLOCK TABLES;

--
-- Table structure for table `languages`
--

DROP TABLE IF EXISTS `languages`;
/*!40101 SET @saved_cs_client     = @@character_set_client */;
/*!40101 SET character_set_client = utf8 */;
CREATE TABLE `languages` (
  `id` bigint(20) unsigned NOT NULL AUTO_INCREMENT,
  `language_name` varchar(191) COLLATE utf8mb4_unicode_ci NOT NULL,
  `created_at` timestamp NULL DEFAULT NULL,
  `updated_at` timestamp NULL DEFAULT NULL,
  PRIMARY KEY (`id`)
) ENGINE=InnoDB AUTO_INCREMENT=27 DEFAULT CHARSET=utf8mb4 COLLATE=utf8mb4_unicode_ci;
/*!40101 SET character_set_client = @saved_cs_client */;

--
-- Dumping data for table `languages`
--

LOCK TABLES `languages` WRITE;
/*!40000 ALTER TABLE `languages` DISABLE KEYS */;
INSERT INTO `languages` VALUES (1,'',NULL,NULL),(2,'',NULL,NULL),(3,'  ',NULL,NULL),(4,'  ',NULL,NULL),(5,'  ',NULL,NULL),(6,'',NULL,NULL),(7,' ',NULL,NULL),(8,' ',NULL,NULL),(9,'',NULL,NULL),(10,' ',NULL,NULL),(11,'',NULL,NULL),(12,'',NULL,NULL),(13,'',NULL,NULL),(14,' ',NULL,NULL),(15,'',NULL,NULL),(16,'',NULL,NULL),(17,'',NULL,NULL),(18,'',NULL,NULL),(19,'',NULL,NULL),(20,' ',NULL,NULL),(21,'',NULL,NULL),(22,'',NULL,NULL),(23,'',NULL,NULL),(24,'',NULL,NULL),(25,'',NULL,NULL),(26,'',NULL,NULL);
/*!40000 ALTER TABLE `languages` ENABLE KEYS */;
UNLOCK TABLES;

--
-- Table structure for table `migrations`
--

DROP TABLE IF EXISTS `migrations`;
/*!40101 SET @saved_cs_client     = @@character_set_client */;
/*!40101 SET character_set_client = utf8 */;
CREATE TABLE `migrations` (
  `id` int(10) unsigned NOT NULL AUTO_INCREMENT,
  `migration` varchar(255) COLLATE utf8mb4_unicode_ci NOT NULL,
  `batch` int(11) NOT NULL,
  PRIMARY KEY (`id`)
) ENGINE=InnoDB AUTO_INCREMENT=233 DEFAULT CHARSET=utf8mb4 COLLATE=utf8mb4_unicode_ci;
/*!40101 SET character_set_client = @saved_cs_client */;

--
-- Dumping data for table `migrations`
--

LOCK TABLES `migrations` WRITE;
/*!40000 ALTER TABLE `migrations` DISABLE KEYS */;
INSERT INTO `migrations` VALUES (206,'2014_10_12_000000_create_users_table',1),(207,'2019_08_19_000000_create_failed_jobs_table',1),(208,'2020_06_12_092421_create_roles_table',1),(209,'2020_06_12_092527_create_taxes_table',1),(210,'2020_06_12_092921_create_industry_histories_table',1),(211,'2020_06_12_092952_create_industries_table',1),(212,'2020_06_12_093012_create_positions_table',1),(213,'2020_06_12_093113_create_education_histories_table',1),(214,'2020_06_12_093142_create_experience_histories_table',1),(215,'2020_06_12_093216_create_uploaded_files_table',1),(216,'2020_06_12_093244_create_jobseekers_table',1),(217,'2020_06_12_093317_create_payment_transactions_table',1),(218,'2020_06_12_093341_create_recruiters_table',1),(219,'2020_06_12_093403_create_scouts_table',1),(220,'2020_06_12_093632_create_education_overseas_table',1),(221,'2020_06_12_093659_create_experience_overseas_table',1),(223,'2020_06_12_093747_create_job_applies_table',1),(224,'2020_06_15_052804_create_languages_table',1),(225,'2020_06_15_052939_create_qualifications_table',1),(226,'2020_06_16_040842_create_desired_occupations_table',1),(227,'2020_06_16_041223_create_desired_industries_table',1),(228,'2020_06_16_043926_create_countries_table',1),(229,'2020_06_16_044035_create_occupations_table',1),(230,'2020_06_16_050519_create_employment_types_table',1),(231,'2020_06_16_063536_create_jobseeker_languages_table',1),(232,'2020_06_12_093722_create_jobs_table',2);
/*!40000 ALTER TABLE `migrations` ENABLE KEYS */;
UNLOCK TABLES;

--
-- Table structure for table `occupations`
--

DROP TABLE IF EXISTS `occupations`;
/*!40101 SET @saved_cs_client     = @@character_set_client */;
/*!40101 SET character_set_client = utf8 */;
CREATE TABLE `occupations` (
  `id` bigint(20) unsigned NOT NULL AUTO_INCREMENT,
  `occupation_name` varchar(191) COLLATE utf8mb4_unicode_ci NOT NULL,
  `created_at` timestamp NULL DEFAULT NULL,
  `updated_at` timestamp NULL DEFAULT NULL,
  PRIMARY KEY (`id`)
) ENGINE=InnoDB AUTO_INCREMENT=32 DEFAULT CHARSET=utf8mb4 COLLATE=utf8mb4_unicode_ci;
/*!40101 SET character_set_client = @saved_cs_client */;

--
-- Dumping data for table `occupations`
--

LOCK TABLES `occupations` WRITE;
/*!40000 ALTER TABLE `occupations` DISABLE KEYS */;
INSERT INTO `occupations` VALUES (1,'/',NULL,NULL),(2,'ITWEB',NULL,NULL),(3,'IT',NULL,NULL),(4,'IT',NULL,NULL),(5,'IT/',NULL,NULL),(6,'IT',NULL,NULL),(7,'//',NULL,NULL),(8,'//',NULL,NULL),(9,'////',NULL,NULL),(10,'///',NULL,NULL),(11,'',NULL,NULL),(12,'/',NULL,NULL),(13,'',NULL,NULL),(14,'/',NULL,NULL),(15,'',NULL,NULL),(16,'',NULL,NULL),(17,'//',NULL,NULL),(18,'',NULL,NULL),(19,'//',NULL,NULL),(20,'',NULL,NULL),(21,'',NULL,NULL),(22,'/PR',NULL,NULL),(23,'//',NULL,NULL),(24,'///',NULL,NULL),(25,'// ',NULL,NULL),(26,'()',NULL,NULL),(27,'(///)',NULL,NULL),(28,')',NULL,NULL),(29,'//',NULL,NULL),(30,'/',NULL,NULL),(31,'',NULL,NULL);
/*!40000 ALTER TABLE `occupations` ENABLE KEYS */;
UNLOCK TABLES;

--
-- Table structure for table `payment_transactions`
--

DROP TABLE IF EXISTS `payment_transactions`;
/*!40101 SET @saved_cs_client     = @@character_set_client */;
/*!40101 SET character_set_client = utf8 */;
CREATE TABLE `payment_transactions` (
  `id` bigint(20) unsigned NOT NULL AUTO_INCREMENT,
  `scoutid_or_applyid` int(11) NOT NULL,
  `recruiter_id` bigint(20) unsigned NOT NULL,
  `payment_job_type` varchar(191) COLLATE utf8mb4_unicode_ci NOT NULL,
  `payment_method` varchar(191) COLLATE utf8mb4_unicode_ci DEFAULT NULL,
  `invoice_number` varchar(191) COLLATE utf8mb4_unicode_ci DEFAULT NULL,
  `invoice_amount` varchar(191) COLLATE utf8mb4_unicode_ci DEFAULT NULL,
  `invoice_date` date DEFAULT NULL,
  `due_date` date DEFAULT NULL,
  `actual_payment_date` date DEFAULT NULL,
  `payment_amount` varchar(191) COLLATE utf8mb4_unicode_ci DEFAULT NULL,
  `payment_status` int(11) DEFAULT '0',
  `tax_id` int(11) DEFAULT NULL,
  `remark` text COLLATE utf8mb4_unicode_ci,
  `record_status` int(11) NOT NULL DEFAULT '1',
  `created_at` timestamp NULL DEFAULT NULL,
  `updated_at` timestamp NULL DEFAULT NULL,
  PRIMARY KEY (`id`)
) ENGINE=InnoDB AUTO_INCREMENT=272 DEFAULT CHARSET=utf8mb4 COLLATE=utf8mb4_unicode_ci;
/*!40101 SET character_set_client = @saved_cs_client */;

--
-- Dumping data for table `payment_transactions`
--

LOCK TABLES `payment_transactions` WRITE;
/*!40000 ALTER TABLE `payment_transactions` DISABLE KEYS */;
INSERT INTO `payment_transactions` VALUES (1,19,2,'scout','','S202009040010-1','220000','2020-10-16','2020-10-30',NULL,'5000',0,0,'Testing',1,'2020-08-17 21:25:18','2020-10-15 23:40:09'),(2,3,2,'scout','','202009040016','200000','2020-09-04','2020-09-18',NULL,'0',0,0,'Testing Thuzar',1,'2020-08-17 21:38:36','2020-09-03 21:58:45'),(3,24,2,'scout','','202009040013','200000','2020-09-04','2020-09-18',NULL,'0',0,0,'Testing invoice',1,'2020-08-17 21:41:34','2020-09-03 21:48:30'),(4,8,1,'scout','','202009040004','200600','2020-09-04','2020-09-18','2020-08-28','200000',0,0,'Testing thuzar',1,'2020-08-17 21:51:20','2020-09-03 21:04:27'),(5,17,1,'scout','','202009020021','270000','2020-09-02','2020-09-16',NULL,'1000',0,0,'Testing invoice',1,'2020-08-17 22:34:26','2020-09-02 03:12:29'),(6,20,2,'scout','','202009040014','200000','2020-09-04','2020-09-18',NULL,'0',0,0,'Test',1,'2020-08-27 21:31:48','2020-09-03 21:48:56'),(7,49,2,'scout','','202009040007','200700','2020-09-04','2020-09-18',NULL,NULL,0,0,NULL,1,'2020-08-27 21:55:10','2020-09-03 21:11:11'),(8,25,2,'scout','','202009040012','200000','2020-09-04','2020-09-18',NULL,NULL,0,0,NULL,1,'2020-08-27 22:41:23','2020-09-03 21:47:03'),(9,1,2,'scout','','S202009040012-1','220000','2020-11-03','2020-12-03',NULL,NULL,0,1,NULL,1,'2020-08-28 01:14:25','2020-11-03 06:25:50'),(10,43,1,'scout','','202007220006','210000','2020-08-31','2020-09-14',NULL,NULL,0,0,NULL,1,'2020-08-28 01:14:45','2020-08-30 21:06:31'),(11,41,1,'scout','','202009020001',NULL,NULL,NULL,NULL,NULL,0,0,NULL,1,'2020-09-01 19:32:06','2020-09-01 19:32:06'),(12,15,1,'scout','','202009020016','260000','2020-09-02','2020-09-16',NULL,NULL,0,0,NULL,1,'2020-09-01 19:39:23','2020-09-02 03:09:52'),(13,26,1,'scout','','202009040003','200300','2020-09-04','2020-09-18',NULL,NULL,0,0,NULL,1,'2020-09-02 00:21:43','2020-09-03 21:03:14'),(14,30,1,'scout','','202009030001','220000','2020-09-03','2020-09-17',NULL,'0',0,0,' Test',1,'2020-09-02 22:34:50','2020-09-02 22:34:50'),(15,5,1,'scout','','202009040002','200800','2020-09-04','2020-09-18',NULL,NULL,0,0,NULL,1,'2020-09-03 20:25:22','2020-09-03 20:25:30'),(16,50,2,'scout','','202009040006','205000','2020-09-04','2020-09-18',NULL,NULL,0,0,NULL,1,'2020-09-03 21:06:08','2020-09-03 21:06:20'),(17,48,2,'scout','','202009040009','200900','2020-09-04','2020-09-18',NULL,NULL,0,0,NULL,1,'2020-09-03 21:16:10','2020-09-03 21:16:23'),(18,22,1,'job-apply','','202009070001',NULL,NULL,NULL,NULL,NULL,0,0,NULL,1,'2020-09-06 21:21:40','2020-09-06 21:21:40'),(19,47,1,'scout','','202009070002','200010',NULL,NULL,NULL,NULL,0,0,NULL,1,'2020-09-06 23:52:40','2020-09-06 23:52:40'),(20,51,1,'scout','','202009080001','200070','2020-09-08','2020-09-22',NULL,NULL,0,0,NULL,1,'2020-09-07 22:52:00','2020-09-08 00:23:14'),(21,52,1,'scout','',NULL,'200200','2020-09-08','2020-09-22',NULL,NULL,0,0,NULL,1,'2020-09-08 00:25:14','2020-09-08 00:26:19'),(22,53,1,'scout','',NULL,'200300','2020-09-08','2020-09-22',NULL,NULL,0,0,NULL,1,'2020-09-08 01:00:02','2020-09-08 01:00:38'),(23,54,1,'scout','',NULL,'202200','2020-09-09','2020-09-23',NULL,NULL,0,0,NULL,1,'2020-09-08 01:34:48','2020-09-08 19:50:23'),(24,57,1,'scout','',NULL,'200600','2020-09-08','2020-09-22',NULL,NULL,0,0,NULL,1,'2020-09-08 01:42:28','2020-09-08 01:42:36'),(25,58,1,'scout','',NULL,'200700','2020-09-08','2020-09-22',NULL,NULL,0,0,NULL,1,'2020-09-08 01:43:27','2020-09-08 01:43:33'),(26,59,1,'scout','','S20200910000101','220000','2020-10-27','2020-11-10',NULL,NULL,0,0,NULL,1,'2020-09-08 01:46:16','2020-10-27 06:05:53'),(27,60,1,'scout','',NULL,'220000','2020-09-09','2020-09-23',NULL,NULL,0,0,NULL,1,'2020-09-08 01:46:23','2020-09-09 03:10:35'),(28,56,1,'scout','',NULL,'200300','2020-09-08','2020-09-22',NULL,NULL,0,0,NULL,1,'2020-09-08 03:41:30','2020-09-08 03:41:39'),(29,25,1,'job-apply',NULL,NULL,NULL,NULL,NULL,NULL,NULL,0,0,NULL,1,'2020-09-09 21:58:08','2020-09-09 21:58:08'),(30,24,1,'job-apply',NULL,NULL,NULL,NULL,NULL,NULL,NULL,0,0,NULL,1,'2020-09-10 02:15:03','2020-09-10 02:15:03'),(31,61,1,'scout','',NULL,'250000','2020-09-18','2020-10-02',NULL,NULL,0,0,NULL,1,'2020-09-18 01:48:43','2020-09-18 01:48:55'),(32,63,1,'scout','',NULL,'205000','2020-09-18','2020-10-02','2020-09-17','7000',0,0,NULL,1,'2020-09-18 01:52:07','2020-09-23 23:55:06'),(33,62,1,'scout','',NULL,'200500','2020-09-18','2020-10-02','2020-09-24','200',0,0,NULL,1,'2020-09-18 01:53:31','2020-09-23 23:55:14'),(34,1,1,'job-apply',NULL,NULL,NULL,NULL,NULL,NULL,NULL,0,0,NULL,1,'2020-09-23 22:49:08','2020-09-23 22:49:08'),(35,64,1,'scout','',NULL,'221100','2020-09-25','2020-10-09',NULL,NULL,0,0,NULL,1,'2020-09-24 20:38:46','2020-09-24 20:39:20'),(36,30,1,'job-apply',NULL,NULL,NULL,NULL,NULL,NULL,NULL,0,0,NULL,1,'2020-09-29 17:43:57','2020-09-29 17:43:57'),(37,66,1,'scout','',NULL,'616000','2020-10-08','2020-10-22',NULL,NULL,0,0,NULL,1,'2020-10-07 20:12:20','2020-10-07 20:13:49'),(38,39,1,'job-apply','',NULL,'308000','2020-10-08','2020-10-22',NULL,NULL,0,0,NULL,1,'2020-10-07 20:17:07','2020-10-07 20:17:45'),(39,38,8,'job-apply',NULL,NULL,NULL,NULL,NULL,NULL,NULL,0,0,NULL,1,'2020-10-08 19:49:36','2020-10-08 19:49:36'),(40,41,10,'job-apply',NULL,NULL,NULL,NULL,NULL,NULL,'123456',0,0,NULL,1,'2020-10-12 23:41:54','2020-10-13 19:40:11'),(41,42,10,'job-apply',NULL,NULL,NULL,NULL,NULL,NULL,NULL,0,0,NULL,1,'2020-10-13 01:06:31','2020-10-13 01:06:31'),(42,68,11,'scout','',NULL,'220000','2020-10-14','2020-10-28',NULL,'220000',0,0,'adfadfadfad',1,'2020-10-13 22:28:09','2020-10-14 00:01:17'),(43,47,11,'job-apply','',NULL,'220000','2020-10-18','2020-11-01',NULL,NULL,0,NULL,NULL,1,'2020-10-17 16:45:19','2020-10-17 16:46:19'),(44,47,11,'job-apply',NULL,NULL,NULL,NULL,NULL,NULL,NULL,0,NULL,NULL,1,'2020-10-18 01:31:54','2020-10-18 01:31:54'),(45,46,14,'job-apply',NULL,NULL,NULL,NULL,NULL,NULL,NULL,0,NULL,NULL,1,'2020-10-18 01:32:21','2020-10-18 01:32:21'),(46,49,11,'job-apply','',NULL,'220000','2020-10-19','2020-11-02',NULL,NULL,0,NULL,NULL,1,'2020-10-18 22:15:33','2020-10-18 22:15:49'),(47,48,11,'job-apply','',NULL,'220000','2020-10-19','2020-11-02',NULL,NULL,0,NULL,NULL,1,'2020-10-18 22:31:06','2020-10-18 22:54:36'),(48,50,1,'job-apply','',NULL,'1089000','2020-10-19','2020-11-02',NULL,NULL,0,NULL,NULL,1,'2020-10-19 01:28:43','2020-10-19 01:28:56'),(49,71,1,'scout','',NULL,'770000','2020-10-19','2020-11-02',NULL,'70000',0,NULL,NULL,1,'2020-10-19 02:24:37','2020-10-20 18:48:48'),(50,51,1,'job-apply','',NULL,'132000','2020-10-21','2020-11-04',NULL,NULL,0,NULL,NULL,1,'2020-10-20 23:39:32','2020-10-20 23:41:05'),(51,52,1,'job-apply','',NULL,'330000','2020-10-21','2020-11-04',NULL,NULL,0,NULL,NULL,1,'2020-10-20 23:48:06','2020-10-20 23:49:13'),(52,74,1,'scout','','S20201022000101','121000','2020-10-22','2020-11-05',NULL,NULL,0,NULL,NULL,1,'2020-10-21 17:55:16','2020-10-21 17:55:39'),(53,75,1,'scout','','S20201022000201','363000','2020-10-22','2020-11-05',NULL,NULL,0,NULL,NULL,1,'2020-10-21 18:07:54','2020-10-21 18:08:03'),(54,75,1,'scout','','S20201022000202','484000','2020-10-22','2020-11-05',NULL,NULL,0,NULL,NULL,1,'2020-10-21 18:08:20','2020-10-21 18:08:32'),(55,76,1,'scout','','S20201023000101','110000','2020-10-23','2020-11-06',NULL,NULL,0,NULL,NULL,1,'2020-10-22 17:04:59','2020-10-22 17:05:09'),(56,79,15,'scout','','S202010230004-1','220000','2020-10-23','2020-11-23',NULL,NULL,0,1,NULL,1,'2020-10-22 23:19:36','2020-10-22 23:20:28'),(57,80,1,'scout','','S20201023000501','220000','2020-10-23','2020-11-06',NULL,NULL,0,NULL,NULL,1,'2020-10-22 23:22:41','2020-10-22 23:23:14'),(58,80,1,'scout','','S20201023000502','220000','2020-10-23','2020-11-06','2020-10-23',NULL,0,NULL,NULL,1,'2020-10-22 23:26:42','2020-10-26 19:57:17'),(59,82,11,'scout','','S20201024000101','220000','2020-10-24','2020-11-07','2020-10-15',NULL,0,NULL,NULL,1,'2020-10-23 17:38:23','2020-10-26 19:57:10'),(60,53,1,'job-apply','',NULL,NULL,NULL,NULL,NULL,NULL,0,NULL,NULL,1,'2020-10-27 04:57:21','2020-10-27 04:57:21'),(61,84,27,'scout','','S20201027000201','110000','2020-10-27','2020-11-10',NULL,NULL,0,NULL,NULL,1,'2020-10-27 07:40:40','2020-10-27 07:40:51'),(62,84,27,'scout','','S20201027000202','550000','2020-10-27','2020-11-10',NULL,NULL,0,NULL,NULL,1,'2020-10-27 07:42:39','2020-10-27 07:43:02'),(63,85,1,'scout','','S20201027000301','440000','2020-10-27','2020-11-10',NULL,NULL,0,NULL,NULL,1,'2020-10-27 07:58:23','2020-10-27 07:58:29'),(64,61,11,'job-apply','',NULL,NULL,NULL,NULL,NULL,NULL,0,NULL,NULL,1,'2020-10-28 01:06:24','2020-10-28 01:06:24'),(65,58,11,'job-apply','',NULL,NULL,NULL,NULL,NULL,NULL,0,NULL,NULL,1,'2020-10-28 01:06:44','2020-10-28 01:06:44'),(66,85,1,'scout','',NULL,NULL,NULL,NULL,NULL,NULL,0,NULL,NULL,1,'2020-11-01 02:02:16','2020-11-01 02:02:16'),(67,61,11,'job-apply','',NULL,NULL,NULL,NULL,NULL,NULL,0,NULL,NULL,1,'2020-11-03 01:49:17','2020-11-03 01:49:17'),(68,41,10,'job-apply','',NULL,NULL,NULL,NULL,NULL,NULL,0,NULL,NULL,1,'2020-11-03 01:49:55','2020-11-03 01:49:55'),(69,44,11,'job-apply','',NULL,NULL,NULL,NULL,NULL,NULL,0,NULL,NULL,1,'2020-11-03 01:50:21','2020-11-03 01:50:21'),(70,43,8,'job-apply','',NULL,NULL,NULL,NULL,NULL,NULL,0,NULL,NULL,1,'2020-11-03 01:51:07','2020-11-03 01:51:07'),(71,40,10,'job-apply','',NULL,NULL,NULL,NULL,NULL,NULL,0,NULL,NULL,1,'2020-11-03 01:51:31','2020-11-03 01:51:31'),(72,55,18,'job-apply','',NULL,NULL,NULL,NULL,NULL,NULL,0,NULL,NULL,1,'2020-11-03 01:53:17','2020-11-03 01:53:17'),(73,98,11,'scout','','S20201103000101','220000','2020-11-25','2020-12-09',NULL,NULL,0,NULL,NULL,1,'2020-11-03 06:13:58','2020-11-24 17:18:38'),(74,93,11,'scout','',NULL,NULL,NULL,NULL,NULL,NULL,0,NULL,NULL,1,'2020-11-03 06:14:24','2020-11-03 06:14:24'),(75,95,17,'scout','','S202010280010-1','220000','2020-11-03','2020-12-03',NULL,NULL,0,1,NULL,1,'2020-11-03 06:14:53','2020-11-03 06:15:56'),(76,97,10,'scout','','S202010280012-1','220000','2020-11-03','2020-12-03',NULL,NULL,0,1,NULL,1,'2020-11-03 06:16:43','2020-11-03 06:17:02'),(77,85,1,'scout','','S20201027000302','110','2020-11-04','2020-11-18',NULL,NULL,0,NULL,NULL,1,'2020-11-03 06:21:28','2020-11-03 19:25:01'),(78,100,7,'scout','','S202011030003-1','154000','2020-11-03','2020-12-03',NULL,NULL,0,1,NULL,1,'2020-11-03 06:31:29','2020-11-03 06:31:39'),(79,95,17,'scout','','S202010280010-2','220000','2020-11-03','2020-12-03',NULL,NULL,0,1,'Testing invoice',1,'2020-11-03 06:42:07','2020-11-03 06:42:32'),(80,64,11,'job-apply','',NULL,NULL,NULL,NULL,NULL,NULL,0,NULL,NULL,1,'2020-11-03 07:02:57','2020-11-03 07:02:57'),(81,63,1,'job-apply','',NULL,NULL,NULL,NULL,NULL,NULL,0,NULL,NULL,1,'2020-11-03 07:03:03','2020-11-03 07:03:03'),(82,60,1,'job-apply','',NULL,NULL,NULL,NULL,NULL,NULL,0,NULL,NULL,1,'2020-11-03 07:03:19','2020-11-03 07:03:19'),(83,95,17,'scout','','S202010280010-3','550000','2020-11-03','2020-12-03',NULL,NULL,0,1,'Test',1,'2020-11-03 07:03:43','2020-11-03 07:04:00'),(84,95,17,'scout','','S202010280010-4','220000','2020-11-03','2020-12-03',NULL,NULL,0,1,NULL,1,'2020-11-03 07:24:40','2020-11-03 07:31:13'),(85,95,17,'scout','','S202010280010-5','330000','2020-11-03','2020-12-03',NULL,NULL,0,1,'Test invoice',1,'2020-11-03 07:31:41','2020-11-03 07:32:00'),(86,95,17,'scout','','S202010280010-6','220000','2020-11-03','2020-12-03',NULL,NULL,0,1,NULL,1,'2020-11-03 07:35:28','2020-11-03 07:35:39'),(87,95,17,'scout','','S202010280010-7','110000','2020-11-03','2020-12-03',NULL,NULL,0,1,NULL,1,'2020-11-03 07:43:48','2020-11-03 07:44:01'),(88,95,17,'scout','','S202010280010-8','220000','2020-11-03','2020-12-03',NULL,NULL,0,1,NULL,1,'2020-11-03 07:50:04','2020-11-03 07:50:14'),(89,95,17,'scout','','S202010280010-9','550000','2020-11-03','2020-12-03',NULL,NULL,0,1,'Invoice',1,'2020-11-03 08:05:44','2020-11-03 08:05:59'),(90,95,17,'scout','','S202010280010-10','220000','2020-11-03','2020-12-03',NULL,NULL,0,1,NULL,1,'2020-11-03 08:07:43','2020-11-03 08:07:49'),(91,95,17,'scout','','S202010280010-10','220000','2020-11-03','2020-12-03',NULL,NULL,0,1,NULL,1,'2020-11-03 08:09:41','2020-11-03 08:09:47'),(92,95,17,'scout','','S202010280010-10','220000','2020-11-04','2020-12-04',NULL,NULL,0,1,'test',1,'2020-11-03 16:59:26','2020-11-03 17:00:47'),(93,95,17,'scout','','S202010280010-10','770000','2020-11-04','2020-12-04',NULL,NULL,0,1,'Test',1,'2020-11-03 17:12:43','2020-11-03 17:13:01'),(94,95,17,'scout','','S202010280010-10','220000','2020-11-04','2020-12-04',NULL,NULL,0,1,NULL,1,'2020-11-03 17:16:17','2020-11-03 17:16:27'),(95,95,17,'scout','','S202010280010-10','220000','2020-11-04','2020-12-04',NULL,NULL,0,1,NULL,1,'2020-11-03 17:34:17','2020-11-03 17:34:23'),(96,95,17,'scout','','S202010280010-10','220000','2020-11-04','2020-12-04',NULL,NULL,0,1,NULL,1,'2020-11-03 17:40:58','2020-11-03 17:41:04'),(97,95,17,'scout','','S202010280010-10','220000','2020-11-04','2020-12-04',NULL,NULL,0,1,NULL,1,'2020-11-03 17:49:31','2020-11-03 17:49:41'),(98,95,17,'scout','','S202010280010-10','990000','2020-11-04','2020-12-04',NULL,NULL,0,1,'Testing',1,'2020-11-03 18:49:48','2020-11-03 18:50:04'),(99,95,17,'scout','','S202010280010-10','330000','2020-11-04','2020-12-04',NULL,NULL,0,1,'Testing',1,'2020-11-03 18:53:35','2020-11-03 18:53:55'),(100,95,17,'scout','','S202010280010-10','220000','2020-11-04','2020-12-04',NULL,NULL,0,1,NULL,1,'2020-11-03 18:56:19','2020-11-03 18:56:33'),(101,95,17,'scout','','S202010280010-10','220000','2020-11-04','2020-12-04',NULL,NULL,0,1,NULL,1,'2020-11-03 19:20:10','2020-11-03 19:20:25'),(102,1,2,'scout','',NULL,NULL,NULL,NULL,NULL,NULL,0,NULL,NULL,1,'2020-11-03 19:23:50','2020-11-03 19:23:50'),(103,87,1,'scout','','S20201028000201','11','2020-11-04','2020-11-18',NULL,NULL,0,NULL,NULL,1,'2020-11-03 19:28:29','2020-11-03 19:28:45'),(104,68,11,'job-apply','','K20201105000101','220000','2020-11-05','2020-11-19',NULL,NULL,0,NULL,NULL,1,'2020-11-04 20:39:44','2020-11-04 20:40:23'),(105,69,31,'job-apply','','K202011050002-1','220000','2020-11-05','2020-12-05',NULL,NULL,0,1,'',1,'2020-11-04 21:24:42','2020-11-04 21:26:18'),(106,69,31,'job-apply','','K202011050002-2','220000','2020-11-06','2020-12-06',NULL,NULL,0,1,NULL,1,'2020-11-04 21:32:00','2020-11-06 05:29:17'),(107,67,9,'job-apply','','K202011040003-1','220000','2020-11-08','2020-12-08',NULL,NULL,0,1,NULL,1,'2020-11-04 21:44:27','2020-11-07 18:52:23'),(108,68,11,'job-apply','','K20201105000102','220000','2020-11-05','2020-11-19',NULL,NULL,0,NULL,NULL,1,'2020-11-05 04:36:26','2020-11-05 05:01:03'),(109,48,11,'job-apply','',NULL,NULL,NULL,NULL,NULL,NULL,0,NULL,NULL,1,'2020-11-05 04:49:13','2020-11-05 04:49:13'),(110,49,11,'job-apply','',NULL,NULL,NULL,NULL,NULL,NULL,0,NULL,NULL,1,'2020-11-05 04:49:51','2020-11-05 04:49:51'),(111,68,11,'job-apply','',NULL,NULL,NULL,NULL,NULL,NULL,0,NULL,NULL,1,'2020-11-05 05:04:20','2020-11-05 05:04:20'),(112,71,31,'job-apply','','K202011050004-1','220000','2020-11-05','2020-12-05',NULL,NULL,0,1,NULL,1,'2020-11-05 07:12:18','2020-11-05 07:13:01'),(113,72,9,'job-apply','','K202011050005-1','220000','2020-11-05','2020-12-05',NULL,NULL,0,1,NULL,1,'2020-11-05 08:02:53','2020-11-05 08:03:24'),(114,103,9,'scout','',NULL,NULL,NULL,NULL,NULL,NULL,0,NULL,NULL,1,'2020-11-05 08:26:43','2020-11-05 08:26:43'),(115,104,33,'scout','','S202011060001-1','220000','2020-11-09','2020-12-09','2020-11-09','100000',0,1,'Testing',1,'2020-11-05 22:42:10','2020-11-08 17:29:16'),(116,108,1,'scout','','S20201106000501','110000','2020-11-06','2020-11-20',NULL,NULL,0,NULL,NULL,1,'2020-11-06 05:27:48','2020-11-06 05:28:02'),(117,108,1,'scout','','S20201106000502','220000','2020-11-06','2020-11-20',NULL,NULL,0,NULL,NULL,1,'2020-11-06 05:31:14','2020-11-06 05:31:29'),(118,69,31,'job-apply','','K202011050002-3','220000','2020-11-08','2020-12-08',NULL,NULL,0,1,NULL,1,'2020-11-06 05:32:24','2020-11-07 18:51:55'),(119,47,11,'job-apply','',NULL,NULL,NULL,NULL,NULL,NULL,0,NULL,NULL,1,'2020-11-06 05:36:32','2020-11-06 05:36:32'),(120,57,11,'job-apply','',NULL,NULL,NULL,NULL,NULL,NULL,0,NULL,NULL,1,'2020-11-06 05:36:52','2020-11-06 05:36:52'),(121,58,11,'job-apply','',NULL,NULL,NULL,NULL,NULL,NULL,0,NULL,NULL,1,'2020-11-06 05:36:57','2020-11-06 05:36:57'),(122,62,11,'job-apply','',NULL,NULL,NULL,NULL,NULL,NULL,0,NULL,NULL,1,'2020-11-06 05:37:09','2020-11-06 05:37:09'),(123,70,32,'job-apply','','K202011050003-1','220000','2020-11-06','2020-12-06',NULL,NULL,0,1,NULL,1,'2020-11-06 05:37:26','2020-11-06 05:38:41'),(124,110,1,'scout','','S20201106000701','330000','2020-11-06','2020-11-20','2020-11-06','1232213123123',0,NULL,NULL,1,'2020-11-06 07:09:26','2020-11-06 20:53:29'),(125,109,1,'scout','','S20201106000601','55000','2020-11-06','2020-11-20',NULL,NULL,0,NULL,NULL,1,'2020-11-06 07:13:58','2020-11-06 07:14:06'),(126,110,1,'scout','','S20201106000702','220000','2020-11-09','2020-11-23','2020-11-06','1231313',0,NULL,NULL,1,'2020-11-06 20:53:46','2020-11-08 17:21:43'),(127,74,31,'job-apply','',NULL,NULL,NULL,NULL,NULL,NULL,0,NULL,NULL,1,'2020-11-06 21:49:12','2020-11-06 21:49:12'),(128,75,21,'job-apply','','K20201107000201','220000','2020-11-07','2020-11-21',NULL,NULL,0,NULL,NULL,1,'2020-11-06 21:59:42','2020-11-06 21:59:55'),(129,76,21,'job-apply','','K20201107000301','220000','2020-11-07','2020-11-21',NULL,NULL,0,NULL,NULL,1,'2020-11-06 22:03:59','2020-11-06 22:04:04'),(130,77,21,'job-apply','','K20201107000401','330000','2020-11-07','2020-11-21',NULL,NULL,0,NULL,NULL,1,'2020-11-06 22:09:20','2020-11-06 22:09:33'),(131,78,21,'job-apply','','K20201107000501','258016','2020-11-07','2020-11-21',NULL,NULL,0,NULL,NULL,1,'2020-11-06 22:16:45','2020-11-06 22:18:40'),(132,78,21,'job-apply','','K20201107000502','220000','2020-11-07','2020-11-21',NULL,NULL,0,NULL,NULL,1,'2020-11-06 22:30:38','2020-11-06 22:30:41'),(133,78,21,'job-apply','','K20201107000503','330000','2020-11-07','2020-11-21',NULL,NULL,0,NULL,NULL,1,'2020-11-06 22:33:49','2020-11-06 22:33:55'),(134,78,21,'job-apply','',NULL,NULL,NULL,NULL,NULL,NULL,0,NULL,NULL,1,'2020-11-06 22:36:49','2020-11-06 22:36:49'),(135,112,21,'scout','','S20201107000201','440000','2020-11-07','2020-11-21',NULL,NULL,0,NULL,NULL,1,'2020-11-06 22:49:56','2020-11-06 22:53:35'),(136,112,21,'scout','','S20201107000202','110000','2020-11-07','2020-11-21',NULL,NULL,0,NULL,'',1,'2020-11-06 23:00:03','2020-11-07 19:05:32'),(137,79,26,'job-apply','','K20201108000101','222000','2020-11-13','2020-11-27',NULL,NULL,0,NULL,NULL,1,'2020-11-07 18:19:08','2020-11-12 21:38:28'),(138,80,31,'job-apply','','K202011080002-1','220000','2020-11-08','2020-12-08',NULL,NULL,0,1,NULL,1,'2020-11-07 18:24:18','2020-11-07 18:24:32'),(139,80,31,'job-apply','','K202011080002-2','230000','2020-11-09','2020-12-09',NULL,NULL,0,8,NULL,1,'2020-11-08 23:26:01','2020-11-09 03:49:48'),(140,94,11,'scout','',NULL,NULL,NULL,NULL,NULL,NULL,0,NULL,NULL,1,'2020-11-09 03:35:25','2020-11-09 03:35:25'),(141,83,33,'job-apply','','K202011090003-1','220000','2020-11-09','2020-12-09',NULL,NULL,0,8,NULL,1,'2020-11-09 03:50:35','2020-11-09 03:50:40'),(142,79,15,'scout','','S202010230004-2','220000','2020-11-09','2020-12-09',NULL,NULL,0,8,NULL,1,'2020-11-09 03:52:38','2020-11-09 03:53:22'),(143,83,33,'job-apply','',NULL,NULL,NULL,NULL,NULL,NULL,0,NULL,NULL,1,'2020-11-09 07:13:51','2020-11-09 07:13:51'),(144,79,15,'scout','',NULL,NULL,NULL,NULL,NULL,NULL,0,NULL,NULL,1,'2020-11-09 07:28:00','2020-11-09 07:28:00'),(145,104,33,'scout','',NULL,NULL,NULL,NULL,NULL,NULL,0,NULL,NULL,1,'2020-11-09 17:27:40','2020-11-09 17:27:40'),(146,110,1,'scout','','S20201106000703','222000','2020-11-11','2020-11-25',NULL,NULL,0,NULL,NULL,1,'2020-11-09 17:27:49','2020-11-11 00:51:27'),(147,120,1,'scout','','S20201113000101','222000','2020-11-13','2020-11-27',NULL,NULL,0,NULL,NULL,1,'2020-11-12 20:25:39','2020-11-12 20:26:34'),(148,117,1,'scout','','S20201110000101','233100','2020-11-13','2020-11-27',NULL,NULL,0,NULL,NULL,1,'2020-11-12 21:21:44','2020-11-12 21:21:52'),(149,117,1,'scout','','S20201110000102','220000','2020-11-16','2020-11-30',NULL,NULL,0,NULL,NULL,1,'2020-11-12 21:31:06','2020-11-15 17:57:28'),(150,96,35,'job-apply','',NULL,NULL,NULL,NULL,NULL,NULL,0,NULL,NULL,1,'2020-11-12 21:34:19','2020-11-12 21:34:19'),(151,120,1,'scout','','S20201113000102','233453','2020-11-16','2020-11-30',NULL,NULL,0,NULL,NULL,1,'2020-11-12 21:37:50','2020-11-15 18:03:53'),(152,123,31,'scout','',NULL,NULL,NULL,NULL,NULL,'0',0,NULL,NULL,1,'2020-11-12 21:41:27','2020-11-15 08:10:38'),(153,97,24,'job-apply','','K20201113000101','222000','2020-11-13','2020-11-27',NULL,NULL,0,NULL,NULL,1,'2020-11-12 21:44:58','2020-11-12 21:45:37'),(154,97,24,'job-apply','','K20201113000102','222000','2020-11-13','2020-11-27',NULL,NULL,0,NULL,NULL,1,'2020-11-12 21:54:45','2020-11-12 21:54:54'),(155,97,24,'job-apply','','K20201113000103','333000','2020-11-13','2020-11-27',NULL,NULL,0,NULL,NULL,1,'2020-11-12 22:03:37','2020-11-12 22:03:47'),(156,82,26,'job-apply','','K20201109000201','220000','2020-12-11','2020-12-25',NULL,NULL,0,NULL,NULL,1,'2020-11-12 22:09:55','2020-12-11 02:00:29'),(157,79,26,'job-apply','',NULL,NULL,NULL,NULL,NULL,NULL,0,NULL,NULL,1,'2020-11-12 22:11:59','2020-11-12 22:11:59'),(158,80,31,'job-apply','','K202011080002-3','220000','2020-11-13','2020-12-31',NULL,NULL,0,12,NULL,1,'2020-11-12 22:12:08','2020-11-12 22:12:24'),(159,80,31,'job-apply','',NULL,NULL,NULL,NULL,NULL,NULL,0,NULL,NULL,1,'2020-11-12 22:13:42','2020-11-12 22:13:42'),(160,103,31,'job-apply','','K202011140006-1','2199980','2020-12-14','2021-01-31',NULL,NULL,0,57,NULL,1,'2020-11-15 18:46:27','2020-12-13 22:04:32'),(161,128,39,'scout','','S202011160003-1','220000','2020-11-16','2020-12-31',NULL,NULL,0,17,NULL,1,'2020-11-16 04:53:17','2020-11-19 22:13:00'),(162,109,1,'job-apply','','K20201119000301','275000','2020-11-19','2020-12-03',NULL,NULL,0,NULL,NULL,1,'2020-11-19 05:45:40','2020-11-19 05:46:03'),(163,109,1,'job-apply','','K20201119000302','220000','2020-11-19','2020-12-03',NULL,NULL,0,NULL,NULL,1,'2020-11-19 05:48:05','2020-11-19 05:48:17'),(164,138,1,'scout','','S20201119000301','220000','2020-11-19','2020-12-03',NULL,NULL,0,NULL,NULL,1,'2020-11-19 05:51:23','2020-11-19 06:41:57'),(165,139,40,'scout','','S202011190004-1','220000','2020-11-19','2020-12-31',NULL,NULL,0,17,'Testing',1,'2020-11-19 05:54:52','2020-11-19 06:01:45'),(166,110,40,'job-apply','','K202011190004-1','220000','2020-11-19','2020-12-31',NULL,NULL,0,17,'Testing',1,'2020-11-19 06:30:56','2020-11-19 06:31:08'),(167,110,40,'job-apply','','K202011190004-2','220000','2020-11-19','2020-12-31',NULL,NULL,0,17,'New Test',1,'2020-11-19 06:37:00','2020-11-21 00:49:19'),(168,110,40,'job-apply','','K202011190004-3','220000','2020-11-22','2020-12-31',NULL,NULL,0,17,NULL,1,'2020-11-21 23:27:22','2020-11-21 23:27:38'),(169,122,1,'scout','','S20201113000301','220000','2020-11-23','2020-12-07',NULL,NULL,0,NULL,NULL,1,'2020-11-23 01:29:39','2020-11-23 01:29:42'),(170,139,40,'scout','','S202011190004-2','220000','2020-11-23','2020-12-31',NULL,NULL,0,19,NULL,1,'2020-11-23 01:32:17','2020-11-23 01:32:34'),(171,117,31,'job-apply','','K202011240001-1','220000','2020-11-24','2020-12-31',NULL,NULL,0,19,'',1,'2020-11-23 15:58:34','2020-11-23 16:01:38'),(172,143,31,'scout','','S202011240001-1','220000','2020-11-24','2020-12-31',NULL,NULL,0,19,'',1,'2020-11-23 16:15:50','2020-11-23 16:16:15'),(173,118,21,'job-apply','','K20201124000201','220000','2020-11-24','2020-12-08',NULL,NULL,0,NULL,NULL,1,'2020-11-23 16:20:58','2020-11-23 16:21:08'),(174,144,21,'scout','','S20201124000201','220000','2020-11-24','2020-12-08',NULL,NULL,0,NULL,NULL,1,'2020-11-23 16:38:05','2020-11-23 16:38:08'),(175,144,21,'scout','','S20201124000202','220000','2020-11-24','2020-12-08',NULL,NULL,0,NULL,NULL,1,'2020-11-23 16:54:56','2020-11-23 16:54:58'),(176,143,31,'scout','','S202011240001-2','220000','2020-11-26','2020-12-31',NULL,NULL,0,19,'',1,'2020-11-23 17:07:54','2020-11-25 18:04:31'),(177,117,31,'job-apply','','K202011240001-2','220000','2020-12-11','2021-01-31',NULL,NULL,0,41,NULL,1,'2020-11-23 18:53:19','2020-12-11 02:05:09'),(178,102,9,'scout','',NULL,NULL,NULL,NULL,NULL,NULL,0,NULL,NULL,1,'2020-11-24 06:13:47','2020-11-24 06:13:47'),(179,112,26,'job-apply','',NULL,NULL,NULL,NULL,NULL,NULL,0,NULL,NULL,1,'2020-11-24 17:00:14','2020-11-24 17:00:14'),(180,120,1,'scout','',NULL,NULL,NULL,NULL,NULL,NULL,0,NULL,NULL,1,'2020-11-24 18:31:24','2020-11-24 18:31:24'),(181,147,1,'scout','','S20201125000201','220000','2020-11-25','2020-12-09',NULL,NULL,0,NULL,NULL,1,'2020-11-25 00:53:20','2020-11-25 00:53:31'),(182,147,1,'scout','',NULL,NULL,NULL,NULL,NULL,NULL,0,NULL,NULL,1,'2020-11-25 00:56:37','2020-11-25 00:56:37'),(183,148,1,'scout','','S20201126000101','220000','2020-11-26','2020-12-10',NULL,NULL,0,NULL,NULL,1,'2020-11-25 17:42:43','2020-11-25 17:42:50'),(184,148,1,'scout','',NULL,NULL,NULL,NULL,NULL,NULL,0,NULL,NULL,1,'2020-11-25 17:46:45','2020-11-25 17:46:45'),(185,149,9,'scout','','S202011260002-1','220000','2020-12-02','2021-01-31',NULL,NULL,0,19,'',1,'2020-11-25 21:20:22','2020-12-02 00:05:21'),(186,121,1,'job-apply','','K20201126000301','220000','2020-11-26','2020-12-10',NULL,NULL,0,NULL,NULL,1,'2020-11-25 21:51:57','2020-11-25 21:52:04'),(187,121,1,'job-apply','',NULL,NULL,NULL,NULL,NULL,NULL,0,NULL,NULL,1,'2020-11-25 21:54:22','2020-11-25 21:54:22'),(188,122,31,'job-apply','','K202011260004-1','172500','2020-12-18','2021-01-31',NULL,NULL,0,86,'Testing',1,'2020-11-25 23:13:29','2020-12-18 00:27:46'),(189,123,26,'job-apply','','K20201126000501','220000','2020-11-26','2020-12-10',NULL,NULL,0,NULL,NULL,1,'2020-11-25 23:15:12','2020-11-25 23:15:17'),(190,123,26,'job-apply','','K20201126000502','220000','2020-11-26','2020-12-10',NULL,NULL,0,NULL,NULL,1,'2020-11-25 23:17:01','2020-11-25 23:20:02'),(191,123,26,'job-apply','',NULL,NULL,NULL,NULL,NULL,NULL,0,NULL,NULL,1,'2020-11-25 23:22:15','2020-11-25 23:22:15'),(192,149,9,'scout','','S202011260002-2','550000','2020-12-02','2021-01-31',NULL,NULL,0,19,'',1,'2020-12-02 00:09:50','2020-12-02 00:10:30'),(193,152,1,'scout','',NULL,NULL,NULL,NULL,NULL,NULL,0,NULL,NULL,1,'2020-12-02 22:21:48','2020-12-02 22:21:48'),(194,150,35,'scout','','S202012010001-1','115575','2020-12-18','2021-01-31',NULL,NULL,0,86,NULL,1,'2020-12-02 22:45:55','2020-12-18 00:26:18'),(195,144,21,'scout','',NULL,NULL,NULL,NULL,NULL,NULL,0,NULL,NULL,1,'2020-12-02 22:46:22','2020-12-02 22:46:22'),(196,143,31,'scout','','S202011240001-3','220000','2020-12-03','2021-01-31',NULL,NULL,0,22,NULL,1,'2020-12-02 22:46:34','2020-12-02 22:46:57'),(197,127,31,'job-apply','','K202012030001-1','220000','2020-12-03','2021-01-31',NULL,NULL,0,22,'sad',1,'2020-12-02 22:55:36','2020-12-02 22:55:43'),(198,158,1,'scout','','S20201211000101','220000','2020-12-11','2020-12-25',NULL,NULL,0,NULL,NULL,1,'2020-12-10 22:41:41','2020-12-10 22:41:45'),(199,136,1,'job-apply','','K20201211000101','172500','2020-12-18','2021-01-01',NULL,NULL,0,NULL,NULL,1,'2020-12-10 22:44:09','2020-12-18 00:28:28'),(200,135,9,'job-apply','','K202012100003-1','220000','2020-12-14','2021-01-31',NULL,'123455',0,60,NULL,1,'2020-12-14 00:50:44','2020-12-18 00:56:20'),(201,153,1,'scout','','S20201207000101','330000','2020-12-15','2020-12-29',NULL,NULL,0,NULL,NULL,1,'2020-12-14 18:52:39','2020-12-17 22:41:21'),(202,158,1,'scout','',NULL,NULL,NULL,NULL,NULL,NULL,0,NULL,NULL,1,'2020-12-14 18:53:58','2020-12-17 22:42:37'),(203,160,1,'scout','','S20201215000101','115621','2020-12-15','2020-12-29',NULL,NULL,0,NULL,NULL,1,'2020-12-14 18:56:05','2020-12-14 18:56:12'),(204,160,1,'scout','',NULL,NULL,NULL,NULL,NULL,NULL,0,NULL,'remark',1,'2020-12-17 22:12:37','2020-12-17 22:45:12'),(205,161,26,'scout','','S20201222000101','222080','2020-12-22','2021-01-05',NULL,NULL,0,NULL,NULL,1,'2020-12-21 18:00:37','2020-12-21 18:01:26'),(206,161,26,'scout','','S20201222000102','222080','2020-12-22','2021-01-05',NULL,NULL,0,NULL,NULL,1,'2020-12-21 18:03:41','2020-12-21 18:11:45'),(207,162,31,'scout','','S202012220002-1','220000','2020-12-22','2021-01-31',NULL,NULL,0,93,NULL,1,'2020-12-21 18:29:50','2020-12-21 18:31:26'),(208,163,1,'scout','','S20201222000301','121000','2020-12-22','2021-01-05',NULL,NULL,0,NULL,NULL,1,'2020-12-21 20:44:05','2020-12-21 20:44:13'),(209,137,1,'job-apply','','K20201222000101','132000','2020-12-22','2021-01-05',NULL,NULL,0,NULL,NULL,1,'2020-12-21 20:46:12','2020-12-21 20:46:22'),(210,138,1,'job-apply','','K20201222000201','33000','2020-12-22','2021-01-05',NULL,NULL,0,NULL,NULL,1,'2020-12-21 20:49:47','2020-12-21 20:49:58'),(211,162,31,'scout','',NULL,NULL,NULL,NULL,NULL,NULL,0,NULL,'ererererer',1,'2020-12-22 00:54:02','2020-12-23 19:55:01'),(212,164,53,'scout','',NULL,NULL,NULL,NULL,NULL,NULL,0,NULL,NULL,1,'2020-12-30 01:42:55','2020-12-30 01:42:55'),(213,137,1,'job-apply','',NULL,NULL,NULL,NULL,NULL,NULL,0,NULL,NULL,1,'2021-01-07 23:39:00','2021-01-07 23:39:00'),(214,141,26,'job-apply','','K20210110000101','220000','2021-01-10','2021-01-24',NULL,NULL,0,NULL,NULL,1,'2021-01-10 00:27:01','2021-01-10 00:27:07'),(215,141,26,'job-apply','',NULL,NULL,NULL,NULL,NULL,NULL,0,NULL,NULL,1,'2021-01-10 00:32:32','2021-01-10 00:32:32'),(216,142,31,'job-apply','','K202101100002-1','220000','2021-01-10','2021-02-28',NULL,NULL,0,93,'test',1,'2021-01-10 00:48:43','2021-01-10 00:48:56'),(217,143,26,'job-apply','','K20210110000301','220000','2021-01-10','2021-01-24',NULL,NULL,0,NULL,NULL,1,'2021-01-10 01:44:31','2021-01-10 01:44:39'),(218,144,26,'job-apply','','K20210110000401','220000','2021-01-10','2021-01-24',NULL,NULL,0,NULL,NULL,1,'2021-01-10 01:50:47','2021-01-10 01:50:53'),(219,144,26,'job-apply','',NULL,NULL,NULL,NULL,NULL,NULL,0,NULL,NULL,1,'2021-01-10 01:52:47','2021-01-10 01:52:47'),(220,145,31,'job-apply','',NULL,NULL,NULL,NULL,NULL,NULL,0,NULL,NULL,1,'2021-01-10 01:55:05','2021-01-10 01:55:05'),(221,167,26,'scout','','S20210110000301','220000','2021-01-11','2021-01-25',NULL,NULL,0,NULL,NULL,1,'2021-01-10 02:02:04','2021-01-11 01:23:21'),(222,146,31,'job-apply','','K202101100006-1','220000','2021-01-10','2021-02-28',NULL,NULL,0,93,'gfdgdg',1,'2021-01-10 02:05:27','2021-01-10 02:05:36'),(223,147,26,'job-apply','','K20210111000101','220000','2021-01-11','2021-01-25',NULL,NULL,0,NULL,NULL,1,'2021-01-10 23:05:23','2021-01-10 23:05:26'),(224,168,26,'scout','','S20210111000101','220000','2021-01-11','2021-01-25',NULL,NULL,0,NULL,NULL,1,'2021-01-10 23:25:14','2021-01-10 23:25:21'),(225,148,65,'job-apply','',NULL,NULL,NULL,NULL,NULL,NULL,0,NULL,NULL,1,'2021-01-10 23:36:00','2021-01-10 23:36:00'),(226,149,65,'job-apply','','K20210111000301','220000','2021-01-11','2021-01-25',NULL,NULL,0,NULL,NULL,1,'2021-01-10 23:49:11','2021-01-11 00:10:57'),(227,150,31,'job-apply','','K202101110004-1','220000','2021-01-11','2021-02-28',NULL,NULL,0,93,'233342',1,'2021-01-10 23:50:06','2021-01-10 23:50:18'),(228,150,31,'job-apply','','K202101110004-2','220000','2021-01-11','2021-02-28',NULL,NULL,0,93,'dasdasa',1,'2021-01-10 23:55:47','2021-01-10 23:56:06'),(229,149,65,'job-apply','',NULL,NULL,NULL,NULL,NULL,NULL,0,NULL,NULL,1,'2021-01-11 00:13:33','2021-01-11 00:13:33'),(230,151,26,'job-apply','',NULL,NULL,NULL,NULL,NULL,NULL,0,NULL,NULL,1,'2021-01-11 00:24:35','2021-01-11 00:24:35'),(231,150,31,'job-apply','',NULL,NULL,NULL,NULL,NULL,NULL,0,NULL,NULL,1,'2021-01-11 00:27:47','2021-01-11 00:27:47'),(232,167,26,'scout','','S20210110000302','220000','2021-01-11','2021-01-25',NULL,'220000',0,NULL,NULL,1,'2021-01-11 01:23:43','2021-01-18 15:36:20'),(233,153,1,'scout','',NULL,NULL,NULL,NULL,NULL,NULL,0,NULL,NULL,1,'2021-01-11 23:28:32','2021-01-11 23:28:32'),(234,170,1,'scout','','S20210112000101','77000','2021-01-12','2021-01-26',NULL,NULL,0,NULL,NULL,1,'2021-01-12 00:12:29','2021-01-12 00:12:38'),(235,170,1,'scout','','S20210112000102','110000','2021-01-12','2021-01-26',NULL,NULL,0,NULL,NULL,1,'2021-01-12 00:36:01','2021-01-12 00:36:09'),(236,171,1,'scout','','S20210112000201','220000','2021-01-12','2021-01-26',NULL,NULL,0,NULL,NULL,1,'2021-01-12 00:40:02','2021-01-12 00:40:07'),(237,171,1,'scout','','S20210112000202','220000','2021-01-12','2021-01-26',NULL,NULL,0,NULL,NULL,1,'2021-01-12 00:41:14','2021-01-12 00:41:20'),(238,170,1,'scout','',NULL,NULL,NULL,NULL,NULL,NULL,0,NULL,NULL,1,'2021-01-12 00:57:08','2021-01-12 00:57:08'),(239,171,1,'scout','','S20210112000203','275000','2021-01-12','2021-01-26',NULL,NULL,0,NULL,NULL,1,'2021-01-12 01:20:15','2021-01-12 01:20:24'),(243,171,1,'scout','','S20210112000204','220000','2021-01-12','2021-01-26',NULL,NULL,0,NULL,NULL,1,'2021-01-12 01:30:33','2021-01-12 01:31:08'),(249,172,1,'scout','','S20210114000101','220000','2021-01-14','2021-01-28',NULL,NULL,0,NULL,NULL,1,'2021-01-13 18:47:32','2021-01-13 18:47:43'),(250,172,1,'scout','','S20210114000102','231000','2021-01-14','2021-01-28',NULL,'231000',0,NULL,NULL,1,'2021-01-13 18:47:52','2021-01-13 22:00:35'),(253,155,1,'job-apply','','K20210114000401','220000','2021-01-14','2021-01-28',NULL,NULL,0,NULL,NULL,1,'2021-01-13 22:32:09','2021-01-13 22:32:31'),(255,155,1,'job-apply','','K20210114000402','330000','2021-01-14','2021-01-28',NULL,'330000',0,NULL,NULL,1,'2021-01-13 22:34:22','2021-01-13 22:36:41'),(257,156,1,'job-apply','','K20210114000501','110000','2021-01-14','2021-01-28',NULL,'110000',0,NULL,NULL,1,'2021-01-13 22:38:41','2021-01-18 20:20:40'),(258,173,7,'scout','','S202101150001-1','220000','2021-01-15','2021-02-28',NULL,NULL,0,93,NULL,1,'2021-01-14 19:30:36','2021-01-14 19:30:53'),(259,179,26,'scout','','S20210118000501','220000','2021-01-18','2021-02-01',NULL,'220000',0,NULL,NULL,1,'2021-01-18 14:29:52','2021-01-18 14:32:08'),(260,178,26,'scout','','S20210118000401','220000','2021-01-18','2021-02-01',NULL,NULL,0,NULL,NULL,1,'2021-01-18 14:29:55','2021-01-18 14:30:15'),(261,178,26,'scout','','S20210118000402','220000','2021-01-18','2021-02-01',NULL,'220000',0,NULL,NULL,1,'2021-01-18 14:33:40','2021-01-18 14:36:15'),(262,178,26,'scout','',NULL,NULL,NULL,NULL,NULL,NULL,0,NULL,NULL,1,'2021-01-18 14:38:00','2021-01-18 14:38:00'),(263,180,31,'scout','','S202101180006-1','220000','2021-01-18','2021-02-28',NULL,NULL,0,93,NULL,1,'2021-01-18 14:59:39','2021-01-18 14:59:54'),(264,174,1,'scout','','S20210115000201','330000','2021-01-19','2021-02-02',NULL,'330000',0,NULL,NULL,1,'2021-01-18 20:13:14','2021-01-18 20:17:04'),(265,175,1,'scout','','S20210118000101','440000','2021-01-19','2021-02-02',NULL,'440000',0,NULL,NULL,1,'2021-01-18 21:47:42','2021-01-18 21:49:41'),(266,158,1,'job-apply','','K20210118000201','220000','2021-01-19','2021-02-02',NULL,'220000',0,NULL,NULL,1,'2021-01-18 22:08:16','2021-01-18 23:37:29'),(267,157,1,'job-apply','','K20210118000101','220000','2021-01-19','2021-02-02',NULL,NULL,0,NULL,NULL,1,'2021-01-18 23:39:31','2021-01-18 23:39:34'),(268,166,66,'job-apply','',NULL,NULL,NULL,NULL,NULL,NULL,0,NULL,NULL,1,'2021-01-23 23:19:49','2021-01-23 23:19:49'),(269,187,1,'scout','','S20210125000101','330000','2021-01-26','2021-02-09',NULL,'330000',0,NULL,NULL,1,'2021-01-25 22:34:21','2021-01-25 22:36:32'),(270,185,9,'scout','',NULL,NULL,NULL,NULL,NULL,NULL,0,NULL,NULL,1,'2021-01-26 22:59:21','2021-01-26 22:59:21'),(271,185,9,'scout','',NULL,NULL,NULL,NULL,NULL,NULL,0,NULL,NULL,1,'2021-01-26 22:59:51','2021-01-26 22:59:51');
/*!40000 ALTER TABLE `payment_transactions` ENABLE KEYS */;
UNLOCK TABLES;

--
-- Table structure for table `positions`
--

DROP TABLE IF EXISTS `positions`;
/*!40101 SET @saved_cs_client     = @@character_set_client */;
/*!40101 SET character_set_client = utf8 */;
CREATE TABLE `positions` (
  `id` bigint(20) unsigned NOT NULL AUTO_INCREMENT,
  `position_name` varchar(191) COLLATE utf8mb4_unicode_ci NOT NULL,
  `created_at` timestamp NULL DEFAULT NULL,
  `updated_at` timestamp NULL DEFAULT NULL,
  PRIMARY KEY (`id`)
) ENGINE=InnoDB AUTO_INCREMENT=6 DEFAULT CHARSET=utf8mb4 COLLATE=utf8mb4_unicode_ci;
/*!40101 SET character_set_client = @saved_cs_client */;

--
-- Dumping data for table `positions`
--

LOCK TABLES `positions` WRITE;
/*!40000 ALTER TABLE `positions` DISABLE KEYS */;
INSERT INTO `positions` VALUES (1,'',NULL,NULL),(2,'',NULL,NULL),(3,'',NULL,NULL),(4,'',NULL,NULL),(5,'',NULL,NULL);
/*!40000 ALTER TABLE `positions` ENABLE KEYS */;
UNLOCK TABLES;

--
-- Table structure for table `qualifications`
--

DROP TABLE IF EXISTS `qualifications`;
/*!40101 SET @saved_cs_client     = @@character_set_client */;
/*!40101 SET character_set_client = utf8 */;
CREATE TABLE `qualifications` (
  `id` bigint(20) unsigned NOT NULL AUTO_INCREMENT,
  `jobseeker_id` bigint(20) unsigned NOT NULL,
  `qualification` varchar(191) COLLATE utf8mb4_unicode_ci NOT NULL,
  `created_at` timestamp NULL DEFAULT NULL,
  `updated_at` timestamp NULL DEFAULT NULL,
  PRIMARY KEY (`id`)
) ENGINE=InnoDB DEFAULT CHARSET=utf8mb4 COLLATE=utf8mb4_unicode_ci;
/*!40101 SET character_set_client = @saved_cs_client */;

--
-- Dumping data for table `qualifications`
--

LOCK TABLES `qualifications` WRITE;
/*!40000 ALTER TABLE `qualifications` DISABLE KEYS */;
/*!40000 ALTER TABLE `qualifications` ENABLE KEYS */;
UNLOCK TABLES;

--
-- Table structure for table `recruiters`
--

DROP TABLE IF EXISTS `recruiters`;
/*!40101 SET @saved_cs_client     = @@character_set_client */;
/*!40101 SET character_set_client = utf8 */;
CREATE TABLE `recruiters` (
  `id` bigint(20) unsigned NOT NULL AUTO_INCREMENT,
  `recruiter_number` varchar(10) COLLATE utf8mb4_unicode_ci DEFAULT NULL,
  `registered_place_type` varchar(10) COLLATE utf8mb4_unicode_ci NOT NULL,
  `user_id` bigint(20) unsigned NOT NULL,
  `country_id` bigint(20) unsigned DEFAULT NULL,
  `recruiter_name` text COLLATE utf8mb4_unicode_ci NOT NULL,
  `recruiter_nick_name` varchar(191) COLLATE utf8mb4_unicode_ci DEFAULT NULL,
  `establishment_date` varchar(191) COLLATE utf8mb4_unicode_ci DEFAULT NULL,
  `representative_name` varchar(191) COLLATE utf8mb4_unicode_ci DEFAULT NULL,
  `num_of_employees` varchar(191) COLLATE utf8mb4_unicode_ci DEFAULT NULL,
  `business_description` text COLLATE utf8mb4_unicode_ci,
  `address` text COLLATE utf8mb4_unicode_ci,
  `phone1` varchar(50) COLLATE utf8mb4_unicode_ci NOT NULL,
  `phone2` varchar(50) COLLATE utf8mb4_unicode_ci DEFAULT NULL,
  `email` varchar(50) COLLATE utf8mb4_unicode_ci NOT NULL,
  `website` varchar(255) COLLATE utf8mb4_unicode_ci DEFAULT NULL,
  `logo` varchar(50) COLLATE utf8mb4_unicode_ci NOT NULL,
  `video` varchar(255) COLLATE utf8mb4_unicode_ci DEFAULT NULL,
  `incharge_name` varchar(100) COLLATE utf8mb4_unicode_ci NOT NULL,
  `incharge_name_furigana` varchar(100) COLLATE utf8mb4_unicode_ci NOT NULL,
  `incharge_photo` varchar(255) COLLATE utf8mb4_unicode_ci DEFAULT NULL,
  `incharge_email` varchar(50) COLLATE utf8mb4_unicode_ci DEFAULT NULL,
  `account_id` varchar(100) COLLATE utf8mb4_unicode_ci DEFAULT NULL,
  `question` text COLLATE utf8mb4_unicode_ci,
  `answer` text COLLATE utf8mb4_unicode_ci,
  `company_pr` text COLLATE utf8mb4_unicode_ci,
  `favourite_jobseeker_ids` varchar(191) COLLATE utf8mb4_unicode_ci DEFAULT NULL,
  `record_status` int(11) NOT NULL DEFAULT '1',
  `created_at` timestamp NULL DEFAULT NULL,
  `updated_at` timestamp NULL DEFAULT NULL,
  PRIMARY KEY (`id`)
) ENGINE=InnoDB AUTO_INCREMENT=76 DEFAULT CHARSET=utf8mb4 COLLATE=utf8mb4_unicode_ci;
/*!40101 SET character_set_client = @saved_cs_client */;

--
-- Dumping data for table `recruiters`
--

LOCK TABLES `recruiters` WRITE;
/*!40000 ALTER TABLE `recruiters` DISABLE KEYS */;
INSERT INTO `recruiters` VALUES (1,'00001','oversea',2,2,'Thuzar Recruiter','Recruiter Nick Name','2020-01-01','Representative Name','52','','','09974568554',NULL,'thuzar.ts92@gmail.com','https://google.com','00001_logo.jpeg','https://www.youtube.com/watch?v=87P0cn7ir8U','','','00001_incharge_photo.png',NULL,NULL,'1','Thuzar','Lorem ipsum dolor sit, amet consectetur adipisicing elit. \r\nAnimi ullam architecto dolore voluptatum eos quae repudiandae, eum eius eaque, nisi possimus illum. \r\nVeniam repudiandae id iste impedit tempora animi magni.','25,74,53',1,NULL,'2021-01-25 17:40:26'),(2,'00002T','local',4,NULL,'Thuzar PAYMENT','()','2020-07-21',NULL,NULL,NULL,NULL,'09999999999999',NULL,'myatwoon.sky@gmail.com','https://google.com','','','','',NULL,NULL,NULL,'What is your favourite color?','Blue',NULL,NULL,3,'2020-07-20 22:04:41','2021-01-25 18:07:55'),(3,'00003','local',8,NULL,'ZinkoMyint','()','1989-07-01','','40','','','09999999999999',NULL,'hero2012.zk@gmail.com','https://google.com','','','','',NULL,NULL,NULL,'what is your name?','Zinko',NULL,NULL,2,'2020-07-28 20:01:47','2020-10-06 21:38:10'),(4,'00004','local',20,NULL,'Thuzar','()','1934-04-01',NULL,NULL,NULL,NULL,'09999999999999',NULL,'customeree@gmail.com','https://google.com','',NULL,'','',NULL,NULL,NULL,'what is your favourite food?','qqq',NULL,NULL,1,'2020-08-21 02:56:00','2020-08-31 19:39:13'),(5,'00005','local',28,NULL,'maythandaroo','','2006-10-01','','100','service','','08012341234',NULL,'maythandaroo@management-partners.co.jp','https://myanmar.management-partners.co.jp','','','','',NULL,NULL,NULL,'what is your pet name?','dog',NULL,NULL,1,'2020-09-22 19:05:24','2020-09-22 19:05:24'),(6,'00006','local',29,NULL,'waizin','Grace Htun','2020-09-01',NULL,NULL,NULL,NULL,'05088765765',NULL,'waizinhtun.mdy@gmail.com','https://waizin.com','',NULL,'waizin','',NULL,NULL,NULL,'what is your favourite food?','noodle',NULL,'',3,'2020-09-29 22:16:48','2020-10-08 19:59:36'),(7,'00007','local',30,NULL,'','','2010-04-01','','100','IT SOLUTION','','+818040056009','+818042916009','maythandaroo@management-partners.co.jp','https://myanmar.management-partners.co.jp','00007_logo.jpg','https://www.youtube.com/watch?v=NHVUnljwfOY','','','00007_incharge_photo.png',NULL,NULL,'','','RD\n\n\n\n\nISO9001','',1,'2020-10-03 01:23:18','2021-01-14 19:29:08'),(8,'00008','oversea',32,NULL,'zinkomyint','ZKM','2018-01-01','zinko','582','customer_service ( deliv )','Yangon','1111111111',NULL,'crzycrzy55@gmail.com','https://www.sony.com/','',NULL,'zinko','',NULL,NULL,NULL,'','football',NULL,'48',1,'2020-10-06 22:44:28','2021-01-20 22:54:18'),(9,'00009','local',33,NULL,'waizin waizinhtun.mdy@gmail.com updated','Wai zin (nick name)',NULL,NULL,NULL,NULL,NULL,'05088765765',NULL,'waizinhtun.mdy@gmail.com','https://waizin.com','00009_logo.jpg',NULL,'waizin','','00009_incharge_photo.jfif',NULL,NULL,'what is your favourite food?','noodle',NULL,'24,21,20,22,23',1,'2020-10-07 07:29:04','2021-01-20 21:58:52'),(10,'00010','local',34,NULL,'','','1926-10-01','','2147483647','','','09060036048','0117673276','h_nishimura@management-partners.co.jp','https://myanmar.management-partners.co.jp/','00010_logo.png','https://www.youtube.com/watch?v=lg_tC3LEQhY','','','00010_incharge_photo.png',NULL,NULL,'','h_nishimura@management-partners.co.jp','','',1,'2020-10-10 23:49:17','2020-10-27 23:57:18'),(11,'00011','oversea',37,NULL,'Name Test by Thuzar','Name Test by Thuzar','1959-07-01',NULL,'121211','',NULL,'09060036048',NULL,'mpm_fifth@outlook.jp','https://myanmar.management-partners.co.jp','00011_logo.png',NULL,'','','00011_incharge_photo.png',NULL,NULL,'','','PRPRPRPRPRPRPRPRPRPRPRPRPRPRPRPRPRPRPRPRPRPRPRPRPRPRPRPRPRPRPRPRPRPRPRPRPRPRPRPRPRPRPRPRPRPRPR','',1,'2020-10-13 20:27:40','2020-11-10 03:30:54'),(12,'00012','oversea',38,NULL,'wutmone','wmo','1941-02-01','wutmone','20','123','yangon','123456123456',NULL,'monelay.flower@gmail.com','http://www.testing.com','00012_logo.jpg',NULL,'','','00012_incharge_photo.jpg',NULL,NULL,'what is your favourite food?','hotpot',NULL,'53,21,38,23,22,3,48,67,1',1,'2020-10-14 19:52:09','2021-01-21 17:31:32'),(13,'00013','local',39,NULL,'ee',NULL,'2020-10-01',NULL,NULL,NULL,NULL,'1111111111111',NULL,'www@gmail.com','https://kamome.asia/','','','','',NULL,NULL,NULL,'ww','ww',NULL,NULL,1,'2020-10-14 20:05:15','2020-10-14 20:05:15'),(14,'00014','local',40,NULL,'zinkomyint','ZK','1995-06-01','zinkomyint','128','Web','Yangon','+81 888-888-88','+55 889-8888-8','crzycrzy66@gmail.com','https://www.sony.com/','00014_logo.png','https://www.youtube.com/watch?v=roiAtmTdVlE','zinkomyint','','00014_incharge_photo.jpg',NULL,NULL,'','hotpot','TL\r\n\r\n','24',1,'2020-10-15 19:18:25','2020-10-25 19:19:58'),(15,'00015','local',43,NULL,'zinwahwahhtun85@gmail.com','mtdo','2000-01-01','','100','IT SOLUTION','','+81749423246',NULL,'zinwahwahhtun85@gmail.com','https://myanmar.management-partners.co.jp','',NULL,'','',NULL,NULL,NULL,'','',NULL,'',1,'2020-10-21 22:09:54','2020-12-24 01:33:11'),(16,'00016','local',44,NULL,'()','','2020-10-01','','100','','','+818012311234',NULL,'maywathone@management-partners.co.jp','https://myanmar.management-partners.co.jp','','','','',NULL,NULL,NULL,'','junction square',NULL,NULL,1,'2020-10-21 22:25:36','2020-10-21 22:25:36'),(17,'00017','local',45,NULL,'Thuzar (mpm)',NULL,'2020-10-01',NULL,NULL,NULL,NULL,'22222222222222',NULL,'thuzar@management-partners.co.jp','https://google.com','',NULL,'','',NULL,NULL,NULL,'1','TEsting',NULL,'',1,'2020-10-21 23:15:06','2020-10-27 20:25:25'),(18,'00018','local',50,NULL,'(','','2000-12-01','','100','IT','','+818012341323',NULL,'kyawmya1958@gmail.com','https://myanmar.management-parnters.co.jp','','','','',NULL,NULL,NULL,'','',NULL,'',3,'2020-10-22 19:47:53','2020-10-22 23:30:06'),(19,'00019','local',51,NULL,'mg mg',NULL,'2020-10-01',NULL,NULL,NULL,NULL,'+815088765765',NULL,'mgmg@gmail.com','https://mgmg.com','','','mgmg','',NULL,NULL,NULL,'','apple',NULL,NULL,1,'2020-10-22 23:08:35','2020-10-22 23:08:35'),(20,'00020','oversea',52,NULL,'kyawmya1958@gmail.com','','2000-12-01','','100','','','+81749423246',NULL,'kyawmya1958@gmail.com','https://myanmar.management-partners.co.jp','','','','',NULL,NULL,NULL,'','Travelling',NULL,NULL,1,'2020-10-22 23:35:52','2020-10-22 23:35:52'),(21,'00021','oversea',54,NULL,'mpm_Second','mpm','1917-08-01','','5','test','','+81813345565667',NULL,'n27w525@gmail.com','https://myanmar.management-partners.co.jp','',NULL,'mpm_second','',NULL,NULL,NULL,'1','8',NULL,'',1,'2020-10-23 00:05:21','2021-01-26 16:36:29'),(22,'00022T','local',56,NULL,'Myatwoon',NULL,'2020-10-01',NULL,NULL,NULL,NULL,'+8122222222222222',NULL,'myatwoon.sky@gmail.com','https://google.com','','','','',NULL,NULL,NULL,'','Testing',NULL,NULL,3,'2020-10-23 00:20:44','2021-01-25 18:01:01'),(23,'00023','local',58,NULL,'www','www','2020-10-01',NULL,NULL,NULL,NULL,'+81555555555555',NULL,'mawutmoneoo@gmail.com','https://google.com','','','','',NULL,NULL,NULL,'','hotpot',NULL,NULL,1,'2020-10-23 00:34:16','2020-10-23 00:34:16'),(24,'00024T','oversea',59,NULL,'mpm_third',NULL,'2020-10-01',NULL,NULL,NULL,NULL,'00000000000000','0000 0000000','mpm_third@outlook.jp','https://myanmar.management-partners.co.jp','','https://www.youtube.com/watch?v=eTbp5UA3FkY','mpm_third','',NULL,NULL,NULL,'','',NULL,NULL,3,'2020-10-23 00:41:41','2020-11-18 18:29:25'),(25,'00025','oversea',60,NULL,'maythandaroo@management-partners.co.jp','maythandaroo','1901-01-01','maythandaroo','1000','IT solution','','0749423246',NULL,'kyikyiwin@gmail.com','https://myanmar.management-partners.co.jp','','','','',NULL,NULL,NULL,'','',NULL,NULL,3,'2020-10-27 00:29:10','2020-11-09 23:22:40'),(26,'00026','oversea',61,NULL,'mpm_fourth@outlookjjj',NULL,'11111111','','1234','','','090387827881111','12312312312','mpm_fourth@outlook.jp','https://www.jp','00026_logo.png','https://www.youtube.com/watch?v=lfqi418iIq4','Hhhhh','','00026_incharge_photo.png',NULL,NULL,'gg','','2020/12/25 18:00k','',1,'2020-10-27 03:00:43','2021-01-26 17:45:45'),(27,'00027','oversea',62,NULL,'Thuzar mpm',NULL,'2020-10-01',NULL,NULL,NULL,NULL,'+811111111',NULL,'christhan1990@gmail.com','https://google.com','',NULL,'','',NULL,NULL,NULL,'','Testing',NULL,'',1,'2020-10-27 07:37:05','2020-11-01 01:59:30'),(28,'00028','local',64,NULL,'mp.eccube@gmail.com',NULL,'2020-11-01',NULL,NULL,NULL,NULL,'534354353453',NULL,'mp.eccube@gmail.com','https://myanmar.management-partners.co.jp','','','mp.eccube@gmail.com','',NULL,NULL,NULL,'','',NULL,NULL,1,'2020-11-03 07:07:51','2020-11-03 07:07:51'),(29,'00029','local',65,NULL,'Japan Local',NULL,'2020-11-01',NULL,NULL,NULL,NULL,'+811111111',NULL,'management.partner87@gmail.com','https://google.com','','','Japan local','',NULL,NULL,NULL,'','Testing',NULL,NULL,1,'2020-11-03 20:08:16','2020-11-03 20:08:16'),(30,'00030','local',67,NULL,'New rec',NULL,'2020-11-01',NULL,NULL,NULL,NULL,'22222222222222',NULL,'thuzar@management-partners.co.jp','https://google.com','','','','',NULL,NULL,NULL,'1','Test',NULL,NULL,1,'2020-11-04 01:46:29','2020-11-04 01:46:29'),(31,'00031','local',68,NULL,'n27w525@gmail.com','n27w525@gmail.com','2020-11-01',NULL,NULL,NULL,NULL,'09060036048',NULL,'h_nishimura@management-partners.co.jp','https://myanmar.management-partners.co.jp','00031_logo.png',NULL,'n27w525@gmail.com','','00031_incharge_photo.png',NULL,NULL,'','',NULL,'38,41',1,'2020-11-04 21:20:30','2020-12-21 18:19:29'),(32,'00032','local',69,NULL,'mpm.second@gmail.com',NULL,'2022-08-01',NULL,NULL,NULL,NULL,'09060036048',NULL,'mpm.second@gmail.com','https://myanmar.management-partners.co.jp','','','mpm.second@gmail.com','',NULL,NULL,NULL,'','',NULL,'',1,'2020-11-04 22:19:06','2020-11-04 22:24:15'),(33,'00033','local',72,NULL,'IR-IT-STOCK','ZKM','2015-05-01','zinko','109','IT-DELIVERY','YANGON,JAPAN','+95 447-449-888',NULL,'crzycrzy15@gmail.com','https://www.sony.com/','00033_logo.png','https://www.youtube.com/watch?v=roiAtmTdVlE','zinko','','00033_incharge_photo.jpg',NULL,NULL,'','cake','yodo PRJASDAQPR 1964KyodoPR 20070','',1,'2020-11-05 18:40:41','2020-11-19 22:10:33'),(34,'00034','local',73,NULL,'asdf','asdf','2020-02-01 07:31:04','23','23','adf','adf','232323232323',NULL,'yan.lynn1991@gmail.com','https://www.google.com','','','frer','',NULL,NULL,NULL,'1','aaa',NULL,NULL,1,'2020-11-08 22:31:04','2020-11-08 22:31:04'),(35,'00035','local',74,NULL,'Yan (recruiter)','343','2002-02-01 08:31:25','adf','232','adsf','asdf','1223232323',NULL,'yan.lynn1991@gmail.com','https://www.google.com','',NULL,'frer','',NULL,NULL,NULL,'','aa',NULL,'',1,'2020-11-08 23:31:25','2020-11-11 22:28:29'),(36,'00036','local',75,NULL,'wutmone',NULL,'2020-11-01 10:06:10',NULL,NULL,NULL,NULL,'1111111111111',NULL,'flower@gmail.com','https://flower.com/','','','','',NULL,NULL,NULL,'','key',NULL,NULL,1,'2020-11-09 01:06:10','2020-11-09 01:06:10'),(37,'00037','local',80,NULL,'wutmone',NULL,NULL,NULL,NULL,NULL,NULL,'1111111111111',NULL,'wmo@gmail.com','https://kamome.asia/','',NULL,'','',NULL,NULL,NULL,'','psd',NULL,NULL,1,'2020-11-10 17:30:36','2020-11-15 18:11:39'),(38,'00038T','local',88,NULL,'mpm_first@outlook.jp',NULL,NULL,NULL,NULL,NULL,NULL,'09090009090',NULL,'mpm_first@outlook.jp','https://myanmar.management-partners.co.jp','00038_logo.png','https://www.youtube.com/watch?v=3XzfiqWaTvI','','','00038_incharge_photo.png',NULL,NULL,'','','',NULL,3,'2020-11-12 22:36:53','2020-11-21 01:10:07'),(39,'00039T','local',91,NULL,'Myatwoon',NULL,'1992-01-17','Myatwoon',NULL,NULL,NULL,'09974568554',NULL,'myatwoon.sky@gmail.com','https://google.com','','','Myatwoon ','',NULL,NULL,NULL,'','myatwoon.sky@gmail.com',NULL,NULL,3,'2020-11-16 04:48:30','2020-11-17 22:15:20'),(40,'00040T','local',92,NULL,'Myatwoon 2',NULL,NULL,NULL,NULL,NULL,NULL,'1231234566',NULL,'myatwoon.sky@gmail.com','https://google.com','00040_logo.jpg','https://www.youtube.com/watch?v=PT2_F-1esPk&list=RDjLNrvmXboj8&index=3','','','00040_incharge_photo.jpg',NULL,NULL,'','Testing','PR',NULL,3,'2020-11-17 22:38:45','2020-12-16 00:21:29'),(41,'00041T','local',93,NULL,'mpm_third@outlook.jp',NULL,NULL,NULL,NULL,NULL,NULL,'09060036048',NULL,'mpm_third@outlook.jp','https://myanmar.management-partners.co.jp','','','','',NULL,NULL,NULL,'','',NULL,NULL,3,'2020-11-18 18:31:39','2020-11-19 03:57:08'),(42,'00042','local',95,NULL,'IMC ( kozin )',NULL,NULL,NULL,NULL,NULL,NULL,'+95 886-585-575',NULL,'crzycrzy18@gmail.com','https://www.sony.com/','',NULL,'kozin','',NULL,NULL,NULL,'','cake',NULL,NULL,1,'2020-11-19 20:08:28','2020-11-19 22:31:31'),(43,'00043T','local',96,NULL,'mpm_fifth',NULL,'11',NULL,NULL,NULL,NULL,'0000',NULL,'mpm.third@gmail.com','https://myanmar.management-partners.co.jp','',NULL,'','',NULL,NULL,NULL,'1','',NULL,NULL,3,'2020-11-24 05:40:28','2021-01-10 22:41:55'),(44,'00044','local',99,NULL,'Thuzar Japan Local',NULL,NULL,NULL,NULL,NULL,NULL,'1231234566',NULL,'thuzar.ts922@gmail.com','https://google.com','','','','',NULL,NULL,NULL,'','Thuzar',NULL,NULL,1,'2020-12-03 18:46:44','2020-12-03 18:46:44'),(45,'00045','oversea',102,NULL,'zkm',NULL,NULL,NULL,NULL,NULL,NULL,'+9544449888',NULL,'crzycrzy13@gmail.com','https://www.sony.com/','','','test','',NULL,NULL,NULL,'','test',NULL,NULL,1,'2020-12-06 23:53:58','2020-12-06 23:53:58'),(46,'00046T','local',106,NULL,'mpm.zero@gmail.com',NULL,'heisei','','','','','09060036948',NULL,'mpm.zero@gmail.com','https://www.google.com','','','nishi','',NULL,NULL,NULL,'','',NULL,NULL,3,'2020-12-07 21:41:32','2020-12-07 22:06:25'),(47,'00047T','local',107,NULL,'mpm_first@outlook.jp',NULL,NULL,NULL,NULL,NULL,NULL,'09060036048',NULL,'mpm_first@outlook.jp','https://myanmar.management-partners.co.jp','','','afa','',NULL,NULL,NULL,'','',NULL,NULL,3,'2020-12-07 21:41:58','2020-12-07 22:06:31'),(48,'00048','oversea',108,NULL,'mp.eccube',NULL,'heisei','','','','','09060036948',NULL,'mpm.eccube@gmail.com','https://www.google.com','','','','',NULL,NULL,NULL,'','',NULL,NULL,1,'2020-12-07 21:46:36','2020-12-07 21:46:36'),(49,'00049T','oversea',109,NULL,'mp.mp.devl@gmail.com',NULL,'2020nen','','','','','+098799777',NULL,'mp.mp.devl@gmail.com','https://www.google.com','','','','',NULL,NULL,NULL,'','',NULL,NULL,3,'2020-12-07 21:56:05','2020-12-07 22:06:36'),(50,'00050T','local',110,NULL,'mpm.zero@gmail.com',NULL,'','','1234','','','788999',NULL,'mpm.zero@gmail.com','https://www.com','','','','',NULL,NULL,NULL,'','',NULL,NULL,3,'2020-12-07 22:12:34','2021-01-09 23:03:26'),(51,'00051T','oversea',111,NULL,'mpmpvl',NULL,'','','45677','','','-090865777',NULL,'mp.mp.devl@gmail.com','https://Gmail.com','','','','',NULL,NULL,NULL,'','',NULL,NULL,3,'2020-12-07 22:19:42','2021-01-09 22:58:37'),(52,NULL,'local',112,NULL,'mpm_first@outlook.jp',NULL,NULL,NULL,NULL,NULL,NULL,'09060036048',NULL,'mpm_first@outlook.jp','https://myanmar.management-partners.co.jp','','','','',NULL,NULL,NULL,'','',NULL,NULL,1,'2020-12-11 01:33:17','2020-12-11 01:33:17'),(53,'00052T','local',115,NULL,'Thuzar',NULL,NULL,NULL,NULL,NULL,NULL,'09999999999999',NULL,'myatwoon.sky@gmail.com','https://google.com','00052_logo.jpg',NULL,'','','00052_incharge_photo.png',NULL,NULL,'1','www',NULL,NULL,3,'2020-12-16 00:22:04','2021-01-25 18:05:59'),(55,NULL,'local',122,NULL,'Testing',NULL,'testing','testing','testing','testing','testing','09950866470',NULL,'ssda565@gmail.com','https://testoverseas-jobs.management-partners.co.j','','','test','',NULL,NULL,NULL,'','Test',NULL,NULL,1,'2020-12-21 16:45:01','2020-12-21 16:45:01'),(56,NULL,'local',123,NULL,'Thuzar Testing',NULL,NULL,NULL,NULL,NULL,NULL,'09999999999999',NULL,'thuzar.ts@gmail.com','https://google.com','',NULL,'','',NULL,NULL,NULL,'Other','Testing',NULL,NULL,1,'2020-12-23 23:18:11','2020-12-23 23:26:42'),(57,'00053','local',124,NULL,'Thuzar MPM',NULL,NULL,NULL,NULL,NULL,NULL,'09999999999999',NULL,'waizin@management-partners.co.jp','https://google.com','00053_logo.jpg','https://www.youtube.com/watch?v=ShZ978fBl6Y&list=RDktnOsnWut4o&index=2','','','00053_incharge_photo.png',NULL,NULL,'xx','Testing',NULL,NULL,1,'2020-12-23 23:42:03','2020-12-27 18:00:02'),(58,'00054','local',125,NULL,'Thuzar',NULL,NULL,NULL,NULL,NULL,NULL,'09999999999999',NULL,'waizin@management-partners.co.jp','https://google.com','',NULL,'','',NULL,NULL,NULL,'','Testing',NULL,NULL,1,'2020-12-23 23:45:48','2020-12-24 01:13:25'),(59,'00055T','local',126,NULL,'Thuzar mpm',NULL,NULL,NULL,NULL,NULL,NULL,'09999999999999',NULL,'thuzar@management-partners.co.jp','https://google.com','','','','',NULL,NULL,NULL,'testing question for secret is too long, please enter','Answer',NULL,NULL,3,'2020-12-24 01:18:23','2020-12-24 01:28:24'),(60,'00056T','local',127,NULL,'Thuzar MPM',NULL,NULL,NULL,NULL,NULL,NULL,'09999999999999',NULL,'thuzar@management-partners.co.jp','https://google.com','','','','',NULL,NULL,NULL,'Testing Question ','Testing Answer',NULL,NULL,3,'2020-12-24 01:30:00','2020-12-25 03:52:31'),(62,'00057','local',129,NULL,'Yan Lynn Aung (safari)',NULL,'testing','testing','testing','testing','testing','123123123123',NULL,'yanlynn2021@gmail.com','http://www.google.com','00057_logo.jpg','https://www.youtube.com/watch?v=_tNU6dpjIyM&list=RD_tNU6dpjIyM&start_radio=1','yanlynn2021@gmail.com','','00057_incharge_photo.jpg',NULL,NULL,'1','123123123','testingtestingtestingtestingtestingtes tingtestingtestingtestingtestingtestingte stingtestingtestingtestingtestingtestingtest ingtestingtestingtestingtesting testingtestingtestingtesting','53,21,23,20,38,22',2,'2020-12-29 22:14:42','2020-12-30 02:01:41'),(63,'00058','oversea',134,NULL,'mpm.zero',NULL,'1234577','daihyo','juugyouinn','jigyou','','09060036948',NULL,'mpm.zero@gmail.com','https://www.gool.com','','','nishi','',NULL,NULL,NULL,'','',NULL,NULL,1,'2021-01-09 23:06:50','2021-01-09 23:36:58'),(64,'00059T','oversea',136,NULL,'mpm.third@gmail.com',NULL,'Ggg','Jjj','Tttt','Jjjj','Aaa','1111111111',NULL,'mpm.third@gmail.com','https://www.google.com','','','Nishi','',NULL,NULL,NULL,'','',NULL,NULL,3,'2021-01-10 22:46:37','2021-01-10 22:50:22'),(65,'00060','oversea',137,NULL,'mpm.third@gmail.com',NULL,NULL,NULL,NULL,NULL,NULL,'11111111211',NULL,'mpm.third@gmail.com','https://www.google.com','','','Nishi','',NULL,NULL,NULL,'','',NULL,'',1,'2021-01-10 22:52:13','2021-01-10 23:35:38'),(66,'00061','oversea',138,NULL,'',NULL,'1995','','1000','IT','','08522223586',NULL,'zinwahwahhtun2006@gmail.com','https://myanmar.management-partners.co.jp','00061_logo.jpg',NULL,'','',NULL,NULL,NULL,'','',NULL,'22',1,'2021-01-14 19:34:16','2021-01-26 19:36:05'),(67,'00062','local',139,NULL,'Thuzar mpm',NULL,'18-01-2021','Recruiter',NULL,NULL,NULL,'09974568554',NULL,'thuzar@management-partners.co.jp','https://google.com','','','Recruiter','',NULL,NULL,NULL,'','',NULL,NULL,1,'2021-01-18 00:48:16','2021-01-18 00:58:26'),(68,'00063','local',143,NULL,'mp.mp.devl@gmail.com',NULL,NULL,NULL,NULL,NULL,NULL,'09060036048',NULL,'mp.mp.devl@gmail.com','https://myanmar.management-partners.co.jp','','','','',NULL,NULL,NULL,'','',NULL,NULL,1,'2021-01-22 22:26:22','2021-01-22 22:26:45'),(69,NULL,'local',144,NULL,'Myatwoon sky',NULL,NULL,NULL,NULL,NULL,NULL,'1231234566',NULL,'myatwoon.sky@gmail.com','https://google.com','','','','',NULL,NULL,NULL,'','Testing',NULL,NULL,1,'2021-01-25 18:08:34','2021-01-26 20:10:48'),(70,'00064T','local',148,NULL,'Thuzar Thaung Sein',NULL,NULL,NULL,NULL,NULL,NULL,'1231234566',NULL,'thuzarthaungsein@gmail.com',NULL,'','','','',NULL,NULL,NULL,'','123123123',NULL,NULL,3,'2021-01-26 00:54:50','2021-01-26 00:57:21'),(72,'00065','local',150,NULL,'THUZAR',NULL,NULL,NULL,NULL,NULL,NULL,'1231234566',NULL,'myatwoon.sky@gmail.com',NULL,'','','','',NULL,NULL,NULL,'','thuzar',NULL,'',1,'2021-01-26 00:58:37','2021-01-26 20:21:43'),(73,'00066','oversea',151,NULL,'mpm_second@outlook.jp',NULL,NULL,NULL,NULL,NULL,NULL,'09060036048',NULL,'mpm_second@outlook.jp','https://myanmar.co','','','','',NULL,NULL,NULL,'','',NULL,NULL,1,'2021-01-26 17:41:32','2021-01-26 17:42:09'),(74,'00067','oversea',152,NULL,'may',NULL,'20210127','','100','IT','','08042256009',NULL,'mayforever2006@gmail.com',NULL,'','','','',NULL,NULL,NULL,'','',NULL,NULL,1,'2021-01-26 19:37:57','2021-01-26 19:38:10'),(75,'00068','oversea',154,NULL,'Daniel Simmons',NULL,'Voluptate ratione qu','Illum dolorum velit','Quidem alias omnis a','Cillum dolore at est','Similique at anim eu','+1 (544) 971-1431',NULL,'zayarpn@management-partners.co.jp','https://www.nazufelylipig.tv','','','Quia illum earum om','',NULL,NULL,NULL,'','Quas nulla irure non',NULL,NULL,1,'2021-01-26 22:35:59','2021-01-26 22:37:22');
/*!40000 ALTER TABLE `recruiters` ENABLE KEYS */;
UNLOCK TABLES;

--
-- Table structure for table `roles`
--

DROP TABLE IF EXISTS `roles`;
/*!40101 SET @saved_cs_client     = @@character_set_client */;
/*!40101 SET character_set_client = utf8 */;
CREATE TABLE `roles` (
  `id` bigint(20) unsigned NOT NULL AUTO_INCREMENT,
  `role_name` varchar(191) COLLATE utf8mb4_unicode_ci NOT NULL,
  `record_status` int(11) NOT NULL DEFAULT '1',
  `created_at` timestamp NULL DEFAULT NULL,
  `updated_at` timestamp NULL DEFAULT NULL,
  PRIMARY KEY (`id`)
) ENGINE=InnoDB DEFAULT CHARSET=utf8mb4 COLLATE=utf8mb4_unicode_ci;
/*!40101 SET character_set_client = @saved_cs_client */;

--
-- Dumping data for table `roles`
--

LOCK TABLES `roles` WRITE;
/*!40000 ALTER TABLE `roles` DISABLE KEYS */;
/*!40000 ALTER TABLE `roles` ENABLE KEYS */;
UNLOCK TABLES;

--
-- Table structure for table `scouts`
--

DROP TABLE IF EXISTS `scouts`;
/*!40101 SET @saved_cs_client     = @@character_set_client */;
/*!40101 SET character_set_client = utf8 */;
CREATE TABLE `scouts` (
  `id` bigint(20) unsigned NOT NULL AUTO_INCREMENT,
  `recruiter_id` bigint(20) unsigned NOT NULL,
  `jobseeker_id` bigint(20) unsigned NOT NULL,
  `job_id` bigint(20) unsigned NOT NULL,
  `occupation_description` text COLLATE utf8mb4_unicode_ci,
  `employment_types` varchar(255) COLLATE utf8mb4_unicode_ci DEFAULT NULL,
  `job_location` text COLLATE utf8mb4_unicode_ci,
  `management_number` varchar(20) COLLATE utf8mb4_unicode_ci DEFAULT NULL,
  `scout_status` varchar(191) COLLATE utf8mb4_unicode_ci NOT NULL,
  `scouted_date` timestamp NOT NULL DEFAULT CURRENT_TIMESTAMP,
  `record_status` int(11) NOT NULL DEFAULT '1',
  `created_at` timestamp NULL DEFAULT NULL,
  `updated_at` timestamp NULL DEFAULT NULL,
  `read_job` tinyint(1) NOT NULL DEFAULT '0',
  `send_noti` tinyint(1) DEFAULT '0',
  PRIMARY KEY (`id`)
) ENGINE=InnoDB AUTO_INCREMENT=189 DEFAULT CHARSET=utf8mb4 COLLATE=utf8mb4_unicode_ci;
/*!40101 SET character_set_client = @saved_cs_client */;

--
-- Dumping data for table `scouts`
--

LOCK TABLES `scouts` WRITE;
/*!40000 ALTER TABLE `scouts` DISABLE KEYS */;
INSERT INTO `scouts` VALUES (1,2,1,1,NULL,NULL,NULL,'S202009040012','','2020-07-22 09:44:43',1,NULL,'2020-11-03 19:23:50',0,0),(2,1,1,2,NULL,NULL,NULL,'S202007220005','','2020-07-22 09:44:43',1,NULL,'2020-10-15 05:21:01',0,0),(3,2,1,3,NULL,NULL,NULL,'S202009040011','','2020-07-21 17:30:00',1,NULL,'2020-09-06 23:52:20',0,0),(4,1,1,4,NULL,NULL,NULL,'S202007220004','','2020-07-22 09:44:43',1,NULL,NULL,0,0),(5,1,1,5,NULL,NULL,NULL,'S202007210002','','2020-07-22 09:44:43',1,NULL,'2020-09-03 20:25:29',0,0),(6,1,1,6,NULL,NULL,NULL,'S202007220006','/','2020-07-22 09:44:43',1,NULL,'2020-08-20 02:19:56',0,0),(7,1,1,3,NULL,NULL,NULL,'S202007210001','/','2020-07-21 17:30:00',1,NULL,NULL,0,0),(8,1,1,1,NULL,NULL,NULL,'S202007210003','','2020-07-22 09:44:43',1,NULL,'2020-09-03 21:04:27',0,0),(9,1,1,4,NULL,NULL,NULL,'S202007220004','','2020-07-22 09:44:43',1,NULL,NULL,0,0),(10,1,1,2,NULL,NULL,NULL,'S202007220005','','2020-07-22 09:44:43',1,NULL,NULL,0,0),(11,1,1,5,NULL,NULL,NULL,'S202007210002','','2020-07-22 09:44:43',1,NULL,'2020-08-11 01:48:36',0,0),(12,1,1,6,NULL,NULL,NULL,'S202007220006','/','2020-07-22 09:44:43',1,NULL,'2020-08-31 19:58:21',0,0),(13,1,1,2,NULL,NULL,NULL,'S202007220005','','2020-07-22 09:44:43',1,NULL,'2020-08-18 02:02:39',0,0),(14,1,1,5,NULL,NULL,NULL,'S202007210002','','2020-07-22 09:44:43',1,NULL,'2020-08-11 01:48:36',0,0),(15,1,1,6,NULL,NULL,NULL,'S202007220006','','2020-07-22 09:44:43',1,NULL,'2020-09-02 03:09:52',0,0),(16,1,1,5,NULL,NULL,NULL,'S202007210002','','2020-07-22 09:44:43',1,NULL,'2020-08-11 01:48:36',0,0),(17,1,1,6,NULL,NULL,NULL,'S202007220006','','2020-07-22 09:44:43',1,NULL,'2020-09-02 03:12:29',0,0),(18,1,1,3,NULL,NULL,NULL,'S202007210001','/','2020-07-21 17:30:00',1,NULL,NULL,0,0),(19,2,1,3,NULL,NULL,NULL,'S202009040010','','2020-07-21 17:30:00',1,NULL,'2020-10-15 23:40:09',0,0),(20,2,1,1,NULL,NULL,NULL,'S202009040009','','2020-07-22 09:44:43',1,NULL,'2020-09-03 21:48:55',0,0),(21,1,1,4,NULL,NULL,NULL,'S202007220004','','2020-07-22 09:44:43',1,NULL,NULL,0,0),(22,1,1,4,NULL,NULL,NULL,'S202007220004','','2020-07-22 09:44:43',1,NULL,'2020-08-18 02:02:00',0,0),(23,1,1,3,NULL,NULL,NULL,'S202007210001','/','2020-07-21 17:30:00',1,NULL,NULL,0,0),(24,2,1,3,NULL,NULL,NULL,'S202009040008','','2020-07-21 17:30:00',1,NULL,'2020-09-03 21:48:30',0,0),(25,2,1,1,NULL,NULL,NULL,'S202009040016','','2020-07-22 09:44:43',1,NULL,'2020-09-03 21:47:01',0,0),(26,1,1,4,NULL,NULL,NULL,'S202007220004','','2020-07-22 09:44:43',1,NULL,'2020-09-03 21:03:14',0,0),(27,1,1,2,NULL,NULL,NULL,'S202007220005','','2020-07-22 09:44:43',1,NULL,NULL,0,0),(28,1,1,5,NULL,NULL,NULL,'S202007210002','','2020-07-22 09:44:43',1,NULL,'2020-08-11 01:48:36',0,0),(29,1,1,5,NULL,NULL,NULL,'S202007210002','','2020-07-22 09:44:43',1,NULL,'2020-08-11 01:48:36',0,0),(30,1,1,6,NULL,NULL,NULL,'S202007220006','','2020-07-22 09:44:43',1,NULL,'2020-09-02 22:34:50',0,0),(31,1,1,3,NULL,NULL,NULL,'S202007210001','/','2020-07-21 17:30:00',1,NULL,NULL,0,0),(32,1,1,4,NULL,NULL,NULL,'S202007220004','','2020-07-22 09:44:43',1,NULL,NULL,0,0),(33,1,1,4,NULL,NULL,NULL,'S202007220004','','2020-07-22 09:44:43',1,NULL,'2020-08-20 02:18:08',0,0),(34,1,1,3,NULL,NULL,NULL,'S202007210001','/','2020-07-21 17:30:00',1,NULL,NULL,0,0),(35,1,1,3,NULL,NULL,NULL,'S202007210001','/','2020-07-21 17:30:00',1,NULL,NULL,0,0),(36,1,1,1,NULL,NULL,NULL,'S202007210003','','2020-07-22 09:44:43',1,NULL,'2020-08-14 03:50:33',0,0),(37,1,1,4,NULL,NULL,NULL,'S202007220004','','2020-07-22 09:44:43',1,NULL,NULL,0,0),(38,1,1,2,NULL,NULL,NULL,'S202007220005','','2020-07-22 09:44:43',1,NULL,NULL,0,0),(39,1,1,5,NULL,NULL,NULL,'S202007210002','','2020-07-22 09:44:43',1,NULL,'2020-08-11 01:48:36',0,0),(40,1,1,6,NULL,NULL,NULL,'S202007220006','','2020-07-22 09:44:43',1,NULL,NULL,0,0),(41,1,1,2,NULL,NULL,NULL,'S202007220005','/','2020-07-22 09:44:43',1,NULL,'2020-09-01 19:37:15',0,0),(42,1,1,5,NULL,NULL,NULL,'S202007210002','','2020-07-22 09:44:43',1,NULL,'2020-08-11 01:48:36',0,0),(43,1,1,6,NULL,NULL,NULL,'S202007220006','','2020-07-22 09:44:43',1,NULL,'2020-08-30 21:06:31',0,0),(44,1,1,5,NULL,NULL,NULL,'S202007210002','','2020-07-22 09:44:43',1,NULL,'2020-08-11 01:48:36',0,0),(45,1,1,4,NULL,NULL,NULL,'S202007220004','','2020-07-22 09:44:43',1,NULL,NULL,0,0),(46,1,1,4,NULL,NULL,NULL,'S202007220004','','2020-07-22 09:44:43',1,NULL,'2020-08-18 02:02:00',0,0),(47,1,1,3,NULL,NULL,NULL,'S202009080006','','2020-07-21 17:30:00',1,NULL,'2020-12-28 21:49:44',1,1),(48,2,1,3,NULL,NULL,NULL,'S202009040015','','2020-07-21 17:30:00',1,NULL,'2020-09-03 21:16:23',0,0),(49,2,1,1,NULL,NULL,NULL,'S202009040014','','2020-07-22 09:44:43',1,NULL,'2020-09-03 21:11:10',0,0),(50,2,1,1,NULL,NULL,NULL,'S202009100011','','2020-07-22 09:44:43',1,NULL,'2020-10-27 05:58:15',0,0),(51,1,1,1,NULL,NULL,NULL,'S202009100010','','2020-09-08 05:21:26',1,NULL,'2020-09-08 00:23:14',0,0),(52,1,1,2,NULL,NULL,NULL,'S202009100009','','2020-09-08 06:54:38',1,NULL,'2020-09-08 00:26:19',0,0),(53,1,1,2,NULL,NULL,NULL,'S202009100008','','2020-09-08 07:29:25',1,'2020-09-07 17:30:00','2020-09-08 01:00:38',0,0),(54,1,1,3,NULL,NULL,NULL,'S202009100007','','2020-09-08 08:04:21',1,'2020-09-07 17:30:00','2020-09-08 19:54:06',0,0),(55,1,1,3,NULL,NULL,NULL,'S202009100006','','2020-09-08 08:10:03',1,NULL,NULL,0,0),(56,1,1,3,NULL,NULL,NULL,'S202009100005','','2020-09-08 08:10:13',1,NULL,'2020-09-08 03:41:39',0,0),(57,1,1,3,NULL,NULL,NULL,'S202009100004','','2020-09-08 08:10:28',1,NULL,'2020-09-08 01:42:36',0,0),(58,1,1,3,NULL,NULL,NULL,'S202009100003','','2020-09-08 08:10:35',1,NULL,'2020-09-08 01:43:33',0,0),(59,1,1,3,NULL,NULL,NULL,'S202009100001','','2020-09-08 08:15:02',1,NULL,'2020-10-27 06:05:53',0,0),(60,1,1,3,NULL,NULL,NULL,'S202009100002','','2020-09-08 08:15:07',1,NULL,'2020-09-09 03:13:27',0,0),(61,1,1,70,NULL,NULL,NULL,'S202009180001','','2020-09-18 01:36:51',1,'2020-09-18 01:36:51','2020-11-24 18:18:10',1,0),(62,1,1,40,NULL,NULL,NULL,'S202009180002','','2020-09-18 01:50:40',1,'2020-09-18 01:50:40','2020-09-18 01:54:02',0,0),(63,1,1,57,NULL,NULL,NULL,'S202009180003','','2020-09-18 01:50:47',1,'2020-09-18 01:50:47','2020-09-18 01:52:14',0,0),(64,1,1,83,NULL,NULL,NULL,'S202009250001','','2020-09-24 20:37:11',1,'2020-09-24 20:37:11','2020-09-24 21:01:42',0,0),(65,1,1,85,NULL,NULL,NULL,'S202010030001','/','2020-10-02 18:34:53',1,'2020-10-02 18:34:53','2020-10-09 02:31:24',0,0),(66,1,21,83,NULL,NULL,NULL,'S202010080001','','2020-10-07 20:08:26',1,'2020-10-07 20:08:26','2020-10-07 20:14:34',0,0),(67,10,21,88,NULL,NULL,NULL,'S202010110001','','2020-10-11 01:32:20',1,'2020-10-11 01:32:20','2020-10-11 01:32:20',0,0),(68,11,24,90,NULL,NULL,NULL,'S202010140001','','2020-10-13 22:12:46',1,'2020-10-13 22:12:46','2020-10-15 23:43:28',0,0),(69,14,23,93,NULL,NULL,NULL,'S202010160001','','2020-10-16 00:20:16',1,'2020-10-16 00:20:16','2020-10-16 00:22:48',0,0),(70,1,1,87,NULL,NULL,NULL,'S202010180001','/','2020-10-18 00:31:33',1,'2020-10-18 00:31:33','2020-10-20 20:03:35',0,0),(71,1,3,100,NULL,NULL,NULL,'S202010190001','','2020-10-19 02:22:46',1,'2020-10-19 02:22:46','2020-10-19 16:26:26',0,0),(72,1,21,100,NULL,NULL,NULL,'S202010200001','','2020-10-19 22:37:38',1,'2020-10-19 22:37:38','2020-10-19 22:37:38',0,0),(73,9,25,101,NULL,NULL,NULL,'S202010200002','/','2020-10-20 10:07:03',1,'2020-10-20 10:07:03','2020-10-21 20:35:29',0,0),(74,1,1,109,NULL,NULL,NULL,'S202010220001','','2020-10-21 17:51:48',1,'2020-10-21 17:51:48','2020-10-21 18:07:08',0,0),(75,1,1,106,NULL,NULL,NULL,'S202010220002','','2020-10-21 17:54:24',1,'2020-10-21 17:54:24','2020-11-10 18:39:37',1,0),(76,1,1,84,NULL,NULL,NULL,'S202010230001','','2020-10-22 16:58:16',1,'2020-10-22 16:58:16','2020-10-27 06:06:55',0,0),(77,1,21,108,NULL,NULL,NULL,'S202010230002','','2020-10-22 19:25:30',1,'2020-10-22 19:25:30','2020-10-22 19:25:30',0,0),(78,18,21,111,NULL,NULL,NULL,'S202010230003','','2020-10-22 19:55:13',1,'2020-10-22 19:55:13','2020-10-22 19:55:13',0,0),(79,15,21,112,NULL,NULL,NULL,'S202010230004','','2020-10-22 22:33:51',1,'2020-10-22 22:33:51','2020-11-09 07:28:00',0,0),(80,1,21,110,NULL,NULL,NULL,'S202010230005','','2020-10-22 23:21:35',1,'2020-10-22 23:21:35','2020-10-22 23:29:17',0,0),(81,11,24,99,NULL,NULL,NULL,'S202010230006','','2020-10-23 00:23:51',1,'2020-10-23 00:23:51','2020-11-08 21:12:56',1,0),(82,11,24,116,NULL,NULL,NULL,'S202010240001','','2020-10-23 17:24:45',1,'2020-10-23 17:24:45','2020-10-23 17:43:31',0,0),(83,7,21,121,NULL,NULL,NULL,'S202010270001','','2020-10-27 01:16:38',1,'2020-10-27 01:16:38','2020-10-27 01:17:55',0,0),(84,27,1,122,NULL,NULL,NULL,'S202010270002','','2020-10-27 07:39:39',1,'2020-10-27 07:39:39','2020-10-27 07:43:02',0,0),(85,1,1,123,NULL,NULL,NULL,'S202010270003','','2020-10-27 07:57:45',1,'2020-10-27 07:57:45','2020-11-15 17:57:15',1,0),(86,1,1,120,NULL,NULL,NULL,'S202010280001','','2020-10-27 18:24:59',1,'2020-10-27 18:24:59','2021-01-25 17:03:14',1,1),(87,1,25,123,NULL,NULL,NULL,'S202010280002','','2020-10-27 19:14:40',1,'2020-10-27 19:14:40','2020-11-03 22:10:06',0,0),(88,27,21,122,NULL,NULL,NULL,'S202010280003','','2020-10-27 19:39:09',1,'2020-10-27 19:39:09','2020-10-27 19:40:35',0,0),(89,27,21,124,NULL,NULL,NULL,'S202010280004','','2020-10-27 19:47:08',1,'2020-10-27 19:47:08','2020-10-27 19:49:34',0,0),(90,27,25,122,NULL,NULL,NULL,'S202010280005','','2020-10-27 20:14:47',1,'2020-10-27 20:14:47','2020-10-27 20:15:28',0,0),(91,27,21,125,NULL,NULL,NULL,'S202010280006','','2020-10-27 20:19:21',1,'2020-10-27 20:19:21','2020-10-27 20:20:43',0,0),(92,17,21,126,NULL,NULL,NULL,'S202010280007','','2020-10-27 20:25:25',1,'2020-10-27 20:25:25','2020-10-27 20:25:53',0,0),(93,11,25,127,NULL,NULL,NULL,'S202010280008','','2020-10-27 23:29:27',1,'2020-10-27 23:29:27','2020-11-03 06:14:24',0,0),(94,11,24,127,NULL,NULL,NULL,'S202010280009','','2020-10-27 23:30:02',1,'2020-10-27 23:30:02','2020-11-09 03:35:25',1,0),(95,17,24,126,NULL,NULL,NULL,'S202010280010','','2020-10-27 23:38:35',1,'2020-10-27 23:38:35','2020-11-03 19:20:25',0,0),(96,10,21,89,NULL,NULL,NULL,'S202010280011','','2020-10-27 23:57:17',1,'2020-10-27 23:57:17','2020-10-27 23:57:45',0,0),(97,10,21,128,NULL,NULL,NULL,'S202010280012','','2020-10-28 00:12:50',1,'2020-10-28 00:12:50','2020-11-03 06:17:02',0,0),(98,11,24,131,NULL,NULL,NULL,'S202011030001','','2020-11-03 03:42:57',1,'2020-11-03 03:42:57','2020-11-24 17:18:38',0,0),(99,11,20,131,NULL,NULL,NULL,'S202011030002','','2020-11-03 04:09:00',1,'2020-11-03 04:09:00','2020-11-03 04:09:00',0,0),(100,7,21,135,NULL,NULL,NULL,'S202011030003','','2020-11-03 06:29:30',1,'2020-11-03 06:29:30','2020-11-03 06:31:39',0,0),(101,9,21,103,NULL,NULL,NULL,'S202011040001','','2020-11-04 09:10:24',1,'2020-11-04 09:10:24','2020-11-04 09:10:24',0,0),(102,9,25,103,NULL,NULL,NULL,'S202011040002','','2020-11-04 09:10:55',1,'2020-11-04 09:10:55','2020-11-24 06:13:47',0,0),(103,9,25,130,NULL,NULL,NULL,'S202011050001','','2020-11-05 08:17:15',1,'2020-11-05 08:17:15','2020-11-24 22:05:13',1,0),(104,33,38,146,NULL,NULL,NULL,'S202011060001','','2020-11-05 19:31:20',1,'2020-11-05 19:31:20','2020-11-09 17:27:40',0,0),(105,1,1,144,NULL,NULL,NULL,'S202011060002','','2020-11-05 22:12:48',1,'2020-11-05 22:12:48','2020-11-16 19:27:50',1,0),(106,26,21,147,NULL,NULL,NULL,'S202011060003','','2020-11-06 04:27:07',1,'2020-11-06 04:27:07','2020-11-06 04:27:07',0,0),(107,26,24,147,NULL,NULL,NULL,'S202011060004','','2020-11-06 04:31:32',1,'2020-11-06 04:31:32','2020-11-08 21:13:08',1,0),(108,1,3,148,NULL,NULL,NULL,'S202011060005','','2020-11-06 05:23:53',1,'2020-11-06 05:23:53','2020-11-06 05:46:42',0,0),(109,1,3,149,NULL,NULL,NULL,'S202011060006','','2020-11-06 06:26:29',1,'2020-11-06 06:26:29','2020-11-06 07:16:00',0,0),(110,1,3,144,NULL,NULL,NULL,'S202011060007','/','2020-11-06 07:06:41',1,'2020-11-06 07:06:41','2020-11-11 01:20:13',0,0),(111,21,23,155,NULL,NULL,NULL,'S202011070001','','2020-11-06 22:47:36',1,'2020-11-06 22:47:36','2020-11-06 22:47:36',0,0),(112,21,24,156,NULL,NULL,NULL,'S202011070002','','2020-11-06 22:49:09',1,'2020-11-06 22:49:09','2020-11-06 23:02:54',0,0),(113,33,23,161,NULL,NULL,NULL,'S202011090001','','2020-11-08 18:03:12',1,'2020-11-08 18:03:12','2020-12-24 22:23:26',1,0),(114,33,38,161,NULL,NULL,NULL,'S202011090002','','2020-11-08 18:04:16',1,'2020-11-08 18:04:16','2020-11-08 18:04:16',0,0),(115,33,38,163,NULL,NULL,NULL,'S202011090003','','2020-11-08 18:25:23',1,'2020-11-08 18:25:23','2020-11-09 17:53:03',0,0),(116,33,38,162,NULL,NULL,NULL,'S202011090004','','2020-11-08 18:44:32',1,'2020-11-08 18:44:32','2020-11-16 21:56:26',0,1),(117,1,1,149,NULL,NULL,NULL,'S202011100001','','2020-11-09 23:17:42',1,'2020-11-09 23:17:42','2020-11-15 17:58:50',1,0),(118,11,24,171,NULL,NULL,NULL,'S202011100002','','2020-11-10 02:43:42',1,'2020-11-10 02:43:42','2020-11-10 03:47:06',1,0),(119,31,24,159,NULL,NULL,NULL,'S202011110001','','2020-11-11 00:58:10',1,'2020-11-11 00:58:10','2020-11-11 00:58:10',0,0),(120,1,44,100,NULL,NULL,NULL,'S202011130001','','2020-11-12 20:20:01',1,'2020-11-12 20:20:01','2020-11-24 18:31:24',0,1),(121,1,44,109,NULL,NULL,NULL,'S202011130002','/','2020-11-12 20:24:45',1,'2020-11-12 20:24:45','2020-12-06 23:55:05',1,0),(122,1,44,140,NULL,NULL,NULL,'S202011130003','','2020-11-12 21:21:11',1,'2020-11-12 21:21:11','2020-11-23 01:29:42',0,0),(123,31,24,198,NULL,NULL,NULL,'S202011130004','','2020-11-12 21:40:07',1,'2020-11-12 21:40:07','2020-11-12 21:41:27',0,0),(125,1,21,206,NULL,NULL,NULL,'S202011150001','/','2020-11-14 21:05:25',1,'2020-11-14 21:05:25','2020-11-16 21:46:07',0,1),(126,26,49,209,NULL,NULL,NULL,'S202011160001','/','2020-11-16 01:26:10',1,'2020-11-16 01:26:10','2020-12-06 23:13:39',1,0),(127,1,3,206,NULL,NULL,NULL,'S202011160002','','2020-11-16 01:35:44',1,'2020-11-16 01:35:44','2020-11-16 01:35:44',0,0),(128,39,44,212,NULL,NULL,NULL,'S202011160003','','2020-11-16 04:52:20',1,'2020-11-16 04:52:20','2020-11-18 04:56:48',1,0),(129,1,1,206,NULL,NULL,NULL,'S202011170001','','2020-11-16 21:36:56',1,'2020-11-16 21:36:56','2020-11-22 17:28:57',1,0),(130,1,46,206,NULL,NULL,NULL,'S202011170002','','2020-11-16 21:37:51',1,'2020-11-16 21:37:51','2020-11-16 21:37:51',0,0),(131,33,48,145,NULL,NULL,NULL,'S202011170003','','2020-11-16 21:46:25',1,'2020-11-16 21:46:25','2020-11-16 21:54:07',0,1),(132,33,38,213,NULL,NULL,NULL,'S202011170004','','2020-11-16 22:03:34',1,'2020-11-16 22:03:34','2020-11-16 22:04:12',0,0),(133,33,48,213,NULL,NULL,NULL,'S202011180001','','2020-11-17 16:47:41',1,'2020-11-17 16:47:41','2020-11-19 21:39:17',0,1),(134,26,24,215,NULL,NULL,NULL,'S202011180002','','2020-11-18 02:49:55',1,'2020-11-18 02:49:55','2020-11-18 18:09:59',1,0),(136,26,24,216,NULL,NULL,NULL,'S202011190001','','2020-11-19 03:11:08',1,'2020-11-19 03:11:08','2020-11-19 03:11:08',0,0),(137,26,24,211,NULL,NULL,NULL,'S202011190002','','2020-11-19 03:12:21',1,'2020-11-19 03:12:21','2020-11-19 03:14:13',1,0),(138,1,36,219,NULL,NULL,NULL,'S202011190003','','2020-11-19 05:39:27',1,'2020-11-19 05:39:27','2020-11-23 18:39:02',0,0),(139,40,36,221,NULL,NULL,NULL,'S202011190004','','2020-11-19 05:54:08',1,'2020-11-19 05:54:08','2020-11-25 22:27:04',1,0),(140,1,25,225,NULL,NULL,NULL,'S202011200001','','2020-11-19 21:49:43',1,'2020-11-19 21:49:43','2021-01-04 23:48:25',1,1),(141,33,48,180,NULL,NULL,NULL,'S202011200002','','2020-11-19 22:10:32',1,'2020-11-19 22:10:32','2020-11-19 22:10:48',0,0),(142,33,48,164,NULL,NULL,NULL,'S202011200003','','2020-11-19 22:13:56',1,'2020-11-19 22:13:56','2020-11-25 19:31:51',0,0),(143,31,24,233,NULL,NULL,NULL,'S202011240001','','2020-11-23 16:08:29',1,'2020-11-23 16:08:29','2020-12-02 22:46:57',0,0),(144,21,24,235,NULL,NULL,NULL,'S202011240002','','2020-11-23 16:35:34',1,'2020-11-23 16:35:34','2020-12-02 22:46:22',0,0),(145,9,25,238,NULL,NULL,NULL,'S202011240003','','2020-11-24 05:35:32',1,'2020-11-24 05:35:32','2021-01-14 18:12:10',1,1),(146,9,25,143,NULL,NULL,NULL,'S202011250001','','2020-11-24 22:03:02',1,'2020-11-24 22:03:02','2020-12-01 17:31:05',1,0),(147,1,44,240,NULL,NULL,NULL,'S202011250002','','2020-11-25 00:52:56',1,'2020-11-25 00:52:56','2020-11-25 00:56:37',0,0),(148,1,44,241,NULL,NULL,NULL,'S202011260001','','2020-11-25 17:42:09',1,'2020-11-25 17:42:09','2020-12-03 17:10:27',1,0),(149,9,25,242,NULL,NULL,NULL,'S202011260002','','2020-11-25 21:19:36',1,'2020-11-25 21:19:36','2020-12-13 23:52:27',1,0),(150,35,53,246,NULL,NULL,NULL,'S202012010001','','2020-11-30 21:12:02',1,'2020-11-30 21:12:02','2020-12-18 00:26:18',0,0),(151,1,36,237,NULL,NULL,NULL,'S202012020001','','2020-12-01 17:40:34',1,'2020-12-01 17:40:34','2020-12-03 00:11:18',0,1),(152,1,36,248,NULL,NULL,NULL,'S202012020002','','2020-12-01 19:44:16',1,'2020-12-01 19:44:16','2021-01-06 23:51:48',1,0),(153,1,44,252,NULL,NULL,NULL,'S202012070001','','2020-12-06 23:57:28',1,'2020-12-06 23:57:28','2021-01-11 23:28:32',0,0),(154,26,49,254,NULL,NULL,NULL,'S202012070002','/','2020-12-07 00:59:59',1,'2020-12-07 00:59:59','2020-12-07 01:00:10',0,0),(155,1,44,256,NULL,NULL,NULL,'S202012080001','/','2020-12-07 18:05:30',1,'2020-12-07 18:05:30','2020-12-07 18:05:43',0,0),(156,9,25,258,NULL,NULL,NULL,'S202012080002','/','2020-12-07 23:51:48',1,'2020-12-07 23:51:48','2020-12-07 23:52:48',0,0),(157,9,25,260,NULL,NULL,NULL,'S202012100001','/','2020-12-09 18:21:09',1,'2020-12-09 18:21:09','2020-12-09 18:21:31',0,0),(158,1,44,262,NULL,NULL,NULL,'S202012110001','','2020-12-10 20:15:12',1,'2020-12-10 20:15:12','2020-12-14 18:53:58',0,0),(159,1,44,264,NULL,NULL,NULL,'S202012110002','/','2020-12-10 22:39:53',1,'2020-12-10 22:39:53','2020-12-10 22:40:43',0,0),(160,1,44,267,NULL,NULL,NULL,'S202012150001','','2020-12-14 18:55:46',1,'2020-12-14 18:55:46','2020-12-17 22:12:37',1,0),(161,26,24,268,NULL,NULL,NULL,'S202012220001','','2020-12-21 17:55:20',1,'2020-12-21 17:55:20','2020-12-21 18:11:45',0,1),(162,31,24,269,NULL,NULL,NULL,'S202012220002','/','2020-12-21 18:19:45',1,'2020-12-21 18:19:45','2021-01-09 19:58:21',0,1),(163,1,44,270,NULL,NULL,NULL,'S202012220003','','2020-12-21 20:43:10',1,'2020-12-21 20:43:10','2021-01-06 23:26:41',1,0),(164,53,44,273,NULL,NULL,NULL,'S202012300001','','2020-12-30 01:41:55',1,'2020-12-30 01:41:55','2021-01-06 23:26:07',1,0),(165,31,24,286,NULL,NULL,NULL,'S202101100001','','2021-01-10 01:04:28',1,'2021-01-10 01:04:28','2021-01-10 01:04:56',1,0),(166,31,24,287,NULL,NULL,NULL,'S202101100002','','2021-01-10 01:16:21',1,'2021-01-10 01:16:21','2021-01-10 01:32:58',1,1),(167,26,24,291,NULL,NULL,NULL,'S202101100003','','2021-01-10 01:59:59',1,'2021-01-10 01:59:59','2021-01-18 15:36:20',1,1),(168,26,49,294,NULL,NULL,NULL,'S202101110001','','2021-01-10 23:21:44',1,'2021-01-10 23:21:44','2021-01-22 23:52:38',1,1),(169,1,21,299,NULL,NULL,NULL,'S202101110002','','2021-01-11 00:23:38',1,'2021-01-11 00:23:38','2021-01-14 19:29:51',0,0),(170,1,36,302,NULL,NULL,NULL,'S202101120001','','2021-01-12 00:11:45',1,'2021-01-12 00:11:45','2021-01-15 00:03:22',1,0),(171,1,44,302,NULL,NULL,NULL,'S202101120002','','2021-01-12 00:39:29',1,'2021-01-12 00:39:29','2021-01-13 18:46:08',0,0),(172,1,36,303,NULL,NULL,NULL,'S202101140001','','2021-01-13 18:47:02',1,'2021-01-13 18:47:02','2021-01-15 00:02:34',1,0),(173,7,21,307,'WEB \n  1 ','','','S202101150001','','2021-01-14 19:29:08',1,'2021-01-14 19:29:08','2021-01-14 19:30:53',0,1),(174,1,36,308,'Testing scout',',,/,,,','Testing scout','S202101150002','','2021-01-15 00:32:21',1,'2021-01-15 00:32:21','2021-01-18 20:17:04',1,0),(175,1,36,311,'Job to scout occupation (18-01-2021) (edit when scout)',',,/,',' (edit when scout)','S202101180001','','2021-01-17 18:48:57',1,'2021-01-17 18:48:57','2021-01-18 21:49:41',0,0),(176,1,36,313,'To test Scout Decline occupation 18-01-2021 (edit when scout)','/,,,,,',' (edit when scout)','S202101180002','/','2021-01-17 19:44:43',1,'2021-01-17 19:44:43','2021-01-17 19:52:50',0,0),(177,26,1,300,'WEB ','','','S202101180003','','2021-01-18 14:13:47',1,'2021-01-18 14:13:47','2021-01-20 17:16:31',1,0),(178,26,49,314,'','','','S202101180004','','2021-01-18 14:22:11',1,'2021-01-18 14:22:11','2021-01-18 14:38:00',0,1),(179,26,49,315,'','','','S202101180005','','2021-01-18 14:22:55',1,'2021-01-18 14:22:55','2021-01-18 14:32:08',0,1),(180,31,49,292,'','','','S202101180006','','2021-01-18 14:58:43',1,'2021-01-18 14:58:43','2021-01-18 14:59:54',0,0),(181,1,36,299,'WEB  (scout edit)',',,/,,,',' (scout edit)','S202101200001','/','2021-01-20 00:42:59',1,'2021-01-20 00:42:59','2021-01-20 01:01:58',0,0),(182,66,41,319,NULL,'',NULL,'S202101200002','','2021-01-20 01:14:57',1,'2021-01-20 01:14:57','2021-01-20 01:14:57',0,0),(183,1,36,280,'Scout Job',',','Address','S202101210001','','2021-01-20 18:08:20',1,'2021-01-20 18:08:20','2021-01-20 18:08:20',0,0),(184,1,1,312,'Job Apply occupation (18-01-2021)',',','','S202101210002','','2021-01-20 20:10:39',1,'2021-01-20 20:10:39','2021-01-25 00:52:10',1,0),(185,9,25,306,'aaa','/,','cccc','S202101220001','','2021-01-21 20:34:32',1,'2021-01-21 20:34:32','2021-01-26 22:59:51',1,0),(186,26,49,324,'','','','S202101230001','','2021-01-22 22:39:13',1,'2021-01-22 22:39:13','2021-01-22 22:39:13',0,0),(187,1,36,325,'PHP Developer (scout)',',/,,',' (scout)','S202101250001','','2021-01-24 18:10:55',1,'2021-01-24 18:10:55','2021-01-25 22:36:32',0,1),(188,1,36,326,'Flutter Developer (scout)','/,,,,,',' (scout)','S202101250002','/','2021-01-24 19:12:20',1,'2021-01-24 19:12:20','2021-01-24 19:12:44',0,0);
/*!40000 ALTER TABLE `scouts` ENABLE KEYS */;
UNLOCK TABLES;

--
-- Table structure for table `search_histories`
--

DROP TABLE IF EXISTS `search_histories`;
/*!40101 SET @saved_cs_client     = @@character_set_client */;
/*!40101 SET character_set_client = utf8 */;
CREATE TABLE `search_histories` (
  `id` int(11) NOT NULL AUTO_INCREMENT,
  `field_id` int(11) DEFAULT NULL,
  `table_type` varchar(50) COLLATE utf8mb4_unicode_ci NOT NULL,
  `user_type` varchar(100) COLLATE utf8mb4_unicode_ci NOT NULL,
  `search_date` date NOT NULL,
  `updated_at` datetime DEFAULT NULL,
  `created_at` datetime DEFAULT NULL,
  PRIMARY KEY (`id`)
) ENGINE=InnoDB AUTO_INCREMENT=243 DEFAULT CHARSET=utf8mb4 COLLATE=utf8mb4_unicode_ci;
/*!40101 SET character_set_client = @saved_cs_client */;

--
-- Dumping data for table `search_histories`
--

LOCK TABLES `search_histories` WRITE;
/*!40000 ALTER TABLE `search_histories` DISABLE KEYS */;
INSERT INTO `search_histories` VALUES (1,112,'country','recruiter','2020-09-19','2020-09-19 02:40:23','2020-09-19 02:40:23'),(2,112,'country','recruiter','2020-09-19','2020-09-19 02:41:09','2020-09-19 02:41:09'),(3,207,'country','recruiter','2020-09-19','2020-09-19 02:41:09','2020-09-19 02:41:09'),(4,112,'country','recruiter','2020-09-19','2020-09-19 02:41:11','2020-09-19 02:41:11'),(5,207,'country','recruiter','2020-09-19','2020-09-19 02:41:11','2020-09-19 02:41:11'),(6,208,'country','jobseeker','2020-09-19','2020-09-19 02:41:37','2020-09-19 02:41:37'),(7,130,'country','jobseeker','2020-09-19','2020-09-19 02:42:05','2020-09-19 02:42:05'),(8,121,'country','jobseeker','2020-09-19','2020-09-19 02:42:05','2020-09-19 02:42:05'),(9,208,'country','jobseeker','2020-09-19','2020-09-19 02:42:05','2020-09-19 02:42:05'),(10,130,'country','jobseeker','2020-09-19','2020-09-19 02:42:21','2020-09-19 02:42:21'),(11,121,'country','jobseeker','2020-09-19','2020-09-19 02:42:21','2020-09-19 02:42:21'),(12,112,'country','jobseeker','2020-09-19','2020-09-19 02:42:21','2020-09-19 02:42:21'),(13,208,'country','jobseeker','2020-09-19','2020-09-19 02:42:21','2020-09-19 02:42:21'),(14,130,'country','jobseeker','2020-09-19','2020-09-19 02:42:22','2020-09-19 02:42:22'),(15,121,'country','jobseeker','2020-09-19','2020-09-19 02:42:22','2020-09-19 02:42:22'),(16,112,'country','jobseeker','2020-09-19','2020-09-19 02:42:22','2020-09-19 02:42:22'),(17,208,'country','jobseeker','2020-09-19','2020-09-19 02:42:22','2020-09-19 02:42:22'),(18,130,'country','jobseeker','2020-09-19','2020-09-19 02:42:22','2020-09-19 02:42:22'),(19,121,'country','jobseeker','2020-09-19','2020-09-19 02:42:22','2020-09-19 02:42:22'),(20,112,'country','jobseeker','2020-09-19','2020-09-19 02:42:22','2020-09-19 02:42:22'),(21,208,'country','jobseeker','2020-09-19','2020-09-19 02:42:22','2020-09-19 02:42:22'),(22,130,'country','jobseeker','2020-09-19','2020-09-19 02:42:22','2020-09-19 02:42:22'),(23,121,'country','jobseeker','2020-09-19','2020-09-19 02:42:22','2020-09-19 02:42:22'),(24,112,'country','jobseeker','2020-09-19','2020-09-19 02:42:22','2020-09-19 02:42:22'),(25,208,'country','jobseeker','2020-09-19','2020-09-19 02:42:22','2020-09-19 02:42:22'),(26,130,'country','jobseeker','2020-09-19','2020-09-19 02:42:23','2020-09-19 02:42:23'),(27,121,'country','jobseeker','2020-09-19','2020-09-19 02:42:23','2020-09-19 02:42:23'),(28,112,'country','jobseeker','2020-09-19','2020-09-19 02:42:23','2020-09-19 02:42:23'),(29,208,'country','jobseeker','2020-09-19','2020-09-19 02:42:23','2020-09-19 02:42:23'),(30,201,'country','recruiter','2020-09-25','2020-09-25 06:27:04','2020-09-25 06:27:04'),(31,208,'country','jobseeker','2020-10-01','2020-10-01 03:29:06','2020-10-01 03:29:06'),(32,84,'job','jobseeker','2020-10-02','2020-10-02 01:33:00','2020-10-02 01:33:00'),(33,80,'job','jobseeker','2020-10-02','2020-10-02 03:01:25','2020-10-02 03:01:25'),(34,79,'job','jobseeker','2020-10-02','2020-10-02 07:02:11','2020-10-02 07:02:11'),(35,80,'job','jobseeker','2020-10-03','2020-10-03 10:05:16','2020-10-03 10:05:16'),(36,83,'job','jobseeker','2020-10-05','2020-10-05 02:11:05','2020-10-05 02:11:05'),(37,7,'job','jobseeker','2020-10-05','2020-10-05 02:31:39','2020-10-05 02:31:39'),(38,85,'job','jobseeker','2020-10-05','2020-10-05 03:21:18','2020-10-05 03:21:18'),(39,82,'job','jobseeker','2020-10-05','2020-10-05 07:17:59','2020-10-05 07:17:59'),(40,11,'job','jobseeker','2020-10-05','2020-10-05 10:04:54','2020-10-05 10:04:54'),(41,64,'job','jobseeker','2020-10-05','2020-10-05 10:05:22','2020-10-05 10:05:22'),(42,1,'job','jobseeker','2020-10-05','2020-10-05 10:05:26','2020-10-05 10:05:26'),(43,84,'job','jobseeker','2020-10-06','2020-10-06 04:30:36','2020-10-06 04:30:36'),(44,208,'country','jobseeker','2020-10-06','2020-10-06 07:17:08','2020-10-06 07:17:08'),(45,208,'country','jobseeker','2020-10-06','2020-10-06 07:17:08','2020-10-06 07:17:08'),(46,85,'job','jobseeker','2020-10-07','2020-10-07 06:44:24','2020-10-07 06:44:24'),(47,83,'job','jobseeker','2020-10-07','2020-10-07 06:52:06','2020-10-07 06:52:06'),(48,86,'job','jobseeker','2020-10-07','2020-10-07 07:56:03','2020-10-07 07:56:03'),(49,87,'job','jobseeker','2020-10-08','2020-10-08 05:15:49','2020-10-08 05:15:49'),(50,87,'job','jobseeker','2020-10-11','2020-10-11 08:05:07','2020-10-11 08:05:07'),(51,88,'job','jobseeker','2020-10-11','2020-10-11 09:48:34','2020-10-11 09:48:34'),(52,88,'job','jobseeker','2020-10-12','2020-10-12 02:37:41','2020-10-12 02:37:41'),(53,85,'job','jobseeker','2020-10-12','2020-10-12 03:11:34','2020-10-12 03:11:34'),(54,88,'job','jobseeker','2020-10-12','2020-10-12 08:38:40','2020-10-12 08:38:40'),(55,89,'job','jobseeker','2020-10-13','2020-10-13 03:25:35','2020-10-13 03:25:35'),(56,89,'job','jobseeker','2020-10-13','2020-10-13 04:25:52','2020-10-13 04:25:52'),(57,89,'job','jobseeker','2020-10-13','2020-10-13 04:26:05','2020-10-13 04:26:05'),(58,88,'job','jobseeker','2020-10-13','2020-10-13 12:26:14','2020-10-13 12:26:14'),(59,207,'country','jobseeker','2020-10-13','2020-10-13 13:11:13','2020-10-13 13:11:13'),(60,86,'job','jobseeker','2020-10-14','2020-10-14 09:23:44','2020-10-14 09:23:44'),(61,90,'job','jobseeker','2020-10-14','2020-10-14 09:24:11','2020-10-14 09:24:11'),(62,91,'job','jobseeker','2020-10-14','2020-10-14 09:27:15','2020-10-14 09:27:15'),(63,87,'job','jobseeker','2020-10-14','2020-10-14 14:07:22','2020-10-14 14:07:22'),(64,89,'job','jobseeker','2020-10-15','2020-10-15 02:48:54','2020-10-15 02:48:54'),(65,207,'country','jobseeker','2020-10-15','2020-10-15 04:12:24','2020-10-15 04:12:24'),(66,201,'country','recruiter','2020-10-15','2020-10-15 04:12:41','2020-10-15 04:12:41'),(67,201,'country','recruiter','2020-10-15','2020-10-15 04:12:41','2020-10-15 04:12:41'),(68,112,'country','jobseeker','2020-10-15','2020-10-15 04:15:49','2020-10-15 04:15:49'),(69,21,'country','jobseeker','2020-10-15','2020-10-15 04:16:15','2020-10-15 04:16:15'),(70,208,'country','jobseeker','2020-10-16','2020-10-16 10:52:59','2020-10-16 10:52:59'),(71,61,'country','jobseeker','2020-10-21','2020-10-21 09:06:44','2020-10-21 09:06:44'),(72,207,'country','jobseeker','2020-10-21','2020-10-21 09:06:44','2020-10-21 09:06:44'),(73,208,'country','jobseeker','2020-10-21','2020-10-21 09:06:44','2020-10-21 09:06:44'),(74,208,'country','jobseeker','2020-10-26','2020-10-26 04:26:45','2020-10-26 04:26:45'),(75,207,'country','jobseeker','2020-10-26','2020-10-26 04:30:24','2020-10-26 04:30:24'),(76,6,'country','jobseeker','2020-10-26','2020-10-26 04:30:40','2020-10-26 04:30:40'),(77,155,'country','jobseeker','2020-10-26','2020-10-26 05:11:54','2020-10-26 05:11:54'),(78,21,'country','recruiter','2020-10-27','2020-10-27 07:13:55','2020-10-27 07:13:55'),(79,207,'country','recruiter','2020-11-06','2020-11-06 07:52:53','2020-11-06 07:52:53'),(80,5,'country','recruiter','2020-11-06','2020-11-06 07:53:09','2020-11-06 07:53:09'),(81,97,'country','recruiter','2020-11-06','2020-11-06 13:31:03','2020-11-06 13:31:03'),(82,97,'country','recruiter','2020-11-06','2020-11-06 13:31:05','2020-11-06 13:31:05'),(83,97,'country','recruiter','2020-11-06','2020-11-06 13:31:06','2020-11-06 13:31:06'),(84,97,'country','recruiter','2020-11-06','2020-11-06 13:31:06','2020-11-06 13:31:06'),(85,97,'country','recruiter','2020-11-06','2020-11-06 13:31:23','2020-11-06 13:31:23'),(86,200,'country','jobseeker','2020-11-10','2020-11-10 03:09:20','2020-11-10 03:09:20'),(87,97,'country','recruiter','2020-11-10','2020-11-10 11:34:35','2020-11-10 11:34:35'),(88,207,'country','recruiter','2020-11-11','2020-11-11 08:38:13','2020-11-11 08:38:13'),(89,207,'country','jobseeker','2020-11-18','2020-11-18 01:22:46','2020-11-18 01:22:46'),(90,97,'country','recruiter','2020-11-18','2020-11-18 11:45:24','2020-11-18 11:45:24'),(91,155,'country','jobseeker','2020-11-19','2020-11-19 03:21:12','2020-11-19 03:21:12'),(92,21,'country','recruiter','2020-11-19','2020-11-19 09:48:15','2020-11-19 09:48:15'),(93,155,'country','jobseeker','2020-11-19','2020-11-19 10:37:31','2020-11-19 10:37:31'),(94,207,'country','jobseeker','2020-11-19','2020-11-19 10:37:31','2020-11-19 10:37:31'),(95,127,'country','jobseeker','2020-11-19','2020-11-19 12:19:06','2020-11-19 12:19:06'),(96,208,'country','jobseeker','2020-11-21','2020-11-21 06:41:48','2020-11-21 06:41:48'),(97,200,'country','jobseeker','2020-11-21','2020-11-21 08:21:18','2020-11-21 08:21:18'),(98,200,'country','jobseeker','2020-11-22','2020-11-22 03:46:06','2020-11-22 03:46:06'),(99,208,'country','recruiter','2020-11-22','2020-11-22 03:47:11','2020-11-22 03:47:11'),(100,203,'country','jobseeker','2020-11-27','2020-11-27 18:43:09','2020-11-27 18:43:09'),(101,206,'country','jobseeker','2020-11-27','2020-11-27 18:43:09','2020-11-27 18:43:09'),(102,202,'country','jobseeker','2020-11-27','2020-11-27 18:43:27','2020-11-27 18:43:27'),(103,204,'country','jobseeker','2020-11-27','2020-11-27 18:43:27','2020-11-27 18:43:27'),(104,205,'country','jobseeker','2020-11-27','2020-11-27 18:43:27','2020-11-27 18:43:27'),(105,202,'country','recruiter','2020-11-27','2020-11-27 18:43:38','2020-11-27 18:43:38'),(106,203,'country','recruiter','2020-11-27','2020-11-27 18:43:38','2020-11-27 18:43:38'),(107,204,'country','recruiter','2020-11-27','2020-11-27 18:43:38','2020-11-27 18:43:38'),(108,205,'country','recruiter','2020-11-27','2020-11-27 18:43:38','2020-11-27 18:43:38'),(109,206,'country','recruiter','2020-11-27','2020-11-27 18:43:38','2020-11-27 18:43:38'),(110,202,'country','recruiter','2020-11-27','2020-11-27 18:43:43','2020-11-27 18:43:43'),(111,203,'country','recruiter','2020-11-27','2020-11-27 18:43:43','2020-11-27 18:43:43'),(112,204,'country','recruiter','2020-11-27','2020-11-27 18:43:43','2020-11-27 18:43:43'),(113,205,'country','recruiter','2020-11-27','2020-11-27 18:43:43','2020-11-27 18:43:43'),(114,206,'country','recruiter','2020-11-27','2020-11-27 18:43:43','2020-11-27 18:43:43'),(115,202,'country','recruiter','2020-11-27','2020-11-27 18:43:45','2020-11-27 18:43:45'),(116,203,'country','recruiter','2020-11-27','2020-11-27 18:43:45','2020-11-27 18:43:45'),(117,204,'country','recruiter','2020-11-27','2020-11-27 18:43:45','2020-11-27 18:43:45'),(118,205,'country','recruiter','2020-11-27','2020-11-27 18:43:45','2020-11-27 18:43:45'),(119,206,'country','recruiter','2020-11-27','2020-11-27 18:43:45','2020-11-27 18:43:45'),(120,202,'country','recruiter','2020-11-27','2020-11-27 18:43:45','2020-11-27 18:43:45'),(121,203,'country','recruiter','2020-11-27','2020-11-27 18:43:45','2020-11-27 18:43:45'),(122,204,'country','recruiter','2020-11-27','2020-11-27 18:43:45','2020-11-27 18:43:45'),(123,205,'country','recruiter','2020-11-27','2020-11-27 18:43:45','2020-11-27 18:43:45'),(124,206,'country','recruiter','2020-11-27','2020-11-27 18:43:45','2020-11-27 18:43:45'),(125,202,'country','recruiter','2020-11-27','2020-11-27 18:44:07','2020-11-27 18:44:07'),(126,203,'country','recruiter','2020-11-27','2020-11-27 18:44:07','2020-11-27 18:44:07'),(127,204,'country','recruiter','2020-11-27','2020-11-27 18:44:07','2020-11-27 18:44:07'),(128,205,'country','recruiter','2020-11-27','2020-11-27 18:44:07','2020-11-27 18:44:07'),(129,206,'country','recruiter','2020-11-27','2020-11-27 18:44:07','2020-11-27 18:44:07'),(130,202,'country','recruiter','2020-11-27','2020-11-27 18:44:07','2020-11-27 18:44:07'),(131,203,'country','recruiter','2020-11-27','2020-11-27 18:44:07','2020-11-27 18:44:07'),(132,204,'country','recruiter','2020-11-27','2020-11-27 18:44:07','2020-11-27 18:44:07'),(133,205,'country','recruiter','2020-11-27','2020-11-27 18:44:07','2020-11-27 18:44:07'),(134,206,'country','recruiter','2020-11-27','2020-11-27 18:44:07','2020-11-27 18:44:07'),(135,203,'country','jobseeker','2020-12-01','2020-12-01 02:56:34','2020-12-01 02:56:34'),(136,202,'country','recruiter','2020-12-04','2020-12-04 02:02:34','2020-12-04 02:02:34'),(137,97,'country','recruiter','2020-12-04','2020-12-04 02:02:34','2020-12-04 02:02:34'),(138,97,'country','recruiter','2020-12-04','2020-12-04 02:02:47','2020-12-04 02:02:47'),(139,204,'country','recruiter','2020-12-04','2020-12-04 02:02:47','2020-12-04 02:02:47'),(140,97,'country','recruiter','2020-12-04','2020-12-04 02:02:58','2020-12-04 02:02:58'),(141,205,'country','recruiter','2020-12-04','2020-12-04 02:02:58','2020-12-04 02:02:58'),(142,127,'country','jobseeker','2020-12-11','2020-12-11 07:29:01','2020-12-11 07:29:01'),(143,155,'country','jobseeker','2020-12-11','2020-12-11 07:29:01','2020-12-11 07:29:01'),(144,61,'country','jobseeker','2020-12-11','2020-12-11 07:29:01','2020-12-11 07:29:01'),(145,97,'country','recruiter','2020-12-11','2020-12-11 07:29:17','2020-12-11 07:29:17'),(146,205,'country','recruiter','2020-12-11','2020-12-11 07:29:17','2020-12-11 07:29:17'),(147,206,'country','recruiter','2020-12-11','2020-12-11 07:29:17','2020-12-11 07:29:17'),(148,207,'country','recruiter','2020-12-11','2020-12-11 07:29:17','2020-12-11 07:29:17'),(149,205,'country','recruiter','2020-12-11','2020-12-11 07:41:06','2020-12-11 07:41:06'),(150,206,'country','recruiter','2020-12-11','2020-12-11 07:41:06','2020-12-11 07:41:06'),(151,207,'country','jobseeker','2020-12-11','2020-12-11 08:54:00','2020-12-11 08:54:00'),(152,203,'country','recruiter','2020-12-11','2020-12-11 08:54:10','2020-12-11 08:54:10'),(153,204,'country','recruiter','2020-12-11','2020-12-11 08:54:10','2020-12-11 08:54:10'),(154,206,'country','recruiter','2020-12-11','2020-12-11 08:54:10','2020-12-11 08:54:10'),(155,202,'country','recruiter','2020-12-11','2020-12-11 08:54:23','2020-12-11 08:54:23'),(156,200,'country','jobseeker','2020-12-15','2020-12-15 04:14:40','2020-12-15 04:14:40'),(157,200,'country','recruiter','2020-12-15','2020-12-15 04:15:14','2020-12-15 04:15:14'),(158,200,'country','recruiter','2020-12-15','2020-12-15 04:15:16','2020-12-15 04:15:16'),(159,200,'country','recruiter','2020-12-15','2020-12-15 04:15:16','2020-12-15 04:15:16'),(160,200,'country','recruiter','2020-12-15','2020-12-15 04:15:57','2020-12-15 04:15:57'),(161,204,'country','recruiter','2020-12-15','2020-12-15 04:16:03','2020-12-15 04:16:03'),(162,204,'country','recruiter','2020-12-15','2020-12-15 04:16:13','2020-12-15 04:16:13'),(163,203,'country','recruiter','2020-12-15','2020-12-15 04:16:21','2020-12-15 04:16:21'),(164,203,'country','recruiter','2020-12-15','2020-12-15 04:16:22','2020-12-15 04:16:22'),(165,203,'country','recruiter','2020-12-15','2020-12-15 04:16:22','2020-12-15 04:16:22'),(166,206,'country','recruiter','2020-12-15','2020-12-15 04:16:46','2020-12-15 04:16:46'),(167,208,'country','recruiter','2020-12-15','2020-12-15 04:16:59','2020-12-15 04:16:59'),(168,207,'country','jobseeker','2020-12-16','2020-12-16 03:06:10','2020-12-16 03:06:10'),(169,155,'country','jobseeker','2020-12-16','2020-12-16 03:06:34','2020-12-16 03:06:34'),(170,203,'country','recruiter','2020-12-16','2020-12-16 03:06:46','2020-12-16 03:06:46'),(171,204,'country','recruiter','2020-12-18','2020-12-18 04:59:22','2020-12-18 04:59:22'),(172,127,'country','jobseeker','2020-12-21','2020-12-21 08:33:29','2020-12-21 08:33:29'),(173,155,'country','jobseeker','2020-12-21','2020-12-21 08:33:29','2020-12-21 08:33:29'),(174,208,'country','jobseeker','2020-12-21','2020-12-21 08:33:29','2020-12-21 08:33:29'),(175,127,'country','recruiter','2020-12-21','2020-12-21 08:33:39','2020-12-21 08:33:39'),(176,155,'country','recruiter','2020-12-21','2020-12-21 08:33:39','2020-12-21 08:33:39'),(177,203,'country','recruiter','2020-12-21','2020-12-21 08:33:39','2020-12-21 08:33:39'),(178,208,'country','recruiter','2020-12-21','2020-12-21 08:33:39','2020-12-21 08:33:39'),(179,127,'country','recruiter','2020-12-21','2020-12-21 08:33:44','2020-12-21 08:33:44'),(180,155,'country','recruiter','2020-12-21','2020-12-21 08:33:44','2020-12-21 08:33:44'),(181,203,'country','recruiter','2020-12-21','2020-12-21 08:33:44','2020-12-21 08:33:44'),(182,208,'country','recruiter','2020-12-21','2020-12-21 08:33:44','2020-12-21 08:33:44'),(183,200,'country','recruiter','2020-12-29','2020-12-29 08:23:45','2020-12-29 08:23:45'),(184,97,'country','recruiter','2020-12-29','2020-12-29 08:23:45','2020-12-29 08:23:45'),(185,203,'country','recruiter','2020-12-29','2020-12-29 08:23:45','2020-12-29 08:23:45'),(186,204,'country','recruiter','2020-12-29','2020-12-29 08:23:45','2020-12-29 08:23:45'),(187,205,'country','recruiter','2020-12-29','2020-12-29 08:23:45','2020-12-29 08:23:45'),(188,206,'country','recruiter','2020-12-29','2020-12-29 08:23:45','2020-12-29 08:23:45'),(189,127,'country','jobseeker','2020-12-29','2020-12-29 08:23:59','2020-12-29 08:23:59'),(190,155,'country','jobseeker','2020-12-29','2020-12-29 08:23:59','2020-12-29 08:23:59'),(191,203,'country','jobseeker','2020-12-29','2020-12-29 08:23:59','2020-12-29 08:23:59'),(192,61,'country','jobseeker','2020-12-29','2020-12-29 08:23:59','2020-12-29 08:23:59'),(193,207,'country','jobseeker','2020-12-29','2020-12-29 08:23:59','2020-12-29 08:23:59'),(194,208,'country','jobseeker','2020-12-29','2020-12-29 08:23:59','2020-12-29 08:23:59'),(195,155,'country','jobseeker','2020-12-29','2020-12-29 08:42:47','2020-12-29 08:42:47'),(196,208,'country','jobseeker','2020-12-29','2020-12-29 08:42:47','2020-12-29 08:42:47'),(197,155,'country','jobseeker','2020-12-29','2020-12-29 09:00:19','2020-12-29 09:00:19'),(198,208,'country','jobseeker','2020-12-29','2020-12-29 09:00:19','2020-12-29 09:00:19'),(199,203,'country','recruiter','2020-12-29','2020-12-29 09:01:25','2020-12-29 09:01:25'),(200,204,'country','recruiter','2020-12-29','2020-12-29 09:01:25','2020-12-29 09:01:25'),(201,206,'country','recruiter','2020-12-29','2020-12-29 09:01:25','2020-12-29 09:01:25'),(202,203,'country','recruiter','2020-12-30','2020-12-30 10:07:19','2020-12-30 10:07:19'),(203,204,'country','recruiter','2020-12-30','2020-12-30 10:07:19','2020-12-30 10:07:19'),(204,206,'country','recruiter','2020-12-30','2020-12-30 10:07:19','2020-12-30 10:07:19'),(205,203,'country','recruiter','2020-12-30','2020-12-30 10:07:38','2020-12-30 10:07:38'),(206,204,'country','recruiter','2020-12-30','2020-12-30 10:07:38','2020-12-30 10:07:38'),(207,206,'country','recruiter','2020-12-30','2020-12-30 10:07:38','2020-12-30 10:07:38'),(208,203,'country','recruiter','2020-12-30','2020-12-30 10:07:48','2020-12-30 10:07:48'),(209,204,'country','recruiter','2020-12-30','2020-12-30 10:07:48','2020-12-30 10:07:48'),(210,206,'country','recruiter','2020-12-30','2020-12-30 10:07:48','2020-12-30 10:07:48'),(211,155,'country','jobseeker','2020-12-30','2020-12-30 10:37:37','2020-12-30 10:37:37'),(212,208,'country','jobseeker','2020-12-30','2020-12-30 10:37:37','2020-12-30 10:37:37'),(213,127,'country','jobseeker','2020-12-30','2020-12-30 10:38:46','2020-12-30 10:38:46'),(214,200,'country','recruiter','2020-12-30','2020-12-30 10:40:21','2020-12-30 10:40:21'),(215,200,'country','recruiter','2020-12-30','2020-12-30 10:47:18','2020-12-30 10:47:18'),(216,97,'country','recruiter','2020-12-30','2020-12-30 10:47:24','2020-12-30 10:47:24'),(217,203,'country','recruiter','2021-01-05','2021-01-05 07:37:04','2021-01-05 07:37:04'),(218,155,'country','jobseeker','2021-01-07','2021-01-07 04:31:45','2021-01-07 04:31:45'),(219,208,'country','jobseeker','2021-01-07','2021-01-07 07:58:47','2021-01-07 07:58:47'),(220,208,'country','recruiter','2021-01-07','2021-01-07 08:28:50','2021-01-07 08:28:50'),(221,200,'country','recruiter','2021-01-07','2021-01-07 08:28:57','2021-01-07 08:28:57'),(222,200,'country','recruiter','2021-01-07','2021-01-07 08:29:09','2021-01-07 08:29:09'),(223,203,'country','jobseeker','2021-01-07','2021-01-07 08:38:44','2021-01-07 08:38:44'),(224,207,'country','jobseeker','2021-01-07','2021-01-07 08:40:12','2021-01-07 08:40:12'),(225,97,'country','recruiter','2021-01-08','2021-01-08 02:30:31','2021-01-08 02:30:31'),(226,127,'country','jobseeker','2021-01-10','2021-01-10 04:05:08','2021-01-10 04:05:08'),(227,60,'country','jobseeker','2021-01-10','2021-01-10 04:05:08','2021-01-10 04:05:08'),(228,207,'country','jobseeker','2021-01-10','2021-01-10 04:05:08','2021-01-10 04:05:08'),(229,127,'country','jobseeker','2021-01-11','2021-01-11 05:17:00','2021-01-11 05:17:00'),(230,207,'country','jobseeker','2021-01-11','2021-01-11 05:22:45','2021-01-11 05:22:45'),(231,61,'country','jobseeker','2021-01-11','2021-01-11 05:31:04','2021-01-11 05:31:04'),(232,200,'country','recruiter','2021-01-15','2021-01-15 07:11:13','2021-01-15 07:11:13'),(233,204,'country','recruiter','2021-01-15','2021-01-15 07:11:13','2021-01-15 07:11:13'),(234,200,'country','recruiter','2021-01-15','2021-01-15 07:11:29','2021-01-15 07:11:29'),(235,204,'country','recruiter','2021-01-15','2021-01-15 07:11:29','2021-01-15 07:11:29'),(236,200,'country','recruiter','2021-01-20','2021-01-20 10:14:11','2021-01-20 10:14:11'),(237,200,'country','recruiter','2021-01-20','2021-01-20 10:14:22','2021-01-20 10:14:22'),(238,200,'country','recruiter','2021-01-20','2021-01-20 10:16:31','2021-01-20 10:16:31'),(239,200,'country','recruiter','2021-01-20','2021-01-20 10:18:06','2021-01-20 10:18:06'),(240,200,'country','recruiter','2021-01-20','2021-01-20 10:18:43','2021-01-20 10:18:43'),(241,207,'country','recruiter','2021-01-22','2021-01-22 02:14:53','2021-01-22 02:14:53'),(242,207,'country','recruiter','2021-01-22','2021-01-22 02:26:49','2021-01-22 02:26:49');
/*!40000 ALTER TABLE `search_histories` ENABLE KEYS */;
UNLOCK TABLES;

--
-- Table structure for table `table 29`
--

DROP TABLE IF EXISTS `table 29`;
/*!40101 SET @saved_cs_client     = @@character_set_client */;
/*!40101 SET character_set_client = utf8 */;
CREATE TABLE `table 29` (
  `id` int(11) NOT NULL AUTO_INCREMENT,
  `COL 1` varchar(20) DEFAULT NULL,
  `COL 2` varchar(42) DEFAULT NULL,
  `COL 3` varchar(2) DEFAULT NULL,
  `COL 4` varchar(3) DEFAULT NULL,
  `COL 5` varchar(6) DEFAULT NULL,
  PRIMARY KEY (`id`)
) ENGINE=InnoDB AUTO_INCREMENT=208 DEFAULT CHARSET=utf8;
/*!40101 SET character_set_client = @saved_cs_client */;

--
-- Dumping data for table `table 29`
--

LOCK TABLES `table 29` WRITE;
/*!40000 ALTER TABLE `table 29` DISABLE KEYS */;
INSERT INTO `table 29` VALUES (1,'','Comoros','KM','COM',''),(2,'','Seychelles','SC','SYC',''),(3,'','Madagascar','MG','MDG',''),(4,'','Maldives','MV','MDV',''),(5,'','Australia','AU','AUS',''),(6,'','Kiribati','KI','KIR',''),(7,'','Cook Islands','CK','COK',''),(8,'','Samoa','WS','WSM',''),(9,'','Solomon Islands','SB','SLB',''),(10,'','Tuvalu','TV','TUV',''),(11,'','Tonga','TO','TON',''),(12,'','Nauru','NR','NRU',''),(13,'','Niue','NU','NIU',''),(14,'','New Zealand','NZ','NZL',''),(15,'','Vanuatu','VU','VUT',''),(16,'','Papua New Guinea','PG','PNG',''),(17,'','Palau','PW','PLW',''),(18,'','Fiji','FJ','FJI',''),(19,'','Marshall Islands','MH','MHL',''),(20,'','Micronesia, Federated States of','FM','FSM',''),(21,'','Russian Federation','RU','RUS',''),(22,'','Ghana','GH','GHA',''),(23,'','Cape Verde','CV','CPV',''),(24,'','Gambia','GM','GMB',''),(25,'','Guinea','GN','GIN',''),(26,'','Guinea-Bissau','GW','GNB',''),(27,'','Cte d\'Ivoire','CI','CIV',''),(28,'','Sierra Leone','SL','SLE',''),(29,'','Senegal','SN','SEN',''),(30,'','Togo','TG','TGO',''),(31,'','Burkina Faso','BF','BFA',''),(32,'','Benin','BJ','BEN',''),(33,'','Mali','ML','MLI',''),(34,'','Mauritania','MR','MRT',''),(35,'','Liberia','LR','LBR',''),(36,'','Western Sahara','EH','ESH',''),(37,'','Ireland','IE','IRL',''),(38,'','Andorra','AD','AND',''),(39,'','United Kingdom','GB','GBR',''),(40,'','Italy','IT','ITA',''),(41,'','Netherlands','NL','NLD',''),(42,'','Greece','GR','GRC',''),(43,'','San Marino','SM','SMR',''),(44,'','Switzerland','CH','CHE',''),(45,'','Spain','ES','ESP',''),(46,'','Germany','DE','DEU',''),(47,'','Holy See (Vatican City State)','VA','VAT',''),(48,'','France','FR','FRA',''),(49,'','Belgium','BE','BEL',''),(50,'','Portugal','PT','PRT',''),(51,'','Monaco','MC','MCO',''),(52,'','Liechtenstein','LI','LIE',''),(53,'','Luxembourg','LU','LUX',''),(54,'','Cyprus','CY','CYP',''),(55,'','Malta','MT','MLT',''),(56,'','Northern Cyprus','-','-',''),(57,'','Uzbekistan','UZ','UZB',''),(58,'','Kazakhstan','KZ','KAZ',''),(59,'','Kyrgyzstan','KG','KGZ',''),(60,'','Tajikistan','TJ','TJK',''),(61,'','Turkmenistan','TM','TKM',''),(62,'','Uganda','UG','UGA',''),(63,'','Gabon','GA','GAB',''),(64,'','Cameroon','CM','CMR',''),(65,'','Congo','CG','COG',''),(66,'','Congo, the Democratic Republic of the','CD','COD',''),(67,'','Sao Tome and Principe','ST','STP',''),(68,'','Chad','TD','TCD',''),(69,'','Nigeria','NG','NGA',''),(70,'','Niger','NE','NER',''),(71,'','Burundi','BI','BDI',''),(72,'','Rwanda','RW','RWA',''),(73,'','Equatorial Guinea','GQ','GNQ',''),(74,'','Central African Republic','CF','CAF',''),(75,'','Antigua and Barbuda','AG','ATG',''),(76,'','El Salvador','SV','SLV',''),(77,'','Cuba','CU','CUB',''),(78,'','Guatemala','GT','GTM',''),(79,'','Grenada','GD','GRD',''),(80,'','Costa Rica','CR','CRI',''),(81,'','Jamaica','JM','JAM',''),(82,'','Saint Kitts and Nevis','KN','KNA',''),(83,'','Saint Vincent and the Grenadines','VC','VCT',''),(84,'','Saint Lucia','LC','LCA',''),(85,'','Dominican Republic','DO','DOM',''),(86,'','Dominica','DM','DMA',''),(87,'','Trinidad and Tobago','TT','TTO',''),(88,'','Nicaragua','NI','NIC',''),(89,'','Haiti','HT','HTI',''),(90,'','Panama','PA','PAN',''),(91,'','Bahamas','BS','BHS',''),(92,'','Barbados','BB','BRB',''),(93,'','Belize','BZ','BLZ',''),(94,'','Honduras','HN','HND',''),(95,'','Mexico','MX','MEX',''),(96,'','Afghanistan','AF','AFG',''),(97,'','United Arab Emirates','AE','ARE',''),(98,'','Yemen','YE','YEM',''),(99,'','Israel','IL','ISR',''),(100,'','Iraq','IQ','IRQ',''),(101,'','Iran, Islamic Republic of','IR','IRN',''),(102,'','Oman','OM','OMN',''),(103,'','Qatar','QA','QAT',''),(104,'','Kuwait','KW','KWT',''),(105,'','Saudi Arabia','SA','SAU',''),(106,'','Syrian Arab Republic','SY','SYR',''),(107,'','Turkey','TR','TUR',''),(108,'','Bahrain','BH','BHR',''),(109,'','Palestinian Territory, Occupied','PS','PSE',''),(110,'','Jordan','JO','JOR',''),(111,'','Lebanon','LB','LBN',''),(112,'','Mongolia','MN','MNG',''),(113,'','Korea, Republic of','KR','KOR',''),(114,'','Taiwan, Province of China','TW','TWN',''),(115,'','China','CN','CHN',''),(116,'','Japan','JP','JPN',''),(117,'','Korea, Democratic People\'s Republic of','KP','PRK',''),(118,'','Ethiopia','ET','ETH',''),(119,'','Eritrea','ER','ERI',''),(120,'','Kenya','KE','KEN',''),(121,'','Djibouti','DJ','DJI',''),(122,'','Sudan','SD','SDN',''),(123,'','Somalia','SO','SOM',''),(124,'','Somaliland, Republic of','-','-',''),(125,'','Tanzania, United Republic of','TZ','TZA',''),(126,'','South Sudan','SS','SSD',''),(127,'','Azerbaijan','AZ','AZE',''),(128,'','Abkhazia, Republic of','-','-',''),(129,'','Albania','AL','ALB',''),(130,'','Armenia','AM','ARM',''),(131,'','Ukraine','UA','UKR',''),(132,'','Estonia','EE','EST',''),(133,'','Austria','AT','AUT',''),(134,'','Croatia','HR','HRV',''),(135,'','Kosovo','-','-',''),(136,'','Georgia','GE','GEO',''),(137,'','Slovakia','SK','SVK',''),(138,'','Slovenia','SI','SVN',''),(139,'','Serbia','RS','SRB',''),(140,'','Czechia','CZ','CZE',''),(141,'','Nagorno Karabagh Republic','-','-',''),(142,'','Hungary','HU','HUN',''),(143,'','Bulgaria','BG','BGR',''),(144,'','Belarus','BY','BLR',''),(145,'','Poland','PL','POL',''),(146,'','Bosnia and Herzegovina','BA','BIH',''),(147,'','Macedonia, the former Yugoslav Republic of','MK','MKD',''),(148,'','Moldova, Republic of','MD','MDA',''),(149,'','Montenegro','ME','MNE',''),(150,'','Latvia','LV','LVA',''),(151,'','Lithuania','LT','LTU',''),(152,'','Romania','RO','ROU',''),(153,'','Pridnestrovian Moldavian Republic','-','-',''),(154,'','South Ossetia','-','-',''),(155,'','Indonesia','ID','IDN',''),(156,'','Cambodia','KH','KHM',''),(157,'','Singapore','SG','SGP',''),(158,'','Thailand','TH','THA',''),(159,'','Philippines','PH','PHL',''),(160,'','Brunei Darussalam','BN','BRN',''),(161,'','Viet Nam','VN','VNM',''),(162,'','Malaysia','MY','MYS',''),(163,'','Myanmar','MM','MMR',''),(164,'','Lao People\'s Democratic Republic','LA','LAO',''),(165,'','Timor-Leste','TL','TLS',''),(166,'','India','IN','IND',''),(167,'','Sri Lanka','LK','LKA',''),(168,'','Nepal','NP','NPL',''),(169,'','Pakistan','PK','PAK',''),(170,'','Bangladesh','BD','BGD',''),(171,'','Bhutan','BT','BTN',''),(172,'','Angola','AO','AGO',''),(173,'','Zambia','ZM','ZMB',''),(174,'','Zimbabwe','ZW','ZWE',''),(175,'','Swaziland','SZ','SWZ',''),(176,'','Namibia','NA','NAM',''),(177,'','Botswana','BW','BWA',''),(178,'','Malawi','MW','MWI',''),(179,'','Mauritius','MU','MUS',''),(180,'','Mozambique','MZ','MOZ',''),(181,'','Lesotho','LS','LSO',''),(182,'','South Africa','ZA','ZAF',''),(183,'','Argentina','AR','ARG',''),(184,'','Uruguay','UY','URY',''),(185,'','Ecuador','EC','ECU',''),(186,'','Guyana','GY','GUY',''),(187,'','Colombia','CO','COL',''),(188,'','Suriname','SR','SUR',''),(189,'','Chile','CL','CHL',''),(190,'','Paraguay','PY','PRY',''),(191,'','Brazil','BR','BRA',''),(192,'','Venezuela, Bolivarian Republic of','VE','VEN',''),(193,'','Peru','PE','PER',''),(194,'','Bolivia, Plurinational State of','BO','BOL',''),(195,'','Algeria','DZ','DZA',''),(196,'','Egypt','EG','EGY',''),(197,'','Tunisia','TN','TUN',''),(198,'','Morocco','MA','MAR',''),(199,'','Libya','LY','LBY',''),(200,'','United States','US','USA',''),(201,'','Canada','CA','CAN',''),(202,'','Iceland','IS','ISL',''),(203,'','Sweden','SE','SWE',''),(204,'','Denmark','DK','DNK',''),(205,'','Norway','NO','NOR',''),(206,'','Finland','FI','FIN',''),(207,'','','','','');
/*!40000 ALTER TABLE `table 29` ENABLE KEYS */;
UNLOCK TABLES;

--
-- Table structure for table `taxes`
--

DROP TABLE IF EXISTS `taxes`;
/*!40101 SET @saved_cs_client     = @@character_set_client */;
/*!40101 SET character_set_client = utf8 */;
CREATE TABLE `taxes` (
  `id` bigint(20) unsigned NOT NULL AUTO_INCREMENT,
  `percent` decimal(10,2) DEFAULT NULL,
  `current` tinyint(4) NOT NULL,
  `created_at` timestamp NULL DEFAULT NULL,
  `updated_at` timestamp NULL DEFAULT NULL,
  PRIMARY KEY (`id`)
) ENGINE=InnoDB AUTO_INCREMENT=95 DEFAULT CHARSET=utf8mb4 COLLATE=utf8mb4_unicode_ci;
/*!40101 SET character_set_client = @saved_cs_client */;

--
-- Dumping data for table `taxes`
--

LOCK TABLES `taxes` WRITE;
/*!40000 ALTER TABLE `taxes` DISABLE KEYS */;
INSERT INTO `taxes` VALUES (1,10.00,0,'2020-09-10 02:30:51','2020-11-08 19:54:21'),(2,15.00,0,'2020-11-08 19:54:21','2020-11-08 22:15:08'),(3,10.00,0,'2020-11-08 22:15:08','2020-11-08 22:15:54'),(4,10.00,0,'2020-11-08 22:15:54','2020-11-08 22:16:01'),(5,10.00,0,'2020-11-08 22:16:01','2020-11-08 22:36:46'),(6,15.00,0,'2020-11-08 22:36:46','2020-11-08 22:36:48'),(7,15.00,0,'2020-11-08 22:36:48','2020-11-08 22:36:53'),(8,15.00,0,'2020-11-08 22:36:53','2020-11-10 01:34:39'),(9,10.00,0,'2020-11-10 01:34:39','2020-11-10 01:39:26'),(10,10.00,0,'2020-11-10 01:39:26','2020-11-10 01:39:51'),(11,10.00,0,'2020-11-10 01:39:51','2020-11-10 01:40:34'),(12,11.00,0,'2020-11-10 01:40:34','2020-11-14 05:27:45'),(13,10.00,0,'2020-11-14 05:27:45','2020-11-15 17:12:11'),(14,11.00,0,'2020-11-15 17:12:11','2020-11-15 17:13:06'),(15,10.00,0,'2020-11-15 17:13:06','2020-11-15 20:25:19'),(16,11.00,0,'2020-11-15 20:25:19','2020-11-15 20:25:23'),(17,10.00,0,'2020-11-15 20:25:23','2020-11-22 05:43:55'),(18,11.00,0,'2020-11-22 05:43:55','2020-11-22 05:44:01'),(19,10.00,0,'2020-11-22 05:44:01','2020-12-02 22:21:30'),(20,11.00,0,'2020-12-02 22:21:30','2020-12-02 22:23:19'),(21,11.00,0,'2020-12-02 22:23:19','2020-12-02 22:24:14'),(22,11.00,0,'2020-12-02 22:24:14','2020-12-03 00:03:40'),(23,10.00,0,'2020-12-03 00:03:40','2020-12-03 00:03:47'),(24,10.50,0,'2020-12-03 00:03:47','2020-12-03 18:51:36'),(25,10.50,0,'2020-12-03 18:51:36','2020-12-03 19:02:02'),(26,10.00,0,'2020-12-03 19:02:02','2020-12-04 18:05:07'),(27,11.10,0,'2020-12-04 18:05:07','2020-12-04 18:05:16'),(28,11.50,0,'2020-12-04 18:05:16','2020-12-04 23:45:00'),(29,10.00,0,'2020-12-04 23:45:00','2020-12-07 18:58:22'),(30,10.70,0,'2020-12-07 18:58:22','2020-12-07 18:59:12'),(31,1.40,0,'2020-12-07 18:59:12','2020-12-07 18:59:19'),(32,0.30,0,'2020-12-07 18:59:19','2020-12-07 18:59:20'),(33,1.50,0,'2020-12-07 18:59:20','2020-12-07 18:59:37'),(34,0.50,0,'2020-12-07 18:59:37','2020-12-07 19:01:22'),(35,10.00,0,'2020-12-07 19:01:22','2020-12-10 19:51:17'),(36,999.99,0,'2020-12-10 19:51:17','2020-12-10 19:51:23'),(37,10.00,0,'2020-12-10 19:51:23','2020-12-11 00:48:13'),(38,NULL,0,'2020-12-11 00:48:13','2020-12-11 00:55:12'),(39,10.00,0,'2020-12-11 00:55:12','2020-12-11 00:55:22'),(40,999.99,0,'2020-12-11 00:55:22','2020-12-11 00:55:28'),(41,10.00,0,'2020-12-11 00:55:28','2020-12-13 18:00:48'),(42,0.00,0,'2020-12-13 18:00:48','2020-12-13 18:00:57'),(43,0.60,0,'2020-12-13 18:00:57','2020-12-13 18:01:02'),(44,105.00,0,'2020-12-13 18:01:02','2020-12-13 18:01:09'),(45,450.00,0,'2020-12-13 18:01:09','2020-12-13 18:01:20'),(46,10.00,0,'2020-12-13 18:01:20','2020-12-13 18:19:14'),(47,0.00,0,'2020-12-13 18:19:14','2020-12-13 18:19:23'),(48,200.00,0,'2020-12-13 18:19:23','2020-12-13 18:19:32'),(49,5.50,0,'2020-12-13 18:19:32','2020-12-13 18:19:38'),(50,5.50,0,'2020-12-13 18:19:38','2020-12-13 18:19:49'),(51,5.50,0,'2020-12-13 18:19:49','2020-12-13 18:19:55'),(52,0.00,0,'2020-12-13 18:19:55','2020-12-13 18:20:20'),(53,123.00,0,'2020-12-13 18:20:20','2020-12-13 18:20:26'),(54,10.00,0,'2020-12-13 18:20:26','2020-12-13 21:59:54'),(55,999.99,0,'2020-12-13 21:59:54','2020-12-13 22:00:09'),(56,500.00,0,'2020-12-13 22:00:09','2020-12-13 22:00:15'),(57,999.99,0,'2020-12-13 22:00:15','2020-12-13 23:28:18'),(58,10.00,0,'2020-12-13 23:28:18','2020-12-13 23:28:34'),(59,999.99,0,'2020-12-13 23:28:34','2020-12-13 23:28:40'),(60,10.00,0,'2020-12-13 23:28:40','2020-12-14 18:53:58'),(61,0.00,0,'2020-12-14 18:53:58','2020-12-14 18:54:06'),(62,5.00,0,'2020-12-14 18:54:06','2020-12-14 18:54:37'),(63,5.55,0,'2020-12-14 18:54:37','2020-12-14 18:55:42'),(64,5.11,0,'2020-12-14 18:55:42','2020-12-14 18:56:11'),(65,5.12,0,'2020-12-14 18:56:11','2020-12-14 18:56:20'),(66,5.13,0,'2020-12-14 18:56:20','2020-12-14 18:56:44'),(67,5.12,0,'2020-12-14 18:56:44','2020-12-15 17:25:18'),(68,5.68,0,'2020-12-15 17:25:18','2020-12-15 17:25:32'),(69,10.00,0,'2020-12-15 17:25:32','2020-12-15 21:58:10'),(70,123.00,0,'2020-12-15 21:58:10','2020-12-15 21:58:23'),(71,789.00,0,'2020-12-15 21:58:23','2020-12-15 21:58:33'),(72,5.22,0,'2020-12-15 21:58:33','2020-12-15 21:59:53'),(73,6.70,0,'2020-12-15 21:59:53','2020-12-15 23:57:18'),(74,999.99,0,'2020-12-15 23:57:18','2020-12-16 00:00:57'),(75,10.55,0,'2020-12-16 00:00:57','2020-12-16 01:10:36'),(76,10.66,0,'2020-12-16 01:10:36','2020-12-16 01:10:42'),(77,10.00,0,'2020-12-16 01:10:42','2020-12-17 18:30:47'),(78,99999999.99,0,'2020-12-17 18:30:47','2020-12-17 18:30:58'),(79,156.00,0,'2020-12-17 18:30:58','2020-12-17 18:38:17'),(80,123456.00,0,'2020-12-17 18:38:17','2020-12-17 19:06:22'),(81,10.00,0,'2020-12-17 19:06:22','2020-12-17 20:15:40'),(82,10.43,0,'2020-12-17 20:15:40','2020-12-17 20:27:23'),(83,10.00,0,'2020-12-17 20:27:23','2020-12-17 20:29:18'),(84,10.43,0,'2020-12-17 20:29:18','2020-12-17 21:34:17'),(85,78.00,0,'2020-12-17 21:34:17','2020-12-18 00:20:57'),(86,15.00,0,'2020-12-18 00:20:57','2020-12-18 00:42:48'),(87,10.00,0,'2020-12-18 00:42:48','2020-12-20 22:09:48'),(88,50.00,0,'2020-12-20 22:09:48','2020-12-20 22:10:35'),(89,10.00,0,'2020-12-20 22:10:35','2020-12-21 18:00:50'),(90,11.00,0,'2020-12-21 18:00:50','2020-12-21 18:01:06'),(91,11.04,0,'2020-12-21 18:01:06','2020-12-21 18:29:59'),(92,0.00,0,'2020-12-21 18:29:59','2020-12-21 18:30:32'),(93,10.00,0,'2020-12-21 18:30:32','2021-01-27 17:14:17'),(94,20.00,1,'2021-01-27 17:14:17','2021-01-27 17:14:17');
/*!40000 ALTER TABLE `taxes` ENABLE KEYS */;
UNLOCK TABLES;

--
-- Table structure for table `uploaded_files`
--

DROP TABLE IF EXISTS `uploaded_files`;
/*!40101 SET @saved_cs_client     = @@character_set_client */;
/*!40101 SET character_set_client = utf8 */;
CREATE TABLE `uploaded_files` (
  `id` bigint(20) unsigned NOT NULL AUTO_INCREMENT,
  `related_user_id` bigint(20) unsigned NOT NULL,
  `url` varchar(191) COLLATE utf8mb4_unicode_ci NOT NULL,
  `file_type` varchar(191) COLLATE utf8mb4_unicode_ci NOT NULL,
  `user_type` varchar(191) COLLATE utf8mb4_unicode_ci NOT NULL,
  `created_at` timestamp NULL DEFAULT NULL,
  `updated_at` timestamp NULL DEFAULT NULL,
  `real_url` varchar(191) COLLATE utf8mb4_unicode_ci NOT NULL,
  PRIMARY KEY (`id`)
) ENGINE=InnoDB AUTO_INCREMENT=347 DEFAULT CHARSET=utf8mb4 COLLATE=utf8mb4_unicode_ci;
/*!40101 SET character_set_client = @saved_cs_client */;

--
-- Dumping data for table `uploaded_files`
--

LOCK TABLES `uploaded_files` WRITE;
/*!40000 ALTER TABLE `uploaded_files` DISABLE KEYS */;
INSERT INTO `uploaded_files` VALUES (240,1,'00001_photo_1.jpg','photo','recruiter','2020-11-09 19:28:29','2020-11-09 19:28:29',''),(241,1,'00001_photo_2.jpeg','photo','recruiter','2020-11-09 19:28:29','2020-11-09 19:28:29',''),(242,42,'43f293e4be886d43bd91a6d3af9b37c7.png','photo','jobseeker','2020-11-10 01:58:19','2020-11-10 01:58:19',''),(243,42,'7a1228e775a1fb16815272d221c452d8.jpg','photo','jobseeker','2020-11-10 01:58:19','2020-11-10 01:58:19',''),(244,42,'47e73e4fdd15c47a4e5f6dcdf4e43056.png','photo','jobseeker','2020-11-10 01:58:20','2020-11-10 01:58:20',''),(245,42,'fca5773a5480f1b65aa29d1a71abef17.jpg','photo','jobseeker','2020-11-10 01:58:20','2020-11-10 01:58:20',''),(248,24,'9e009199a1dda290f211922ea0ab8ca1.png','photo','jobseeker','2020-11-10 02:03:49','2020-11-10 02:03:49',''),(250,11,'00011_photo_1.png','photo','recruiter','2020-11-10 02:12:01','2020-11-10 02:12:01',''),(251,11,'00011_photo_2.png','photo','recruiter','2020-11-10 02:12:01','2020-11-10 02:12:01',''),(252,11,'00011_photo_3.png','photo','recruiter','2020-11-10 02:12:01','2020-11-10 02:12:01',''),(253,11,'00011_photo_4.jpg','photo','recruiter','2020-11-10 02:12:01','2020-11-10 02:12:01',''),(255,1,'0000001_cv_jp.xlsx','cv-jp','jobseeker','2020-11-12 01:15:08','2020-11-12 01:15:08','Testing (4)Testing (4)Testing (4)Testing (4)Testing (4)Testing (4)Testing (4)Testing (4)Testing (4)Testing (4).xlsx'),(256,24,'0000024_cv_jp.xlsx','cv-jp','jobseeker','2020-11-12 20:49:34','2020-11-12 20:49:34','_mDrive_MacBook_20201105 (1).xlsx'),(257,41,'d5ee654c8244f3b3b7ced5d62eb78c5d.jpg','photo','jobseeker','2020-11-14 20:42:23','2020-11-14 20:42:23',''),(258,41,'59c028964d1882adaa0e470f82823546.jpg','photo','jobseeker','2020-11-14 20:42:23','2020-11-14 20:42:23',''),(259,41,'ba79b630e39e8977fc5e43da254f97ee.png','photo','jobseeker','2020-11-14 20:42:23','2020-11-14 20:42:23',''),(260,41,'c6c6f5253b6162666ce27d90d7dae13e.jpg','photo','jobseeker','2020-11-14 20:42:23','2020-11-14 20:42:23',''),(261,21,'d6464446a37d008c9827c4b524dde310.jpg','photo','jobseeker','2020-11-14 20:55:15','2020-11-14 20:55:15',''),(262,21,'f6260d0521d456df3e448ff73d5061a7.jpg','photo','jobseeker','2020-11-14 20:55:15','2020-11-14 20:55:15',''),(263,21,'8617703acc08463d37d6640b2428bbe3.jpg','photo','jobseeker','2020-11-14 20:55:36','2020-11-14 20:55:36',''),(264,21,'4e8982d13dc42da415799fc6d7882fcc.jpg','photo','jobseeker','2020-11-14 20:55:36','2020-11-14 20:55:36',''),(265,7,'00007_photo_1.jpg','photo','recruiter','2020-11-15 06:09:33','2020-11-15 06:09:33',''),(266,7,'00007_photo_2.jfif','photo','recruiter','2020-11-15 06:09:33','2020-11-15 06:09:33',''),(267,7,'00007_photo_3.jpeg','photo','recruiter','2020-11-15 06:09:33','2020-11-15 06:09:33',''),(268,7,'00007_photo_4.jpeg','photo','recruiter','2020-11-15 06:09:33','2020-11-15 06:09:33',''),(269,49,'0000049_cv_en.xlsx','cv-en','jobseeker','2020-11-16 00:51:59','2020-11-16 00:51:59','0000004_cv_jp(1).xlsx'),(270,1,'00001_photo_3.jpg','photo','recruiter','2020-11-16 20:08:40','2020-11-16 20:08:40',''),(273,42,'0000042_cv_jp.xlsx','cv-jp','jobseeker','2020-11-18 23:40:35','2020-11-18 23:40:35','20201021.xlsx'),(281,25,'0000025_cv_en.xlsx','cv-en','jobseeker','2020-11-19 06:24:08','2020-11-19 06:24:08','waizincv.xlsx'),(282,25,'0000025_cv_other.xlsx','cv-other','jobseeker','2020-11-19 06:24:15','2020-11-19 06:24:15','waizinresume.xlsx'),(284,25,'0000025_cv_jp.xls','cv-jp','jobseeker','2020-11-19 06:43:57','2020-11-19 06:43:57','0000001_exp_en.xls'),(285,38,'00038_photo_1.png','photo','recruiter','2020-11-21 01:02:17','2020-11-21 01:02:17',''),(286,25,'9ea230d0cf7049e871d0b36c1607b1bd.jpg','photo','jobseeker','2020-11-22 05:44:32','2020-11-22 05:44:32',''),(287,25,'c7b3e8f13b60a11cba1acccf9dbf643a.jpg','photo','jobseeker','2020-11-22 05:44:32','2020-11-22 05:44:32',''),(288,25,'540dde7eb09290d466e4e802f6d503ad.jpg','photo','jobseeker','2020-11-22 05:44:33','2020-11-22 05:44:33',''),(289,25,'5a42c0118662a23a9acd9dd6995d8be6.jpg','photo','jobseeker','2020-11-22 05:44:33','2020-11-22 05:44:33',''),(290,44,'0000044_cv_jp.docx','cv-jp','jobseeker','2020-11-24 20:25:26','2020-11-24 20:25:26','Positive Thinking.docx'),(291,1,'0000001_cv_en.xls','cv-en','jobseeker','2020-11-25 22:11:19','2020-11-25 22:11:19','.xls'),(292,40,'00040_photo_1.png','photo','recruiter','2020-11-30 23:33:06','2020-11-30 23:33:06',''),(293,40,'00040_photo_2.jpg','photo','recruiter','2020-11-30 23:33:06','2020-11-30 23:33:06',''),(294,40,'00040_photo_3.jpg','photo','recruiter','2020-11-30 23:33:06','2020-11-30 23:33:06',''),(295,40,'00040_photo_4.jpg','photo','recruiter','2020-11-30 23:33:06','2020-11-30 23:33:06',''),(296,9,'00009_photo_1.jpg','photo','recruiter','2020-12-02 00:55:45','2020-12-02 00:55:45',''),(297,9,'00009_photo_2.jpg','photo','recruiter','2020-12-02 00:55:45','2020-12-02 00:55:45',''),(298,9,'00009_photo_3.jpg','photo','recruiter','2020-12-02 00:55:45','2020-12-02 00:55:45',''),(299,9,'00009_photo_4.jpg','photo','recruiter','2020-12-02 00:55:45','2020-12-02 00:55:45',''),(300,31,'00031_photo_1.png','photo','recruiter','2020-12-02 22:44:18','2020-12-02 22:44:18',''),(301,31,'00031_photo_2.png','photo','recruiter','2020-12-02 22:44:18','2020-12-02 22:44:18',''),(302,44,'0000044_cv_en.xlsx','cv-en','jobseeker','2020-12-10 20:17:18','2020-12-10 20:17:18','Testing (1) (1).xlsx'),(303,15,'d91ac95d64d92d0534ab179df94ceacd.jpg','photo','jobseeker','2020-12-14 18:10:50','2020-12-14 18:10:50',''),(304,15,'1a9d0b56220982b291f87370175c3968.jpg','photo','jobseeker','2020-12-14 18:10:50','2020-12-14 18:10:50',''),(305,15,'f80c0b7d7acbe8cb7dad107866f4ef59.jpg','photo','jobseeker','2020-12-14 18:10:51','2020-12-14 18:10:51',''),(306,15,'c4b77b0457fe4c153df0f0495c18f367.jpg','photo','jobseeker','2020-12-14 18:10:51','2020-12-14 18:10:51',''),(307,26,'00026_photo_2.png','photo','recruiter','2020-12-25 02:28:37','2020-12-25 02:28:37',''),(308,44,'9d02657fe252809f794253b2bf489b35.jpeg','photo','jobseeker','2020-12-27 17:57:19','2020-12-27 17:57:19',''),(309,44,'7e4cd7783bc8ec1452ab4b5e4b46ddfe.jpg','photo','jobseeker','2020-12-27 17:57:19','2020-12-27 17:57:19',''),(310,44,'303b7ac369187cac6229e075088f359b.jpg','photo','jobseeker','2020-12-27 17:57:20','2020-12-27 17:57:20',''),(311,44,'e6e79eee1b642aa701622f177ab9faf4.jpg','photo','jobseeker','2020-12-27 17:57:20','2020-12-27 17:57:20',''),(312,57,'00053_photo_1.jpg','photo','recruiter','2020-12-27 17:59:28','2020-12-27 17:59:28',''),(313,57,'00053_photo_2.jpg','photo','recruiter','2020-12-27 17:59:28','2020-12-27 17:59:28',''),(314,57,'00053_photo_3.jpg','photo','recruiter','2020-12-27 17:59:28','2020-12-27 17:59:28',''),(315,57,'00053_photo_4.jpg','photo','recruiter','2020-12-27 17:59:28','2020-12-27 17:59:28',''),(316,62,'00057_photo_1.jpg','photo','recruiter','2020-12-29 22:17:53','2020-12-29 22:17:53',''),(317,62,'00057_photo_2.jpg','photo','recruiter','2020-12-29 22:17:53','2020-12-29 22:17:53',''),(318,62,'00057_photo_3.jpg','photo','recruiter','2020-12-29 22:17:53','2020-12-29 22:17:53',''),(319,62,'00057_photo_4.jpg','photo','recruiter','2020-12-29 22:17:53','2020-12-29 22:17:53',''),(320,67,'5d9203f816c5e426cd8a8f1f22c049c5.jpg','photo','jobseeker','2020-12-29 22:41:15','2020-12-29 22:41:15',''),(321,67,'76ddd21255a992296bf3d4743b3e6600.jpg','photo','jobseeker','2020-12-29 22:41:16','2020-12-29 22:41:16',''),(322,67,'54a7a87ed6efa77ff20058a1e5891a21.jpg','photo','jobseeker','2020-12-29 22:41:16','2020-12-29 22:41:16',''),(323,67,'218831aecdfdfa3269515a46bc010dff.jpg','photo','jobseeker','2020-12-29 22:41:16','2020-12-29 22:41:16',''),(324,67,'0000058_cv_jp.xlsx','cv-jp','jobseeker','2020-12-29 22:48:47','2020-12-29 22:48:47','file_example_XLSX_1000.xlsx'),(325,67,'0000058_cv_en.pdf','cv-en','jobseeker','2020-12-29 22:49:15','2020-12-29 22:49:15','sample.pdf'),(326,67,'0000058_cv_other.docx','cv-other','jobseeker','2020-12-29 22:49:59','2020-12-29 22:49:59','file-sample_100kB.docx'),(327,67,'0000058_exp_jp.xlsx','exp-jp','jobseeker','2020-12-29 22:50:07','2020-12-29 22:50:07','file_example_XLSX_1000.xlsx'),(328,67,'0000058_exp_en.docx','exp-en','jobseeker','2020-12-29 22:50:11','2020-12-29 22:50:11','file-sample_100kB.docx'),(329,67,'0000058_exp_other.pdf','exp-other','jobseeker','2020-12-29 22:50:16','2020-12-29 22:50:16','sample.pdf'),(330,53,'00052_photo_1.jpg','photo','recruiter','2020-12-30 01:44:44','2020-12-30 01:44:44',''),(331,53,'00052_photo_2.jpg','photo','recruiter','2020-12-30 01:44:44','2020-12-30 01:44:44',''),(332,53,'00052_photo_3.jpg','photo','recruiter','2020-12-30 01:44:44','2020-12-30 01:44:44',''),(333,53,'00052_photo_4.jpg','photo','recruiter','2020-12-30 01:44:44','2020-12-30 01:44:44',''),(334,1,'26a0dd1ac542dcad38aa7205557104b5.jpg','photo','jobseeker','2021-01-07 17:15:09','2021-01-07 17:15:09',''),(335,1,'ed3995bb12c0cce314b4cbd095f684e8.jpg','photo','jobseeker','2021-01-07 17:15:09','2021-01-07 17:15:09',''),(336,1,'ed6b4f04aa0720a74b851da8f9a53c4e.jpg','photo','jobseeker','2021-01-07 17:15:09','2021-01-07 17:15:09',''),(337,1,'4adc0bd349c61641e28e4203895608b9.jpg','photo','jobseeker','2021-01-07 17:15:09','2021-01-07 17:15:09',''),(338,24,'bc51be3a6aed1132ee72042a072a89ba.png','photo','jobseeker','2021-01-09 20:17:51','2021-01-09 20:17:51',''),(339,49,'6a12c22d1e80b154154a1f3956d0eea4.jpg','photo','jobseeker','2021-01-10 21:41:42','2021-01-10 21:41:42',''),(340,1,'00001_photo_4.png','photo','recruiter','2021-01-18 01:06:49','2021-01-18 01:06:49',''),(341,36,'435b0b79a8ed65eb2e6fc10fad85b3ad.png','photo','jobseeker','2021-01-18 01:19:45','2021-01-18 01:19:45',''),(342,36,'09a58be8dae75ddfbfeca279dddaa56c.png','photo','jobseeker','2021-01-18 01:19:46','2021-01-18 01:19:46',''),(343,12,'00012_photo_1.jpg','photo','recruiter','2021-01-21 17:31:32','2021-01-21 17:31:32',''),(344,78,'de9cb0d368a312aea7aae401b1a30f00.jpg','photo','jobseeker','2021-01-26 22:12:37','2021-01-26 22:12:37',''),(345,78,'d1ac5b4086b9d8b431ba4d7f432142b1.jpg','photo','jobseeker','2021-01-26 22:12:37','2021-01-26 22:12:37',''),(346,1,'0000001_exp_jp.xlsx','exp-jp','jobseeker','2021-01-27 18:12:06','2021-01-27 18:12:06','Book2.xlsx');
/*!40000 ALTER TABLE `uploaded_files` ENABLE KEYS */;
UNLOCK TABLES;

--
-- Table structure for table `users`
--

DROP TABLE IF EXISTS `users`;
/*!40101 SET @saved_cs_client     = @@character_set_client */;
/*!40101 SET character_set_client = utf8 */;
CREATE TABLE `users` (
  `id` bigint(20) unsigned NOT NULL AUTO_INCREMENT,
  `name` varchar(191) COLLATE utf8mb4_unicode_ci NOT NULL,
  `email` varchar(191) COLLATE utf8mb4_unicode_ci NOT NULL,
  `role_id` int(10) unsigned NOT NULL,
  `email_verified` int(11) NOT NULL DEFAULT '0',
  `password` varchar(191) COLLATE utf8mb4_unicode_ci NOT NULL,
  `password_locked` tinyint(4) NOT NULL,
  `locked_datetime` datetime DEFAULT NULL,
  `remember_token` varchar(100) COLLATE utf8mb4_unicode_ci DEFAULT NULL,
  `record_status` int(11) NOT NULL DEFAULT '1',
  `created_at` timestamp NULL DEFAULT NULL,
  `updated_at` timestamp NULL DEFAULT NULL,
  `extra` varchar(191) COLLATE utf8mb4_unicode_ci DEFAULT NULL,
  `email_send` tinyint(4) DEFAULT '1',
  PRIMARY KEY (`id`)
) ENGINE=InnoDB AUTO_INCREMENT=155 DEFAULT CHARSET=utf8mb4 COLLATE=utf8mb4_unicode_ci;
/*!40101 SET character_set_client = @saved_cs_client */;

--
-- Dumping data for table `users`
--

LOCK TABLES `users` WRITE;
/*!40000 ALTER TABLE `users` DISABLE KEYS */;
INSERT INTO `users` VALUES (1,'1','admin@borderless-working.jp',1,1,'$2y$10$H7pKtZve15Vf6HvRcolT/eLp/zGFMZxqJ0RJcw4ZgdikXQjKBi37C',0,NULL,NULL,1,NULL,'2021-01-18 02:20:23','mpm_fifth@outlook.jp,mpm_first@outlook.jp',0),(2,'Thuzar Recruiter','thuzar.ts92@gmail.com',2,1,'$2y$10$A2j90IfSaygmT5SLQAQKleJ.3vIUYCAvlbc/ajRohhJc9g46sS0bG',0,NULL,'cjcwK1BuZllpWEdVdThiYThnZFIydz09',1,NULL,'2021-01-21 19:56:05','{\"timezone\":\"Asia\\/Tokyo\",\"offset\":\"+09:00\"}',0),(3,'Jobseeker TestingJobseeker TestingJobseeker TestingJobseeker TestingJobseeker TestingJobseeker TestingJobseeker TestingJobseeker Testing','jobseeker@gmail.com',3,1,'$2y$10$Ns0JIgSj7SrTVC/Rc1Ab4uzsS5Ffz/6NhX89lVmdmfVjqJUSW94oG',0,NULL,NULL,1,NULL,'2021-01-17 21:52:32',NULL,0),(4,'Thuzar Real Mail','myatwoon.sky@gmail.com',2,1,'$2y$10$rkDECLOs2LQ.vDXncRMzf.VzXQCdv2/oH7NYNwqBTXUZmxcSX0eUK',0,NULL,'eHJQMHVUbjNYU2dJQk52U0ZLQnR2dTdTUDVINWZxenZnNm1LRDFMZk1CTT0=',3,'2020-07-20 22:04:41','2021-01-25 18:07:55',NULL,0),(5,'Jobseeker new','myatwoon.sky2@gmail.com',3,1,'$2y$10$M/Pamwlq9wvhijRumA9cKOfAEZoj1nEbTn.i.Jmdp/ekVzQHaRHe.',0,NULL,'eHJQMHVUbjNYU2dJQk52U0ZLQnR2dTdTUDVINWZxenZnNm1LRDFMZk1CTT0=',3,'2020-07-20 22:09:18','2021-01-17 21:52:32',NULL,0),(6,'Thuzar Testing','susandiaung565@gmail.com',3,1,'$2y$10$jH5VGjtODt8DKfh0uk45T.8HKwnAxRdN9R1mjHlEU3usTLqDLTRp.',0,NULL,NULL,1,'2020-07-27 02:44:14','2021-01-17 21:52:32',NULL,0),(7,'Zinko','hero2012.zk1@gmail.com',3,1,'$2y$10$YYQIW6qI3LV.BIh6xuYE.ODAxpU6LPzE3xE1iVp2lDHtUUl0A1Rfu',0,NULL,NULL,1,'2020-07-27 21:55:42','2021-01-17 21:52:32',NULL,0),(8,'ZinkoMyint','hero2012.zk2@gmail.com',2,1,'$2y$10$2B0ZW/9Ox3Kk3hbqH5jXJesz/l4.ydnP.a6u5fIc0ZtSGROHhNt6O',0,NULL,NULL,2,'2020-07-28 20:01:47','2021-01-17 21:52:32',NULL,0),(9,'Zinko','hero2012.zk3@gmail.com',3,1,'$2y$10$BZiKOvAjYgToEB8N1jnp6e1Dooe/iwbxXVkwEHv9H3S78Mm5VtGMC',0,NULL,NULL,1,'2020-08-06 00:56:57','2021-01-17 21:52:32',NULL,0),(13,'Thuzar','customer3@gmail.com',3,1,'$2y$10$FG.uz1v7GDkVwAHIOwVT5urM8nZ0M2McMEanQLyTCL1z1.6FstBre',0,NULL,NULL,1,'2020-08-12 00:28:12','2021-01-17 21:52:32',NULL,0),(14,'Thuzar TS','thuzar.ts925@gmail.com',3,1,'$2y$10$pFe0OPL3f9w4gHHsPrwykOefkLa.iaeZt1YWIDjOmobPoVik.sYZW',0,NULL,'bFFtbWgyYTJyRTVEbzhybEh6YmF5TCtGcUtKU3FTU0FqbXhEUDlJQWtmWT0=',1,'2020-08-12 03:54:04','2021-01-17 21:52:32',NULL,0),(15,'Job Seeker','jobseeker1@gmail.com',3,1,'$2y$10$ANsNXfvogeJ/wCr.91.9Zegu6vGm5YHfvJ.nzrWKhF/l2IdaPKpQe',0,NULL,NULL,1,NULL,'2021-01-17 21:52:32',NULL,0),(16,'Jobseeker new','myatwoon.sky1@gmail.com',3,1,'$2y$10$M/Pamwlq9wvhijRumA9cKOfAEZoj1nEbTn.i.Jmdp/ekVzQHaRHe.',0,NULL,'eHJQMHVUbjNYU2dJQk52U0ZLQnR2dTdTUDVINWZxenZnNm1LRDFMZk1CTT0=',1,'2020-07-20 22:09:18','2021-01-17 21:52:32',NULL,0),(17,'Thuzar Testing','susandiaung5651@gmail.com',3,1,'$2y$10$jH5VGjtODt8DKfh0uk45T.8HKwnAxRdN9R1mjHlEU3usTLqDLTRp.',0,NULL,NULL,1,'2020-07-27 02:44:14','2021-01-17 21:52:32',NULL,0),(18,'Thuzar','jobseeker5@gmail.com',3,1,'$2y$10$kDs2SQXNjH/v/YOvKxgaXuaOux1.DAsQR4ol2Dn9DiQyvyzPaorrG',0,NULL,NULL,1,'2020-08-16 21:23:21','2021-01-17 21:52:32',NULL,0),(19,'Jobseeker Test','myatwoon.sky5@gmail.com',3,1,'$2y$10$YkHDOn/.Ajz8PO831fLQQOCHoxH0BEHV6aOgd4ELtO4sydGn1QKbO',0,NULL,NULL,1,'2020-08-20 01:46:28','2021-01-17 21:52:32',NULL,0),(20,'Thuzar','customeree@gmail.com',2,1,'$2y$10$BEYZqArvtGzKGugAK/J15ej/hsFwBRRVO9WRSubzDTUv2zFfjcTry',0,NULL,NULL,1,'2020-08-21 02:56:00','2021-01-17 21:52:32',NULL,0),(21,'Myo Ko','myokoko@management-partners.co.jp',3,1,'$2y$10$X0aY5ziVXb/iWAxT4ypU9.kDoqfrCMzRbQTtx2Ame2mrlUzKdU.eG',0,NULL,NULL,3,'2020-08-21 03:09:46','2021-01-17 21:52:32',NULL,0),(22,'Waizin','myatwoon.sky7@gmail.com',3,1,'$2y$10$drgnRzvlDU.65lS34cA7XuKlKVEXopDf/XeJSYblqvowbYx/huTaS',0,NULL,'eHJQMHVUbjNYU2dJQk52U0ZLQnR2dTdTUDVINWZxenZnNm1LRDFMZk1CTT0=',1,'2020-08-24 21:26:14','2021-01-17 21:52:32',NULL,0),(23,'Lucky7','lucky7@gmail.com',3,1,'$2y$10$qlQpLGuCNRONkCPbo5uH0uj3CqdObCChd3wp2cdhSxtjAUH9iTblW',0,NULL,NULL,1,'2020-08-30 19:39:20','2021-01-17 21:52:32',NULL,0),(24,'yan','testing@gmail.com',3,1,'$2y$10$DaTZ3ABHWgBZA6S4e0qXSeZVPXysbE5Tjq94Zv0/IRCK5i4/BtOLW',0,NULL,NULL,3,'2020-09-20 23:23:11','2021-01-17 21:52:32',NULL,0),(25,'zinkomyint','hero2012.zk@gmail.com',3,1,'$2y$10$mEP2eF6rTUZsW.QrrVkZ0uKV1WUjr9Q.Dn9M6zKtlXEU7CWtD879u',0,NULL,NULL,1,'2020-09-21 01:10:09','2021-01-17 21:52:32',NULL,0),(26,'()','maythandaroo@management-partners.co.jp',3,1,'$2y$10$RQ1IouLOmWMfp05A3tAnSeVSff2wobtblRuuxzX.nV/JRBGTiE/Ri',0,NULL,'UGZjSC8zRkdKUi9lUHdmYWFaVGI1QT09',1,'2020-09-22 18:35:00','2021-01-26 19:21:23',NULL,0),(27,'zinkomyint','crzycrzy13@gmail.com',3,1,'$2y$10$eM.OXZVqa2gMjCrH2oQ93OS004FierwidlvRUyfeHUCaZ1bVBOhLu',0,NULL,'UGZjSC8zRkdKUi9lUHdmYWFaVGI1QT09',1,'2020-09-22 18:35:52','2021-01-17 21:52:32',NULL,0),(28,'maythandaroo','mayphuekyawsoe123@gmail.com',2,1,'$2y$10$yduDpnK/4GWDwyIHzjSq9uKLme1CpYsSApco5foEufvhk1z2XfmtG',0,NULL,'UGZjSC8zRkdKUi9lUHdmYWFaVGI1QT09',1,'2020-09-22 19:05:24','2021-01-17 21:52:32',NULL,0),(29,'waizin','waizinhtun.mdy@gmail.com',2,1,'$2y$10$rCqJu3026OukLndIiE02PeV7GXeEp/XINRODReYLDwgHI0gIZ7Gm.',0,NULL,NULL,3,'2020-09-29 22:16:48','2021-01-17 21:52:32',NULL,0),(30,'','maythandaroo@management-partners.co.jp',2,1,'$2y$10$1LZdS9EJyANMtoAaCjBjRO5rzNIyEauMujXA2SSzTa8Fj4CPqgBUu',0,NULL,'aEl1N24wRHlQZTUwWUQ0STB1SGYvdz09',1,'2020-10-03 01:23:18','2021-01-18 01:44:59',NULL,0),(31,'zinkomyint1111','zinko@management-partners.co.jp',3,1,'$2y$10$FxS2V9kwN76ZRWS7yBZNKuAraqD6qX89SwsGhNTfuQTZKTkcwFvhW',0,NULL,NULL,1,'2020-10-04 20:21:39','2021-01-17 21:52:32',NULL,0),(32,'zinkomyint','crzycrzy55@gmail.com',2,1,'$2y$10$/Xnaw8mDIHMDYxc3xFwqqO2oVdhLBopdMXeTAhehjLo5ImfNVF5hO',0,NULL,NULL,1,'2020-10-06 22:44:28','2021-01-17 21:52:32','{\"timezone\":\"Asia\\/Tokyo\",\"offset\":\"+09:00\"}',0),(33,'waizin ffff','waizinhtun.mdy@gmail.com',2,1,'$2y$10$sChpEauD3AhPA4/RxvFVXuHuCbDbFh4eEgUcwNfrF/q8a2uOLmdJG',0,NULL,'UGZjSC8zRkdKUi9lUHdmYWFaVGI1QT09',1,'2020-10-07 07:29:04','2021-01-18 19:36:24',NULL,0),(34,'','nishi.test@gmail.com',2,1,'$2y$10$EPK/9Osru2E5nCWLdplaqeVUqjXAu64iT0E4vNiYdfanCH0y0jxjq',0,NULL,NULL,1,'2020-10-10 23:49:17','2021-01-17 21:52:32',NULL,0),(35,'1','mpm_fourth@outlook.jp',3,1,'$2y$10$IwJ9PJ25cQCOvwyqI25q6udpjO8GTDL7hJo4fQrFoXWkADPLKDmCu',0,NULL,'UGZjSC8zRkdKUi9lUHdmYWFaVGI1QT09',1,'2020-10-12 00:51:03','2021-01-18 15:26:21','{\"timezone\":\"Asia\\/Tokyo\",\"offset\":\"+09:00\"}',0),(36,'waizin mpm','waizinmpm@outlook.com',3,1,'$2y$10$V4QSLFbQYtE.mjI2SgOdo.eysBqWTCMshNnz9ZJQD/klnmMaXx7/q',0,NULL,'UGZjSC8zRkdKUi9lUHdmYWFaVGI1QT09',1,'2020-10-13 09:15:17','2021-01-21 20:31:52',NULL,0),(37,'','mpm_fifth@outlook.jp',2,1,'$2y$10$Ai0wN.o.71TCvpKE3vJFCeOuO2FnfjVqDKFlOBw1nRla9WL.jcvVK',0,NULL,NULL,1,'2020-10-13 20:27:40','2021-01-17 21:52:32',NULL,0),(38,'wutmone','monelay.flower@gmail.com',2,1,'$2y$10$1BE35FeeSqwmsT60uK1HE.eCNF/1OzJ34zkcnMIABHmijb3kraPFq',0,NULL,NULL,1,'2020-10-14 19:52:09','2021-01-17 21:52:32',NULL,0),(39,'ee','www@gmail.com',2,0,'$2y$10$qGu7Zz8WGEJZ1GkNGN8J/.1ZoxeI/XutJ8.R7Qn9N8bXMHuuViQZO',0,NULL,NULL,1,'2020-10-14 20:05:15','2021-01-17 21:52:32',NULL,0),(40,'zinkomyint','crzycrzy66@gmail.com',2,1,'$2y$10$bhaFchowYCeHdL/QS1A00emRoP9OJaNXLz9/Z55B7OdwlsUN2Cv7C',0,NULL,NULL,1,'2020-10-15 19:18:25','2021-01-17 21:52:32',NULL,0),(41,'Yan Lynn Aung','yanlynn@management-partners.co.jp',3,1,'$2y$10$BFmGFpWNHWbxOYJA1Sxp/ur6.QAVNljiwofEtLho5bekEtxrqBZO6',0,NULL,NULL,3,'2020-10-19 18:46:35','2021-01-17 21:52:32',NULL,0),(42,'New Job seeker','myatwoon.sky@gmail.com',3,1,'$2y$10$8VX6Fr0Am9RLO5BzDZpYqeKwEU3hlpZtuuJqptcYpd6Ih4vR0DqXm',0,NULL,NULL,3,'2020-10-20 21:56:43','2021-01-17 21:52:32',NULL,0),(43,'mayforever2006@gmail.com','zinwahwahhtun85@gmail.com',2,1,'$2y$10$rna0bWRtJ7mgv5N9M.0Pme0n0l9JdHyJ7wO6FLjN6p63s6ev.TrrW',0,NULL,NULL,1,'2020-10-21 22:09:54','2021-01-17 21:52:32',NULL,0),(44,'()','maywathone@management-partners.co.jp',2,0,'$2y$10$0LsoTRMxd1IHVwizBRpiououJ1RUXaBSDEq5.YhJKukb3hfE5xEJ6',0,NULL,NULL,1,'2020-10-21 22:25:36','2021-01-17 21:52:32',NULL,0),(45,'Thuzar','tt@gmail.com',2,1,'$2y$10$DsMssMVUSlpE8Iyh/scdveLQcrJEpSpkco9arksDqpkePzW4cIeEq',0,NULL,NULL,1,'2020-10-21 23:15:06','2021-01-17 21:52:32',NULL,0),(46,'Su Sandy','susan@gmail.com',3,0,'$2y$10$ZS7HVxNgDyd3p/Fs/R3Ff.CFzDq1bXrNCNWE2bx8Bo.LaTee1p1Za',0,NULL,NULL,3,'2020-10-22 17:03:52','2021-01-17 21:52:32',NULL,0),(47,'Su San','yan.lynn1991@gmal.com',3,0,'$2y$10$VFXtCAP9ZpleDrhKA30uw.6CAjrn/UFfnT5k99dZBPyk3a66.4XA6',0,NULL,NULL,3,'2020-10-22 17:08:45','2021-01-17 21:52:32',NULL,0),(48,'test','yan.yla@gmail.com',3,0,'$2y$10$tNEUmC1ekcvTEryBbrxaFesEUDCD3hj5yulgb6qLo72fTcyMHK0fK',0,NULL,NULL,3,'2020-10-22 17:55:03','2021-01-17 21:52:32',NULL,0),(49,'Thuzar','thuzar@gmail.com',3,0,'$2y$10$UtL7vVSjRiP9v1xKrTeJbOIUnfkgtcA9TDf9CV5uyirzGXvDAaRbO',0,NULL,NULL,3,'2020-10-22 18:11:39','2021-01-17 21:52:32',NULL,0),(50,'(','kyawmya1958@gmail.com',2,1,'$2y$10$cjKPdt4EdvOIUtagG42QV.i4CPnOowrJXJoMGhFNhNOXrqH0apVja',0,NULL,NULL,3,'2020-10-22 19:47:53','2021-01-17 21:52:32',NULL,0),(51,'mg mg','mgmg@gmail.com',2,0,'$2y$10$5bt/Pre/GBP.4aU/y9Rl2uGmIcKV1j7iOqHfjxVhBEO9wxe4EeYJS',0,NULL,NULL,1,'2020-10-22 23:08:35','2021-01-17 21:52:32',NULL,0),(52,'kyawmya1958@gmail.com','kyawmya1958@gmail.com',2,0,'$2y$10$SA3AdEh6odUFHPZLmNk0s.JR4rPEByNXuC0y6R8dflxA3y0VHrK.S',0,NULL,NULL,1,'2020-10-22 23:35:52','2021-01-17 21:52:32',NULL,0),(53,'test','testing@gmail.com',3,0,'$2y$10$hSJ6vLLHmUF03gV5q5BcVurdHXCnjEO7jYAdbHtsSYWsklFQhXQJe',0,NULL,NULL,3,'2020-10-22 23:47:47','2021-01-17 21:52:32',NULL,0),(54,'mpm_Second','n27w525@gmail.com',2,1,'$2y$10$8zBl5.iMNcZ/k75HU2V3U.9nZKV2SOhDhTEAB/lry3aownewr13JS',0,NULL,'UGZjSC8zRkdKUi9lUHdmYWFaVGI1QT09',1,'2020-10-23 00:05:21','2021-01-26 16:36:29',NULL,0),(55,'yan','testing@gmail.com',3,0,'$2y$10$cb4/JIJljGaYH9aDzED0Gej4rygjm4DoohQhbJKNnnP6XimomrqgC',0,NULL,NULL,3,'2020-10-23 00:17:10','2021-01-17 21:52:32',NULL,0),(56,'Myatwoon','myatwoon.sky@gmail.com',2,1,'$2y$10$4YwKISioYqfEtkK7Oou/1OiqZkol17MeS/yYrIUzUhQoFHBB/wh8y',0,NULL,NULL,3,'2020-10-23 00:20:44','2021-01-25 18:01:01',NULL,0),(57,'Yan','yanlynn@management-partners.co.jp',3,0,'$2y$10$dN4AgAxgxhRxWBlHz0U7ieX5z2oB8WC8aMbi7raaKOMKhp8jGMjzG',0,NULL,NULL,1,'2020-10-23 00:21:37','2021-01-17 21:52:32',NULL,0),(58,'www','mawutmoneoo@gmail.com',2,0,'$2y$10$RR7488xsErSELk1quILvhesCkTjD9uC4Cbc2LS9rkCt87ok.3fnYq',0,NULL,NULL,1,'2020-10-23 00:34:16','2021-01-17 21:52:32',NULL,0),(59,'mpm_third','mpm_third@outlook.jp',2,1,'$2y$10$JystYT2C9dPXbMQtGAADkeDNdwUsSYh61Xz34grsOq6E4p8bTnInu',0,NULL,NULL,3,'2020-10-23 00:41:41','2021-01-17 21:52:32',NULL,0),(60,'maythandaroo@management-partners.co.jp','kyikyiwin@gmail.com',2,1,'$2y$10$DJwlRJKiqeFnAAthQdocjOCOAJmhJVbEDY/T8NRm4ids.OXJ.bno6',0,NULL,NULL,3,'2020-10-27 00:29:10','2021-01-17 21:52:32',NULL,0),(61,'mpm_fourth@outlookjjj','mpm_fourth@outlook.jp',2,1,'$2y$10$CK1sBgw5Hr/tbgo8TvQADOvs4H8Sk5.7ixo5HV51c03cjUHeuDcHi',0,NULL,'aEl1N24wRHlQZTUwWUQ0STB1SGYvdz09',1,'2020-10-27 03:00:43','2021-01-26 17:45:45','{\"timezone\":\"Asia\\/Tokyo\",\"offset\":\"+09:00\"}',0),(62,'Thuzar mpm','christhan1990@gmail.com',2,1,'$2y$10$3ZVWlbeSgnIXQmY58/xyOu9s4IxpFBq.duxOJanbjLl4JhP/J4u/y',0,NULL,NULL,1,'2020-10-27 07:37:05','2021-01-17 21:52:32',NULL,0),(63,'mpm_fifth','mp.mp.devl@gmail.com',3,1,'$2y$10$6rVYkpqof/OdTQAiaZPwxehrkNqOmiYLN/JDHOz16UfUCQWs79SNC',0,NULL,NULL,3,'2020-11-03 05:57:42','2021-01-17 21:52:32',NULL,0),(64,'mp.eccube@gmail.com','mp.eccube@gmail.com',2,1,'$2y$10$z6ooR4O8UagpVzI0juvXjuXCvV84de687eXctbr7FPhxfi2QFLX1W',0,NULL,NULL,1,'2020-11-03 07:07:51','2021-01-17 21:52:32',NULL,0),(65,'Japan Local','management.partner87@gmail.com',2,1,'$2y$10$6HgAgvwOOVAJgCgst7eVleD3/VwUOQPql.gx.JxSwuOokEpLV7A0W',0,NULL,NULL,1,'2020-11-03 20:08:16','2021-01-17 21:52:32',NULL,0),(66,'Email myatwoon.sky','myatwoon.sky@gmail.com',3,1,'$2y$10$mNfZDtPkrHbL4/0ljj99keP88yeoRIue2tnW.i/2zES2NnOT4/osa',0,NULL,NULL,1,'2020-11-04 01:41:32','2021-01-20 21:59:57','{\"timezone\":\"Asia\\/Tokyo\",\"offset\":\"+09:00\"}',0),(67,'New rec','thuzar@management-partners.co.jp',2,1,'$2y$10$wTGSA/1h7FLEmLaxl/sktuBaSYoExcqrLnhQC1R6Aw2jVPM0maf6O',0,NULL,NULL,3,'2020-11-04 01:46:29','2021-01-17 21:52:32',NULL,0),(68,'n27w525@gmail.com','h_nishimura@management-partners.co.jp',2,1,'$2y$10$vxMZGfzoMyiZiyCEgB0z6.imAx55erlVrxcKntAzXZ18Ztxy6/2fy',0,NULL,'UGZjSC8zRkdKUi9lUHdmYWFaVGI1QT09',1,'2020-11-04 21:20:30','2021-01-17 21:52:32',NULL,0),(69,'mpm.second@gmail.com','mpm.second@gmail.com',2,1,'$2y$10$huLU2LwFfyp/atjUNSggNOm47P18W8LbrBA2ACf.EnrOC6uF1WS1m',0,NULL,NULL,1,'2020-11-04 22:19:06','2021-01-17 21:52:32',NULL,0),(70,'kozinko','crzycrzy88@gmail.com',3,0,'$2y$10$BqVpS4blwr9bzH7Qvq9XauurTinfoCmYlts2HQexlFvL11XFq2db2',0,NULL,NULL,1,'2020-11-05 17:31:49','2021-01-17 21:52:32',NULL,0),(71,'zinkomyint_JS','crzycrzy99@gmail.com',3,1,'$2y$10$13pK6SM8Po0FsRA.tquIX.VzkNZdeVvoGTI7D/ncz3wHCFLIOmw9m',0,NULL,NULL,1,'2020-11-05 18:00:13','2021-01-17 21:52:32',NULL,0),(72,'IR-IT-STOCK','crzycrzy15@gmail.com',2,1,'$2y$10$wRk/XfrE7ogANz17V0m0KeijW35Ha5JDI8GOyjdjHtYbNjCaShAr.',0,NULL,'dEN6dTBJWmtCOHJydnFzOGpOcHhndz09',1,'2020-11-05 18:40:41','2021-01-17 21:52:32',NULL,0),(73,'asdf','testing@gmail.com',2,1,'$2y$10$.8RLYol4S7MFKOXb068uFuk0Ia5wJ8aJK8DYa.UD0/o.cHztun6iC',0,NULL,NULL,1,'2020-11-08 22:31:04','2021-01-17 21:52:32',NULL,0),(74,'aaa','yan.lynn1991@gmail.com',2,1,'$2y$10$MkY73Se5enVv.Fc5LgB34.Pv2xKz31b6VggQj4Jik7thsAaKThkaO',0,NULL,NULL,1,'2020-11-08 23:31:25','2021-01-17 21:52:32',NULL,0),(75,'wutmone','flower@gmail.com',2,0,'$2y$10$oL2AytSLzEGjA3id7Ptk2u/K3Uwj1Nr9m41sQ2gNzlSpUci8LUY1a',0,NULL,NULL,1,'2020-11-09 01:06:10','2021-01-17 21:52:32',NULL,0),(76,'Nishimura()','h_nishimura@management-partners.co.jp',3,0,'$2y$10$N6kNKwcxjooE7yiZUv66j.gpueeu77jr4on5lT/FDE84/6sljFUfe',0,NULL,NULL,1,'2020-11-09 16:56:07','2021-01-17 21:52:32',NULL,0),(77,'Kyi Kyi Win','kyikyiwin1963@gmail.com',3,1,'$2y$10$j41ztDs1qA5Lg411YLYMReF6edPscdmhMtBS1E/ixCD6hODwJaa1q',0,NULL,NULL,3,'2020-11-09 23:23:53','2021-01-17 21:52:32',NULL,0),(78,'Kyi Kyi Win','kyikyiwin1963@gmail.com',3,1,'$2y$10$U/nvq.UshB0STr0knoFBieu37P7LplN4VOqQUfGQLbNXsFV/iIeGO',0,NULL,NULL,1,'2020-11-10 01:01:41','2021-01-17 21:52:32',NULL,0),(79,'Thuzar','kyikyiwin@gmail.com',3,1,'$2y$10$KU2RI8k5RuBZuGH8j9Fm/O6aDqmNlsO1.Ypeifo0m8RhFV358xNT.',0,NULL,NULL,1,'2020-11-10 01:06:24','2021-01-17 21:52:32',NULL,0),(80,'wutmone','wmo@gmail.com',2,0,'$2y$10$SwK33UUBPAniDAo1A/15huvZz1EgBa.5EDunYM5tov.nzUOUBBP/q',0,NULL,NULL,1,'2020-11-10 17:30:36','2021-01-17 21:52:32',NULL,0),(81,'Thuzar','testingthandar@gmail.com',3,0,'$2y$10$UcpYSicK0mU9nQ4RdG.iouc/qUlaGmvGksZ81jTRt4aGb7h9nOT/q',0,NULL,NULL,3,'2020-11-11 00:15:05','2021-01-17 21:52:32',NULL,0),(82,'Thuzar JS()','thuzar.ts92@gmail.com',3,1,'$2y$10$zXMIayIOUNSEU8GViiLy6uFKV6J6apj1CbgRpsD1SSgwPBl9pVm7W',0,NULL,NULL,3,'2020-11-11 17:34:10','2021-01-26 17:44:23','{\"timezone\":\"Asia\\/Yangon\",\"offset\":\"+06:30\"}',0),(83,'','yan.yla@gmail.com',3,1,'$2y$10$uZuD3CssesBmISrU4bcdY.rYkSyE8f7xYnj0P/VkBOepAYSmgXFhy',0,NULL,NULL,1,'2020-11-11 21:48:13','2021-01-17 21:52:32',NULL,0),(84,'Christ','christhan1990@gmail.com',3,1,'$2y$10$CC5dNippBwI7IaxGtwxqhep36vUk9.x32TUtM943r/sosMIr8vz7C',0,NULL,NULL,3,'2020-11-11 22:12:41','2021-01-17 21:52:32',NULL,0),(85,'zinkomyint ( jobseeker )','crzycrzy16@gmail.com',3,0,'$2y$10$17PA0v64cA2WMj2Vqgp6wurznVQqwCG3Xu93TnMrPwgqalX/1Iqoa',0,NULL,NULL,1,'2020-11-12 00:12:19','2021-01-17 21:52:32',NULL,0),(86,'zinkomyint','crzycrzy17@gmail.com',3,1,'$2y$10$D1Kd/6AfelsD4sx65Yq7GuAl5NO8I3k91dzW0nvU6sRo.nevDnmBy',0,NULL,'dEN6dTBJWmtCOHJydnFzOGpOcHhndz09',1,'2020-11-12 01:11:56','2021-01-17 21:52:32',NULL,0),(87,'mpm_fifth@outlook.jp','mpm_first@outlook.jp',3,1,'$2y$10$pz04SACgHop.xT9LyEicKO.pgtpvRe.WK48cjSr6FxCSimQf0u5VC',0,NULL,'UGZjSC8zRkdKUi9lUHdmYWFaVGI1QT09',1,'2020-11-12 22:31:49','2021-01-26 16:31:42','{\"timezone\":\"Asia\\/Tokyo\",\"offset\":\"+09:00\"}',0),(88,'mpm_first@outlook.jp','mpm_first@outlook.jp',2,1,'$2y$10$V9XGL90nkCKLqicQvd945.76clowiDZ22mW17pO4reL1p/2mrFmJ2',0,NULL,NULL,3,'2020-11-12 22:36:53','2021-01-17 21:52:32',NULL,0),(89,'mp.mp.dev@gmail.com','mp.mp.dev@gmail.com',3,0,'$2y$10$dWeIEP2XpRKW7VCT4ocabe6zGWGH/7V2SixXnRcSjMwzwSgmR9umG',0,NULL,NULL,1,'2020-11-13 21:29:23','2021-01-17 21:52:32',NULL,0),(90,'mpm.zero@gmail.com()','mpm.zero@gmail.com',3,1,'$2y$10$IJMgxkxjkHzskmU83mhokOSkDW0qs2uBQ72I05hqEn6QfbJMnBJJW',0,NULL,'MUdZVFlJR2RVQURVNXk2REVQTzMwUkdLb2dwZTRiRzFhQzR2anY4OTU3QT0=',3,'2020-11-13 21:49:55','2021-01-17 21:52:32',NULL,0),(91,'Myatwoon','myatwoon.sky@gmail.com',2,1,'$2y$10$4jsFOkNwakOOXva6T.OTiuFWLZQUY8hsNBJ1CAjDptTis.30.Zp8e',0,NULL,NULL,3,'2020-11-16 04:48:30','2021-01-17 21:52:32',NULL,0),(92,'Myatwoon 2','myatwoon.sky@gmail.com',2,1,'$2y$10$y36.LPVD5YL9XSrIv87nu.VIczgRic2WI6QBx95zNzxy.7ITfxpY2',0,NULL,NULL,3,'2020-11-17 22:38:45','2021-01-17 21:52:32','{\"timezone\":\"Europe\\/Amsterdam\",\"offset\":\"+01:00\"}',0),(93,'mpm_third@outlook.jp','mpm_third@outlook.jp',2,1,'$2y$10$iWXc70SmOVet7K1EBwoweuVumoUbMvU5lyeNLqZaI96gup0sm17D2',0,NULL,NULL,3,'2020-11-18 18:31:39','2021-01-17 21:52:32',NULL,0),(94,'mpm_second@outlook.jp','mpm_second@outlook.jp',3,1,'$2y$10$l38LYafvOOpt25blMCnLoepQBs7JxMZ8G7/xgfM4ARKq/n74Es1nK',0,NULL,NULL,1,'2020-11-19 03:16:48','2021-01-17 21:52:32',NULL,0),(95,'IMC ( kozin )','crzycrzy18@gmail.com',2,1,'$2y$10$xb7SBzADVSdGVJdPN43vxO/nOzPTv7sDpTrgRMyM4VOOM6zJSLOuu',0,NULL,'dEN6dTBJWmtCOHJydnFzOGpOcHhndz09',1,'2020-11-19 20:08:28','2021-01-17 21:52:32',NULL,0),(96,'mpm_fifth','mpm.third@gmail.com',2,1,'$2y$10$MdZhVZenDCp/2TFL9gmRHOJvWga0nhPfN/ZRkLyo5GdC3B.7v/zi6',0,NULL,'TzluNWdxZU5mS0Q2Ynl1UWF4dFZBdGR1SE9yVWIvd3ZCTHlIYzB4RTVYUT0=',3,'2020-11-24 05:40:28','2021-01-17 21:52:32',NULL,0),(97,'send mail jobseeker','yanlynn2021@gmail.com',3,1,'$2y$10$Li/ReLG9v5iGUzg0BR3aBuTvRTGuHZDdWctXAeO/kdYpE1WSnlGo.',0,NULL,NULL,1,'2020-11-30 20:51:10','2021-01-17 21:52:32',NULL,0),(98,'eimohmohaung.ei@gmail.com','eimohmohaung.ei@gmail.com',3,0,'$2y$10$siT8jdC4ozmuEeCIXxqPR.QjzjCUzVPBxmotnfioMEyCa8Kb60bua',0,NULL,NULL,1,'2020-12-01 18:31:34','2021-01-17 21:52:32',NULL,0),(99,'Thuzar Japan Local','thuzar.ts922@gmail.com',2,0,'$2y$10$g0NU.UVcFDOcKANT1h.5SOW5tnX6Kx.H/132bbSV/eoANmpEtEBG2',0,NULL,NULL,1,'2020-12-03 18:46:44','2021-01-17 21:52:32',NULL,0),(100,'Gg','dd@gmail.com',3,0,'$2y$10$nJuI2Lo.ZKgt0JToCX7OaOW.IZtkMztNg4IpDT9eeiVG9ZarhxvTS',0,NULL,NULL,1,'2020-12-03 23:26:49','2021-01-17 21:52:32',NULL,0),(101,'zinko','crzycrzy15@gmail.com',3,1,'$2y$10$zDWhJBdgRyZPwamH0o5.bOJSyORBILdsTnHz0mXWxBRB2BXmWuZaW',0,NULL,NULL,1,'2020-12-06 23:48:42','2021-01-17 21:52:32',NULL,0),(102,'zkm','crzycrzy13@gmail.com',2,1,'$2y$10$RKetDtQXig.qJZpzKpWH1uD2uTbU4DaqyeX9Ebf9RGuXMfM/gnbPe',0,NULL,NULL,1,'2020-12-06 23:53:58','2021-01-17 21:52:32',NULL,0),(104,'mpm_fifth@outlook.jp','mpm_fifth@outlook.jp',3,0,'$2y$10$rdDZg7uWNXvRliBBeiZmouxdFhNCjZsmxG215hvwELKNsoJDy49.K',0,NULL,NULL,1,'2020-12-07 19:55:36','2021-01-17 21:52:32',NULL,0),(105,'mpm.third@gmail.com','mpm.third@gmail.com',3,0,'$2y$10$4bJ0aw0c/TtqyTqN2Mbo4OjOsJSj8w6NdL8zUCL2LI.0zg7B9OmlK',0,NULL,NULL,1,'2020-12-07 20:08:08','2021-01-17 21:52:32',NULL,0),(106,'mpm.zero@gmail.com','mpm.zero@gmail.com',2,0,'$2y$10$ipyM5vJXCR8P18YhCMXbgeLluFDXrARmemEtFq8TMP8jO6YIYPCzC',0,NULL,NULL,3,'2020-12-07 21:41:32','2021-01-17 21:52:32',NULL,0),(107,'mpm_first@outlook.jp','mpm_first@outlook.jp',2,0,'$2y$10$pMN6dmT4AicLPtSVDVaMaOssrCkf9bbU2i2KBATYsNpIiOVglyqsq',0,NULL,NULL,3,'2020-12-07 21:41:58','2021-01-17 21:52:32',NULL,0),(108,'mp.eccube','mpm.eccube@gmail.com',2,0,'$2y$10$JTsa8z8UJeAjJnBb6CwTbeZJcrQA9HHEChX89InkxW4L.6s24vhHS',0,NULL,NULL,1,'2020-12-07 21:46:36','2021-01-17 21:52:32',NULL,0),(109,'mp.mp.devl@gmail.com','mp.mp.devl@gmail.com',2,1,'$2y$10$rtCWBRpMG3Xe1hYn2IqJX.gXsMBIdjURrVEYFqnDA.j5xZ5sMx6Pu',0,NULL,NULL,3,'2020-12-07 21:56:05','2021-01-17 21:52:32',NULL,0),(110,'mpm.zero@gmail.com','mpm.zero@gmail.com',2,1,'$2y$10$j5jIzJ4unBTkiEeSrmellOsQ9WYvIcuaVd1AL0Fcapt1o97ALeuRi',0,NULL,NULL,3,'2020-12-07 22:12:34','2021-01-17 21:52:32',NULL,0),(111,'mpmpvl','mp.mp.devl@gmail.com',2,1,'$2y$10$gzGCTKKBOC8zCJ9GNp9.UeEnm5prM5QHKfSL/o6PrqLtH7zgcddE6',0,NULL,NULL,3,'2020-12-07 22:19:42','2021-01-17 21:52:32',NULL,0),(112,'mpm_first@outlook.jp','mpm_first@outlook.jp',2,0,'$2y$10$D5jTUReeiquSoX9hxt61huCddfcBgZNaqXZZYzFoP5brZUwcGfkpq',0,NULL,NULL,1,'2020-12-11 01:33:17','2021-01-17 21:52:32',NULL,0),(113,'mpm.second@gmail.com','mpm.second@gmail.com',3,0,'$2y$10$BQcjeOndWFKDYjphP2c/6ePuVe2ORxWqJHCgzyFSaOSRN7aK5CC5C',0,NULL,NULL,1,'2020-12-11 01:39:56','2021-01-17 21:52:32',NULL,0),(114,'waizin conquerorpts.mdy@gmail.com','conquerorpts.mdy@gmail.com',3,1,'$2y$10$QP5vrbRVGi3Bmqc5TBpCiO..UkLIruJTM5jjTmFqSDqss8kTWI2D.',0,NULL,NULL,1,'2020-12-14 23:51:43','2021-01-20 22:02:57',NULL,0),(115,'Thuzar','myatwoon.sky@gmail.com',2,1,'$2y$10$foqmSKcJSiaGuybZoZ5HZ.6SJHWG3yeWlZqUv2jYZPMDsRwn7XrEq',0,NULL,NULL,3,'2020-12-16 00:22:04','2021-01-25 18:05:59',NULL,0),(116,'Thuzar only country','onlycountry@gmail.com',3,0,'$2y$10$4s5.aaPcN2AJ9ZOX/z/CF.mE7p2Ytr.e1TEfb6u3ESTtnT.tG6bTW',0,NULL,NULL,1,'2020-12-20 22:47:31','2021-01-17 21:52:32',NULL,0),(117,'Only Country','countryonly@gmail.com',3,1,'$2y$10$kQvImH7OdH0G0euVb02oJ.eOMMx4USY5egbRSSdmwfgyCdkv12QK6',0,NULL,NULL,1,'2020-12-20 22:54:24','2021-01-17 21:52:32',NULL,0),(119,'','management-partner@gmail.com',3,0,'$2y$10$Kr3jLEnEeEgyTq8RLfa.fOeF3EArqbeTDyuq85t4eHJ5G76w5hkXe',0,NULL,NULL,1,'2020-12-20 23:27:11','2021-01-17 21:52:32',NULL,0),(120,'','ssda@gmail.com',3,0,'$2y$10$AjQA6qxo9HNYqboMXFu7WuVcgXsBnYW53artzCvh5ZT0BRMiBVNUK',0,NULL,NULL,1,'2020-12-21 00:53:33','2021-01-17 21:52:32',NULL,0),(121,'Su Sandy','ssda565@gmail.com',3,0,'$2y$10$/vrVlavk4N.ZTWlsP9dgB.uVwLY3wProz12uJKMVSqaCFGrC4Mw8a',0,NULL,NULL,1,'2020-12-21 01:11:55','2021-01-17 21:52:32',NULL,0),(122,'Testing','ssda565@gmail.com',2,0,'$2y$10$90JGQM9gvwefL4vdenn2DugVIVZEyqp/1euNtuisv7tKmAYoGdXpG',0,NULL,NULL,1,'2020-12-21 16:45:01','2021-01-17 21:52:32',NULL,0),(123,'Thuzar Testing','thuzar.ts@gmail.com',2,1,'$2y$10$u7SaW2RJIGeW75m435zblOmSYjDPKuPCX/v7YdFpVmnCvjldr6E6W',0,NULL,NULL,1,'2020-12-23 23:18:11','2021-01-17 21:52:32',NULL,0),(124,'Thuzar MPM','waizin@management-partners.co.jp',2,1,'$2y$10$uf9PM104z8bPB.8s39CWWep0z/tOUFxUvozFcIa2WvOlZ/qXkzNXW',0,NULL,'UGZjSC8zRkdKUi9lUHdmYWFaVGI1QT09',3,'2020-12-23 23:42:03','2021-01-17 21:52:32',NULL,0),(125,'Thuzar','waizin@management-partners.co.jp',2,1,'$2y$10$PtHJsYPnkCUgjK1/n.GmpeZquiHLqAQ7uZd0zM6WciPfh14wtAMT2',0,NULL,NULL,1,'2020-12-23 23:45:48','2021-01-17 21:52:32',NULL,0),(126,'Thuzar mpm','thuzar@management-partners.co.jp',2,1,'$2y$10$aPynqUGz1iWJJf1LGvjW9.pfDgOlMXAPizljliHfqAmP1a3Zs/.Ta',0,NULL,NULL,3,'2020-12-24 01:18:23','2021-01-17 21:52:32',NULL,0),(127,'Thuzar MPM','thuzar@management-partners.co.jp',2,1,'$2y$10$/pgu/wW4J0YyTOC.DPcEYu/eiDOC74Pl5hLLldDZqr8mk4nrs9o3.',0,NULL,NULL,3,'2020-12-24 01:30:00','2021-01-17 21:52:32',NULL,0),(129,'Yan Lynn Aung (safari)','yanlynn2021@gmail.com',2,1,'$2y$10$hMuAFHxr8NC.sXPrsD8r2eUNAfc0mpGrF8tXtkJCHjak.o1yVIvKG',0,NULL,NULL,2,'2020-12-29 22:14:42','2021-01-17 21:52:32',NULL,0),(130,'Yan Lynn Aung (jobseeker)','yan.lynn1991@gmail.com',3,1,'$2y$10$Lhnp4XzyhrsJbas18Eo5HuG3LydGL7Qxw2Brob6ifd.yrmR/5.oim',0,NULL,NULL,1,'2020-12-29 22:33:20','2021-01-17 21:52:32',NULL,0),(131,'mp.mp.devl','mp.mp.devl@gmail.com',3,1,'$2y$10$tDi7Wada1RnR6eRwYIa8cugMU.IJRjyOfFj/W248tNdMk0ALwZOEC',0,NULL,'OEwwWEtCdjJVWkkrMmJrTGdVb0hHQT09',1,'2021-01-09 21:15:54','2021-01-26 15:10:54',NULL,0),(132,'mpm.zero','mpm.zero@gmail.com',3,1,'$2y$10$enuRuJYOZIvu7kTWthrLMuXtJ4LEAS7kisBNXXAx.hRSXxBOXrjNG',0,NULL,NULL,3,'2021-01-09 21:18:29','2021-01-17 21:52:32',NULL,0),(133,'mpm_first@outlook.jp','mpm_first@outlook.jp',3,1,'$2y$10$h261rtnQyoxLLUo18wE0/eLrKeOqg4RLxSA3KD2fSLCaJ0S.vxdT2',0,NULL,NULL,3,'2021-01-09 21:40:33','2021-01-17 21:52:32',NULL,0),(134,'mpm.zero','mpm.zero@gmail.com',2,1,'$2y$10$oS.6cc2oWlXYWz/17A6ceuqTBbz7IVHaEm9OtPPOJLHdwaCjnuVBq',0,'0000-00-00 00:00:00','MUdZVFlJR2RVQURVNXk2REVQTzMwUkdLb2dwZTRiRzFhQzR2anY4OTU3QT0=',1,'2021-01-09 23:06:50','2021-01-17 21:52:32',NULL,0),(135,'mpm_first@outlook.jp','mpm.zero@gmail.com',3,1,'$2y$10$7cdI1Di5mH5qDnbeUPM58e/sr0QKsiqkUMNXk.d9JDoFJuzgF1IiK',0,NULL,'UGZjSC8zRkdKUi9lUHdmYWFaVGI1QT09',1,'2021-01-10 22:09:05','2021-01-17 21:52:32','{\"timezone\":\"Africa\\/Bangui\",\"offset\":\"+01:00\"}',0),(136,'mpm.third@gmail.com','mpm.third@gmail.com',2,1,'$2y$10$p3y7u70ak.k.zpeD.ghHQeJvDdAIDD2qD4YyLmznuOV05XVwvMwBe',0,NULL,NULL,3,'2021-01-10 22:46:37','2021-01-17 21:52:32',NULL,0),(137,'mpm.third@gmail.com','mpm.third@gmail.com',2,1,'$2y$10$Nv73s5YRVDUWgBjE634hYuFisz4lVuKTjzx18623zb2dqM8vRI2lm',0,NULL,NULL,1,'2021-01-10 22:52:13','2021-01-25 15:22:10',NULL,0),(138,'','zinwahwahhtun2006@gmail.com',2,1,'$2y$10$mHCxRYrCA0Ghn2TYMLR00OtfSA5ZeZtfqjS6sVzGkOamESqPAGb7.',0,NULL,'OEwwWEtCdjJVWkkrMmJrTGdVb0hHQT09',1,'2021-01-14 19:34:16','2021-01-26 19:43:03',NULL,0),(139,'Thuzar mpm','thuzar@management-partners.co.jp',2,1,'$2y$10$QnQpb0dD0vt5.uKYykz1uuJ/0ciF8QT/YhEuckikJ7edAjSTBKRTS',0,NULL,NULL,1,'2021-01-18 00:48:16','2021-01-18 00:58:26',NULL,1),(140,'wutmone','monelay.flower@gmail.com',3,0,'$2y$10$oEVb4UrVvpNtSm9uwOGUquJmKWJiF34yXuY279dM.F8U.DY0S6y96',0,NULL,NULL,1,'2021-01-21 17:38:14','2021-01-21 17:38:14',NULL,1),(141,'eimohmohaung.ei@gmail.com','eimohmohaung.ei@gmail.com',3,0,'$2y$10$vmGbmKAjyRi9wLKUnpfC/eV5xEQBqMgdRzVTb7ctxXYb/apWPFC/u',0,NULL,NULL,1,'2021-01-21 21:46:33','2021-01-21 21:46:33',NULL,1),(142,'Thuzar MPM','thuzar@management-partners.co.jp',3,1,'$2y$10$vdBJ7I8SOIHzgiPaLT2wlOGfcdzJMMfc/EInqCp7s1V9QYly5mS4y',0,NULL,NULL,1,'2021-01-21 22:27:57','2021-01-22 00:19:31','{\"timezone\":\"Asia\\/Yangon\",\"offset\":\"+06:30\"}',1),(143,'mp.mp.devl@gmail.com','mp.mp.devl@gmail.com',2,1,'$2y$10$nVt.0McrMlkDY4mZaMjGGe/yA14mOZo0JrPtlKO1/8DjGcx3askyS',0,NULL,'OEwwWEtCdjJVWkkrMmJrTGdVb0hHQT09',1,'2021-01-22 22:26:22','2021-01-26 15:11:41',NULL,1),(144,'Myatwoon sky','myatwoon.sky@gmail.com',2,0,'$2y$10$V4GtcHjp3sYzpNY.X5RtBO3Azksmqr1hLs.LDTgppWWkwq4E.fv5O',0,NULL,'UGZjSC8zRkdKUi9lUHdmYWFaVGI1QT09',1,'2021-01-25 18:08:34','2021-01-26 20:10:48',NULL,1),(145,'ThuzarThaungSein','thuzarthaungsein@gmail.com',3,1,'$2y$10$mupvYaU6qgJuEiqC308xc.9.qqoBdr/Lh1ChLvOOg5bNZG4Z99mJ2',0,NULL,NULL,3,'2021-01-26 00:48:50','2021-01-26 00:51:31',NULL,1),(147,'Thuzar Thaung Sein','thuzarthaungsein@gmail.com',3,1,'$2y$10$QtO5HGlodYRt93gl8KNf1uf21kSJw0XKCC72bXhabI01o7YpNGQKG',0,NULL,NULL,1,'2021-01-26 00:52:30','2021-01-26 00:53:47',NULL,1),(148,'Thuzar Thaung Sein','thuzarthaungsein@gmail.com',2,1,'$2y$10$85bTt9nDVKtvIE.v2NW2f.zWCiR3gNq5I6F2n5cV5S9htGxdb8MyG',0,NULL,NULL,3,'2021-01-26 00:54:50','2021-01-26 00:57:21',NULL,1),(150,'THUZAR','myatwoon.sky@gmail.com',2,1,'$2y$10$tiNvEkvlimr9vBOamaFgMuSBe9hhNil61cBdLbrl26cIpSTsdlqLK',0,NULL,'UGZjSC8zRkdKUi9lUHdmYWFaVGI1QT09',1,'2021-01-26 00:58:37','2021-01-26 20:21:43',NULL,1),(151,'mpm_second@outlook.jp','mpm_second@outlook.jp',2,1,'$2y$10$HAQJ3ZugqWBbUeQiD6y5/O3tvoXmd3DdhAcANY5sYoeOkUVIVoIyu',0,NULL,NULL,1,'2021-01-26 17:41:32','2021-01-26 17:42:09',NULL,1),(152,'may','mayforever2006@gmail.com',2,1,'$2y$10$CF.96KiFeeLWtVntRt0MAeNve3uI5hz2aq850GhObNa3cZc6I6Fmy',0,NULL,NULL,1,'2021-01-26 19:37:57','2021-01-26 19:38:10',NULL,1),(153,'Beatae in libero con','zayarpn7@gmail.com',3,1,'$2y$10$hQPCAYCeh1Rmh6z0OCXhWuMDEF/vobOsdsowOhJx6Us3apwtrLmyi',0,NULL,NULL,1,'2021-01-26 22:08:30','2021-01-26 22:10:57',NULL,1),(154,'Daniel Simmons','zayarpn@management-partners.co.jp',2,1,'$2y$10$l3WBRzErQqUcspQQZ0NAL.oN/BBq4DUmVqpBSlYfFmtnw2mo8g.hq',0,NULL,NULL,1,'2021-01-26 22:35:59','2021-01-26 22:37:22',NULL,1);
/*!40000 ALTER TABLE `users` ENABLE KEYS */;
UNLOCK TABLES;
/*!40103 SET TIME_ZONE=@OLD_TIME_ZONE */;

/*!40101 SET SQL_MODE=@OLD_SQL_MODE */;
/*!40014 SET FOREIGN_KEY_CHECKS=@OLD_FOREIGN_KEY_CHECKS */;
/*!40014 SET UNIQUE_CHECKS=@OLD_UNIQUE_CHECKS */;
/*!40101 SET CHARACTER_SET_CLIENT=@OLD_CHARACTER_SET_CLIENT */;
/*!40101 SET CHARACTER_SET_RESULTS=@OLD_CHARACTER_SET_RESULTS */;
/*!40101 SET COLLATION_CONNECTION=@OLD_COLLATION_CONNECTION */;
/*!40111 SET SQL_NOTES=@OLD_SQL_NOTES */;

-- Dump completed on 2021-01-28 12:30:42
